{"type":"FeatureCollection","features":[{"type":"Feature","id":173,"geometry":{"type":"Polygon","coordinates":[[[-117.77150166277852,34.004714619740831],[-117.78501782177777,34.00482067982275],[-117.80271804637418,33.975610008616457],[-117.80258748279756,33.96824759349753],[-117.79375860702027,33.968096124090614],[-117.79378833655977,33.964640863560639],[-117.79351502322996,33.964520481620923],[-117.79337556456164,33.964210321438706],[-117.79335197432533,33.963813904693993],[-117.79328558871568,33.963514174521571],[-117.7930383184797,33.963339997188896],[-117.79262971013223,33.963324755209044],[-117.79197226484368,33.963457107654193],[-117.79150511058279,33.963714936282557],[-117.79078874948841,33.963867839310034],[-117.79007702409044,33.963776518365457],[-117.78897631968304,33.963390733554952],[-117.78846219598537,33.963315081645952],[-117.7881306611731,33.963409532584095],[-117.78783571941243,33.963621068233742],[-117.78751790565661,33.963956732558884],[-117.78737031824723,33.964395754329914],[-117.78740484605967,33.964902295077557],[-117.78763020837643,33.965471426553862],[-117.7876453441484,33.965703378815128],[-117.78693691269207,33.96673204984036],[-117.78657620593546,33.967166923205689],[-117.7864826840979,33.967528648636701],[-117.78647560905605,33.967860196823061],[-117.78678834441203,33.968980038697069],[-117.7869433535155,33.969478208826708],[-117.78723621599079,33.969956509155438],[-117.78728962849091,33.970253458462366],[-117.78719689433404,33.970587845976674],[-117.78680658803269,33.970883200563044],[-117.78632195322076,33.971026233019238],[-117.78578950134118,33.970907661393674],[-117.78554867075769,33.970733613155289],[-117.78486042057406,33.969881499408572],[-117.78430997490091,33.969404381763361],[-117.7837383669989,33.969254323417793],[-117.78315180670224,33.969172712550858],[-117.78249920208472,33.969136611863277],[-117.78169958944396,33.969168617525732],[-117.78069688584797,33.969103128539658],[-117.78039944258862,33.969138751685229],[-117.78011241915567,33.969260255340792],[-117.77966935202554,33.969621340820908],[-117.77895736150315,33.970464166289275],[-117.77818334307739,33.971118370239807],[-117.77798554127412,33.971417454477958],[-117.77800089894572,33.971604310004132],[-117.77823043465119,33.971988700470995],[-117.7782724916276,33.972224835407459],[-117.77802136383546,33.97310821579098],[-117.77783044711359,33.973395595056175],[-117.77778405723468,33.973697931117925],[-117.7778205950396,33.974166445351671],[-117.77778437065801,33.974913416659149],[-117.77793082974949,33.975791871260654],[-117.77774563877239,33.976097682658768],[-117.77720433946945,33.976677800174201],[-117.77682361741886,33.976901149026268],[-117.77626856111567,33.976893977132619],[-117.7757045915987,33.977012013764501],[-117.77550237290264,33.977196313891582],[-117.77536431279125,33.977485866570149],[-117.77513953684523,33.977779910424218],[-117.77483751640116,33.978012123680379],[-117.77449195098653,33.978133594422125],[-117.77417684681396,33.978332028928513],[-117.77402551782696,33.978594244776005],[-117.77384635723467,33.979262582168751],[-117.77384545868253,33.980218494804497],[-117.77365775853312,33.980618662238633],[-117.77340474147353,33.98072023953123],[-117.77266578259876,33.980708602084825],[-117.77212972984178,33.980759239169366],[-117.77156550317096,33.980878099973481],[-117.77125223269191,33.981010905268576],[-117.77096273938506,33.981260270718693],[-117.7707320393834,33.981529957980094],[-117.77071284445289,33.981676686258218],[-117.77070028594646,33.981773660194484],[-117.77105528197754,33.982157693175601],[-117.77127179449199,33.982541542600337],[-117.77142466954666,33.983070399561065],[-117.77187836494417,33.983793399405798],[-117.77196729172996,33.984250562603421],[-117.77196078183712,33.984559861111229],[-117.77189351650109,33.984911925537865],[-117.77191223195219,33.985279506527448],[-117.77210496261284,33.985546478536655],[-117.77305851462711,33.98632435756398],[-117.77395060453161,33.98689388005733],[-117.77436701561064,33.987220204454147],[-117.77482272412516,33.987525022344798],[-117.7752738379772,33.987729426443565],[-117.77542027126944,33.987989299602837],[-117.77532606137775,33.988373527292289],[-117.77513773222611,33.988832578082892],[-117.77506433028773,33.989173829164045],[-117.77488595106489,33.989472433307164],[-117.77447448244698,33.989858360323169],[-117.77428144300343,33.990213633977476],[-117.77430434377293,33.990668355210659],[-117.77447845065554,33.991176766757562],[-117.77496281444169,33.991696877348666],[-117.77511517704903,33.991980246826259],[-117.77506940822714,33.992259779355877],[-117.77495306276597,33.992468582269488],[-117.77474287656064,33.992705967874443],[-117.77446865685218,33.992868577320095],[-117.77400937104041,33.993030927548517],[-117.77345156671879,33.993154134204907],[-117.77298485913346,33.993350723634002],[-117.77280443389027,33.993755828709311],[-117.77304473755552,33.994221285556691],[-117.7733300420327,33.994505577434232],[-117.77386451736629,33.994827155166],[-117.7742708089787,33.995279529283486],[-117.77456207049531,33.995857011315955],[-117.77460100134402,33.996204112968286],[-117.77456038876613,33.996564877108007],[-117.77426708832706,33.996983824896311],[-117.77386219596922,33.9973701529441],[-117.77360186798194,33.997806937901373],[-117.77371811285363,33.998213893577123],[-117.77405515647082,33.998511881983475],[-117.77454552282214,33.998749742204978],[-117.7749293820966,33.999031171999953],[-117.77500664935074,33.999405228471907],[-117.77484301188434,33.999640992629523],[-117.77419896384094,34.000132550644622],[-117.77410447079707,34.000375871250597],[-117.77366603434784,34.00114114166967],[-117.77297239515752,34.00174077827576],[-117.77197154770607,34.003128797029042],[-117.77180395933348,34.003929777730391],[-117.77150166277852,34.004714619740831]]]},"properties":{"SHAPE.AREA":8069082.2166961804,"SHAPE.LEN":14179.6025352829,"OBJECTID":173,"HRC":"SC","HBPA":"SA","RBU":4845,"HR":4,"RB":8,"HU":45,"HRNAME":"South Coast","RBNAME":"Santa Ana","HBPANAME":"Santa Ana","HUNAME":"SAN GABRIEL RIVER","IDNUM":"4845"}},{"type":"Feature","id":170,"geometry":{"type":"Polygon","coordinates":[[[-116.93380908878345,33.974422808075374],[-116.93430430767646,33.974443508059274],[-116.93478479211784,33.97458104192679],[-116.93535131063072,33.974664805952045],[-116.93688457880309,33.974631988026509],[-116.93765733599291,33.974666353612413],[-116.93818752523248,33.974535460699428],[-116.93881910038735,33.974267486185241],[-116.93968694929553,33.97408337989512],[-116.94077303600025,33.973969110304857],[-116.94238207162407,33.973683174173026],[-116.94321934317956,33.973449449237187],[-116.94424933922367,33.972992027326967],[-116.94748467044039,33.97141919712827],[-116.94894703821646,33.970356005325627],[-116.9500005401749,33.969287447728505],[-116.95093095052056,33.968077453381802],[-116.95228770463625,33.966610269301192],[-116.95367355990695,33.96534312228512],[-116.95454406583599,33.964604212917266],[-116.95620165589136,33.963306272769415],[-116.95867326262768,33.961502674066885],[-116.96120211036522,33.959422336839346],[-116.96362354170198,33.957360189715651],[-116.96590128857585,33.955689937666783],[-116.96788250108675,33.95438353618173],[-116.97127039312318,33.95223932319206],[-116.97253886409301,33.951337809782032],[-116.97310163622676,33.950799741209309],[-116.97472444231613,33.948725107263286],[-116.97519330840264,33.947847936010419],[-116.97543984805463,33.947257456191529],[-116.97614526380337,33.945960915369625],[-116.97675932224716,33.944682815430255],[-116.97707927775303,33.943560386501623],[-116.97718879323214,33.942448137881193],[-116.97697266000539,33.941026159958049],[-116.97649330503502,33.939898509194393],[-116.97594668434763,33.938912571742549],[-116.97516013711585,33.938089654298963],[-116.97441606554594,33.937482658464404],[-116.97385888869114,33.936799456570675],[-116.97265777037397,33.934089177871513],[-116.97171594315581,33.932659541496946],[-116.97167278968706,33.931259951221072],[-116.97178360112858,33.93000035643275],[-116.97178596394114,33.92932407753225],[-116.97172479698988,33.927982842716794],[-116.97130448173769,33.927193102126786],[-116.97103636328499,33.926490604266299],[-116.9701264479732,33.92331701542151],[-116.96982628699982,33.922763114781311],[-116.9697185254045,33.922395261912868],[-116.96989494813117,33.922141507972974],[-116.97047835931627,33.921599944030476],[-116.97065461246535,33.921318712816714],[-116.9709197464301,33.920492729610594],[-116.97142590450032,33.91919828147455],[-116.97150868237264,33.918730552101081],[-116.97149951240308,33.918318253162042],[-116.97115902368607,33.917638076530437],[-116.97078001742693,33.917123049875471],[-116.97037531669669,33.91671258598258],[-116.96942158029472,33.916007833712271],[-116.96881798797085,33.915416865974919],[-116.96823948359373,33.914616858734441],[-116.96784655001534,33.913975432980827],[-116.96786492826206,33.913749923588398],[-116.96800881309319,33.913567796730582],[-116.96817956927076,33.913462538763916],[-116.96900162093205,33.913145270406403],[-116.9692641856234,33.912962593422051],[-116.97061106495188,33.911067774413496],[-116.97109060466106,33.910780915192547],[-116.97199502377808,33.90990406191473],[-116.97259709993457,33.909771251018157],[-116.97307103834645,33.909886501176103],[-116.97351624475451,33.910204223659832],[-116.97527093269653,33.911559843458988],[-116.97601333853932,33.912230236677992],[-116.97688856571415,33.912937965567608],[-116.97755281109855,33.913929904898367],[-116.97789307813365,33.914649907827418],[-116.97886140465009,33.915213258514854],[-116.98029347629257,33.915222568049458],[-116.9818008494574,33.915128166663571],[-116.98306779937073,33.91517619434341],[-116.98637708165114,33.915489539738601],[-116.98707752959487,33.91541987534422],[-116.98774140374736,33.915173914961244],[-116.98837149568458,33.914998644092265],[-116.98886249809934,33.914826723805838],[-116.9891023585062,33.914698639517837],[-116.98943098343462,33.914360893175342],[-116.9896975160628,33.914153131777276],[-116.98991645368503,33.914085087814165],[-116.99075502654848,33.914081077711657],[-116.99210987543914,33.914013206619508],[-116.99274199381878,33.914113123663206],[-116.99297519189223,33.913954944941608],[-116.9932048626799,33.913578489311803],[-116.99348762031546,33.912349270949782],[-116.99367114506401,33.911959178340751],[-116.99407496187663,33.911892063024517],[-116.99469443324038,33.91198625928407],[-116.9954597559618,33.912004535124581],[-116.99681053822334,33.912185426140041],[-116.99726856767747,33.912426721818285],[-116.99788801244217,33.91301056443185],[-116.99852889784675,33.913422695380227],[-116.9990456616365,33.91369344907838],[-116.99946597160464,33.913851417261327],[-117.0003875956355,33.914081548497663],[-117.00062335473606,33.91419405333788],[-117.00072503221224,33.914507937358906],[-117.00071788521583,33.914954292757677],[-117.00095225776958,33.916047471067429],[-117.00126074958989,33.91644462442477],[-117.00159857530767,33.916976766429684],[-117.00175009952866,33.917287455531692],[-117.00205941207348,33.918232649043119],[-117.00214972128771,33.918927095934656],[-117.00233771761576,33.919425372327389],[-117.00255352892349,33.919779210881273],[-117.00287633277195,33.920137846707377],[-117.00323854895336,33.920455787162851],[-117.00369146581789,33.920584151453163],[-117.00414922523738,33.920469095785052],[-117.00461545877712,33.920273067364299],[-117.00590285960413,33.91995320386188],[-117.00657425923694,33.919713818003203],[-117.00722188925396,33.919664345588828],[-117.00769080862776,33.919968731269968],[-117.00842095470568,33.920088320222924],[-117.00912316672998,33.919946128877079],[-117.00975489174053,33.920031233034045],[-117.01027472463046,33.920392221747683],[-117.01075932783814,33.920845298870297],[-117.01136557883841,33.921211085493027],[-117.01190403740118,33.921330100695776],[-117.0125050175228,33.921316855788227],[-117.01308168342966,33.92123112281444],[-117.01351169991688,33.921447078137994],[-117.01372359911845,33.921708881577331],[-117.01419744803744,33.922116564760358],[-117.01445087160702,33.922281082511077],[-117.01464400553395,33.922520683897261],[-117.01507101540516,33.922906275424509],[-117.01560360824486,33.922985085017821],[-117.01678872992579,33.92280420270977],[-117.01769066813276,33.922610558434762],[-117.01848482009807,33.922495236740808],[-117.01889595449897,33.922549156575094],[-117.01917745258962,33.922830823377971],[-117.01958016986812,33.923117367260978],[-117.01996546437125,33.922995822344745],[-117.02088977478955,33.922988496212078],[-117.02146674034603,33.923155269173002],[-117.02194572897622,33.923624201918564],[-117.02195524316676,33.924116082550789],[-117.02163560861672,33.92453251899434],[-117.02164219440682,33.92481515951971],[-117.02173898327423,33.924947364572141],[-117.02228586594644,33.925301927217113],[-117.02267409022176,33.925973151230764],[-117.02308639303826,33.926140109659812],[-117.02393841301759,33.926410505457412],[-117.02422459888993,33.926568523257387],[-117.02475256541724,33.926600391584614],[-117.02544188174699,33.926773759511278],[-117.02591335961986,33.927237968267555],[-117.02661247697907,33.928184534746372],[-117.02701557272256,33.928453010023354],[-117.02773010904298,33.928414775878416],[-117.02879551980506,33.928281386040304],[-117.02981740938063,33.928324180281429],[-117.03062354639407,33.928242339680295],[-117.03136985406515,33.92822238892181],[-117.03193338736622,33.928108838977678],[-117.03247514809972,33.928115943639028],[-117.03365741581972,33.92835427917543],[-117.03403638397471,33.928239579149782],[-117.03415711418535,33.928157878370214],[-117.03427037841469,33.927797470346583],[-117.03449034773874,33.927387139633311],[-117.03498782527373,33.926960935797268],[-117.03567931709395,33.926987153070854],[-117.03665032359361,33.92728675057446],[-117.03759614629904,33.927482820693108],[-117.0378672321891,33.927755982207565],[-117.03792608243285,33.928098321500393],[-117.03790087425976,33.928680330131968],[-117.03765910381129,33.929212709285231],[-117.03805135369147,33.929690040590771],[-117.03851689931597,33.930116259666107],[-117.03883795529067,33.930526908342664],[-117.03920601755665,33.930928028298737],[-117.03980177400938,33.931750883546655],[-117.04023826132735,33.932050069223436],[-117.04088709404192,33.932242016362352],[-117.04112491463292,33.932563922585196],[-117.04121687969959,33.932907119693333],[-117.04144642789377,33.933278411603503],[-117.04193819547244,33.933411323902206],[-117.04278679007633,33.933578566335441],[-117.04299283477222,33.933801250349013],[-117.04310878471462,33.934227406319536],[-117.04334474078676,33.934626773921281],[-117.04406818765023,33.935363842050599],[-117.04461287766472,33.93613460947045],[-117.04479784666738,33.936170988863566],[-117.04526349761724,33.93598126659051],[-117.04631784817161,33.935457279302291],[-117.04670238906813,33.935066999902816],[-117.04723110090922,33.934699897843132],[-117.04782898739232,33.934834690186626],[-117.0480116408353,33.935240828455235],[-117.0480358942838,33.935668809083296],[-117.04821195375276,33.936052219058347],[-117.04850297516455,33.936308983536648],[-117.04902459731355,33.936657967459048],[-117.04949202788522,33.936718868954486],[-117.04986838456719,33.936691724802394],[-117.05032490773611,33.936637600247522],[-117.05122668678122,33.936458890695221],[-117.05149460974745,33.936583109566698],[-117.05167934299897,33.936916305313616],[-117.05188564420793,33.93715081972563],[-117.05243672210526,33.937290561705112],[-117.05266785583058,33.937276528168269],[-117.05295106173941,33.937308420643198],[-117.0530522171953,33.937497644164409],[-117.05296681083982,33.937820158930251],[-117.05282811879627,33.938111420579816],[-117.05285795734868,33.938589421464307],[-117.05296559860956,33.938805026833698],[-117.05335045619279,33.939048710283359],[-117.05428143688754,33.939302847702614],[-117.05468370130339,33.939371072401812],[-117.05518348678005,33.939399239994721],[-117.05559649082394,33.939559903959683],[-117.05586362280324,33.939732565668699],[-117.05627670641341,33.939828128444866],[-117.05658223530048,33.939760204418796],[-117.05685132943105,33.939545340338313],[-117.05726516923828,33.939292767363092],[-117.0577887320254,33.939218641437719],[-117.05824342803031,33.939240585535778],[-117.05878175739733,33.939396019406821],[-117.05936893351469,33.939384143321007],[-117.05973711101922,33.939141095193641],[-117.06013235705139,33.938552312085555],[-117.06044163525425,33.938265452788386],[-117.06108704529559,33.938078355973317],[-117.0615597007905,33.938172594690229],[-117.0619851649415,33.938343995056542],[-117.06220516754119,33.938566152237762],[-117.06234855836328,33.938965928796883],[-117.06238206302808,33.939256292436212],[-117.06252538670601,33.939648991331467],[-117.06272356878057,33.939967014812282],[-117.06297058449192,33.940135759001429],[-117.06410488409554,33.940189308993915],[-117.06476219817593,33.940319041473494],[-117.06509509472177,33.940506346820193],[-117.06557949347717,33.940657843265818],[-117.06605410478501,33.940735763985487],[-117.06651930787275,33.940885042959913],[-117.06761116125131,33.941380307121555],[-117.06882270403149,33.942150370725493],[-117.06908110613294,33.942423122256493],[-117.0692157926471,33.942612380618989],[-117.06914133627465,33.942723222930091],[-117.0690980274249,33.942897141768356],[-117.06915710065832,33.943519369303779],[-117.06936216884323,33.943825992070984],[-117.06967904850504,33.944127312123328],[-117.0700126510864,33.944296312684664],[-117.07096743222132,33.944404059408626],[-117.07210295034632,33.944398943218452],[-117.07260016009808,33.944588478983661],[-117.07315271507819,33.945009485065469],[-117.07352152680565,33.945360881220623],[-117.073648988427,33.945608581565835],[-117.07375139143087,33.946057715975016],[-117.0738748032274,33.946168276904508],[-117.07424408309912,33.946196677072543],[-117.07457899617329,33.946266735824352],[-117.07477982906036,33.946451462482806],[-117.07503989474557,33.946972318316817],[-117.07560246255294,33.947508009835083],[-117.07582764318231,33.947792561613305],[-117.07614471649588,33.948117271811313],[-117.0764896011173,33.948302040937698],[-117.07666117555016,33.948344525108361],[-117.07686786017948,33.948225236487929],[-117.07718751852768,33.947812319303168],[-117.0774945279873,33.947613605537242],[-117.07779137590437,33.947606862116935],[-117.07823805533641,33.947728274027988],[-117.07858737350242,33.947766270241203],[-117.07918895027858,33.947714093230253],[-117.07986752316063,33.947774655623867],[-117.080250394817,33.947773772486975],[-117.08128182179836,33.948041843247999],[-117.08182741764297,33.94814970797573],[-117.08234925570044,33.948122531164259],[-117.0834053837811,33.948446450795991],[-117.08370575262133,33.948637371120128],[-117.08381927626553,33.948869164834434],[-117.08461018814235,33.94987265884064],[-117.08477348941376,33.950287262661199],[-117.08507820948807,33.950864489064976],[-117.08527865180768,33.951087794070808],[-117.08549853727497,33.95126114692431],[-117.08589231491449,33.951413887471531],[-117.08624644474915,33.95149681697356],[-117.0869268339582,33.95215101477951],[-117.08702471458442,33.952486425105768],[-117.08698829724567,33.952657716595354],[-117.08683382570686,33.952820626791215],[-117.0868692005027,33.953007575066898],[-117.08762428313635,33.954167975588945],[-117.08784465879818,33.954318779957525],[-117.08822039516046,33.954375192970367],[-117.08884728198318,33.954399425404304],[-117.08922242669514,33.954471318780946],[-117.08945714403973,33.95459093506016],[-117.08978595214533,33.954984400802019],[-117.09082404118385,33.955534133699686],[-117.09154795943081,33.955632988436371],[-117.09194868904864,33.955736265825848],[-117.09262331547875,33.956319821138315],[-117.0928617384173,33.956283631424512],[-117.09332341323127,33.955999458360161],[-117.09368163577562,33.955915879129641],[-117.09436882527049,33.956186018783114],[-117.09494260816754,33.95623760428893],[-117.09504455087834,33.956408773764494],[-117.09510592965175,33.956625144748223],[-117.09531865066054,33.956874956220304],[-117.09575272063076,33.956926626692251],[-117.09611262320234,33.956797990367072],[-117.09658827780413,33.956463711847384],[-117.09725422658376,33.956161369772303],[-117.09754463709449,33.955852229694884],[-117.09786200437625,33.95582227459937],[-117.0981775459381,33.955887259812613],[-117.09860659596463,33.955882984766703],[-117.09928968061486,33.95540882652417],[-117.09945263624888,33.955208062565042],[-117.09977553743305,33.954611955552657],[-117.10006893413502,33.954460736339378],[-117.10040276964297,33.954571311440404],[-117.10073504693941,33.954834875558468],[-117.10127699020352,33.955431344613636],[-117.10162670795049,33.955727215996205],[-117.10200090597287,33.955853149670148],[-117.10215109564365,33.955945203257649],[-117.10227747290354,33.956215670712822],[-117.10256726592195,33.95654945151194],[-117.10329427986707,33.957182194087054],[-117.10403569553293,33.957709023688068],[-117.10522328364569,33.957764362073185],[-117.10541559195796,33.957712600512409],[-117.10632255458189,33.95759842702774],[-117.10719720853126,33.957710862103959],[-117.10766212353262,33.957613604468769],[-117.10792908314887,33.957473552812061],[-117.10807137464477,33.957282116440474],[-117.10829183320554,33.956877311016349],[-117.10857452295187,33.956602344192419],[-117.10882042561587,33.956187193089242],[-117.10890905812921,33.955742957297396],[-117.10915410635711,33.955377678682446],[-117.10957844369435,33.955262183673661],[-117.11031361534314,33.955460440707348],[-117.11060265199382,33.955575167164795],[-117.11087001486965,33.955727968985308],[-117.11143065168875,33.955723349208888],[-117.1117397136955,33.955799695964338],[-117.11208873142158,33.955810240202666],[-117.11238045261966,33.955769174827111],[-117.11295320377464,33.955552583734281],[-117.113316641515,33.955529407903626],[-117.11359566719923,33.95544628705229],[-117.11383844664361,33.955504024712575],[-117.11431069944187,33.956288930043101],[-117.11458933218699,33.956874974410226],[-117.11481648990591,33.957081980054078],[-117.11528870423388,33.957248169443787],[-117.11619720094069,33.957359712520656],[-117.11717260131921,33.9574177290176],[-117.11745639261052,33.957464657116383],[-117.11767634426523,33.957637945961721],[-117.11803769987016,33.95776438695983],[-117.11868403047038,33.957756526981456],[-117.11970131978877,33.957408812673577],[-117.12031937721289,33.957229705377479],[-117.12066211328739,33.957236406447443],[-117.12083598730513,33.957486311274643],[-117.12088291651,33.957739209026819],[-117.12087853435507,33.957979834930015],[-117.12079852371659,33.958365681566619],[-117.12089813453805,33.958629777144964],[-117.12129297231064,33.958998862951518],[-117.12161933692563,33.959185551101612],[-117.12233098179162,33.959288422921119],[-117.12280596452622,33.959268020276191],[-117.12339524246845,33.959192760852083],[-117.1236203262043,33.95919760382229],[-117.12435556615553,33.959070742026498],[-117.12478267142835,33.959176249727292],[-117.12494013615363,33.959189281999379],[-117.1256431663748,33.959055686440941],[-117.12583993225101,33.959122949013498],[-117.12584845288407,33.959242109990555],[-117.12601490801755,33.959454614349198],[-117.12632550086799,33.959722373009328],[-117.12660091062661,33.960073772755742],[-117.12684901329976,33.96050681445022],[-117.12717794453914,33.9608739361068],[-117.12765500936035,33.961057374303664],[-117.12778040825721,33.961357340965748],[-117.12781503341844,33.961567658051599],[-117.12816633189991,33.961823452356903],[-117.128748481019,33.962064771972116],[-117.1291653982873,33.962330402766767],[-117.12970919292366,33.962492111211589],[-117.131138609568,33.962652790820883],[-117.13145916236374,33.962767979779585],[-117.13172783981049,33.963119490843816],[-117.1320068930083,33.963370919723353],[-117.13241566716469,33.96340461262394],[-117.1328327649954,33.963338484946199],[-117.13304146019263,33.963133749449725],[-117.13319891611691,33.962887710491174],[-117.13367967844133,33.962670656389662],[-117.1342330524201,33.962690234665914],[-117.13494866749804,33.962899398621488],[-117.13513921945233,33.96292392708142],[-117.13568848821772,33.962889270231535],[-117.1362553508727,33.962890872002497],[-117.13709170081066,33.96299847050939],[-117.13791216963277,33.963507052862525],[-117.13860029379272,33.96374732961749],[-117.1388939254213,33.963896215664789],[-117.13934271987453,33.964468440152373],[-117.14000570803618,33.964665515024095],[-117.14031879776354,33.964809824888434],[-117.14073941253908,33.964908623666652],[-117.14084782333836,33.965090901361982],[-117.14103465246579,33.965573646664787],[-117.14159274838373,33.966005409336177],[-117.14175731955062,33.966365841550868],[-117.14174973004985,33.96666865435207],[-117.14185837374119,33.96683543808367],[-117.14272161522136,33.967210891340031],[-117.14378607749039,33.968036723331053],[-117.14419128197703,33.968207293150662],[-117.14451598970147,33.968180476704312],[-117.14499515249101,33.967979443821442],[-117.14547379516313,33.967858972476506],[-117.14577353496257,33.967736559314055],[-117.14642146543564,33.967368626898569],[-117.14676665522538,33.967279770400829],[-117.1478248178955,33.966904940305987],[-117.1483956248272,33.966770419701682],[-117.14872636124728,33.966754474983787],[-117.14921204648134,33.966916330459576],[-117.14965217504138,33.967290139627309],[-117.15018256189724,33.967497352227696],[-117.15118088418738,33.967430201149668],[-117.15181672808652,33.967330838183067],[-117.15234223200156,33.967167011662625],[-117.15282511288609,33.967135116907826],[-117.15393120094066,33.967231311854945],[-117.15454876979507,33.967394744457764],[-117.15482459990747,33.967437720683876],[-117.15517845986048,33.967287598263404],[-117.15553526410582,33.966970133443304],[-117.15604828198047,33.966730425816458],[-117.15650388434865,33.966731951937319],[-117.15696434169276,33.966814765089673],[-117.15795895638814,33.966935196603984],[-117.15849367768983,33.966965753522025],[-117.15877498109184,33.967035918874799],[-117.15951572714424,33.967564883451658],[-117.15970998232068,33.967759999056163],[-117.15988117022277,33.968060255327565],[-117.1600673375811,33.968302789813443],[-117.16031441076065,33.968505706600268],[-117.16124172630346,33.968964632474453],[-117.16179350629979,33.969067474784445],[-117.16201358053993,33.969297625476308],[-117.16215722955859,33.969640286215487],[-117.16234933810429,33.969923843590969],[-117.16251228580067,33.970029949109033],[-117.1628071019513,33.970139066430633],[-117.163575095387,33.970344253083027],[-117.16392507395949,33.970602723928124],[-117.16440336525591,33.971391201347124],[-117.16479399088803,33.971639118655595],[-117.1654711311815,33.971741686242403],[-117.1656711729018,33.971960338593924],[-117.16588778221983,33.972320309113506],[-117.16606202219808,33.972532111089109],[-117.16652317549968,33.972865494747715],[-117.16705153640704,33.973164751005967],[-117.16818191550406,33.974006390719239],[-117.16892701122509,33.974634608744253],[-117.16976053506973,33.975449077195933],[-117.17075830853743,33.976036796310623],[-117.17139793706086,33.976375741706654],[-117.1718793998766,33.976686201990255],[-117.17227460419942,33.977044131917907],[-117.17264517990613,33.977310399459064],[-117.17336833912596,33.977764162059678],[-117.17413310021696,33.978388322896848],[-117.17564732082693,33.980094573640955],[-117.17637783095226,33.98082696179371],[-117.17673415386612,33.981128086362581],[-117.17772290457917,33.981512581162356],[-117.17908182883835,33.981603232710974],[-117.17968316805081,33.981591079949915],[-117.18082733755534,33.981778998086838],[-117.18154149390922,33.982032061206908],[-117.18301397843668,33.982334617237626],[-117.18382563751345,33.982648709406966],[-117.18505295411461,33.983603598489381],[-117.18564188110105,33.98387721705592],[-117.18608164047876,33.983994344260793],[-117.18652551720675,33.98420939829645],[-117.18735893390436,33.984458888694085],[-117.18860958476705,33.984641452869731],[-117.18920450722841,33.9845958415128],[-117.18971090478949,33.984119328517572],[-117.19004660818067,33.983536836307529],[-117.19018865838025,33.982768333313757],[-117.19032649777503,33.982517509642399],[-117.19052083149278,33.982381387084303],[-117.19080702665691,33.9822776784697],[-117.19122987883543,33.982261057350314],[-117.1934761480384,33.983126313422076],[-117.19382496023785,33.983179157291417],[-117.19413082213708,33.983074798740617],[-117.19437016039801,33.982704707561616],[-117.1946279755015,33.982399888968374],[-117.19520494317787,33.982277995601933],[-117.19605033622261,33.981981192681282],[-117.19700314616529,33.982161681579115],[-117.19744540956245,33.982179060432323],[-117.19815727100415,33.982255223142502],[-117.19848876337613,33.982524965298992],[-117.19885145428071,33.983135373597527],[-117.19911748920705,33.983662254319896],[-117.19958440304045,33.984020148626314],[-117.20020040967376,33.984233751161199],[-117.20050775116387,33.984149435478216],[-117.20065956764331,33.984108912633914],[-117.2008280157886,33.983938868549991],[-117.20115524312332,33.983445503291954],[-117.20142033931616,33.982777546704881],[-117.20185186398363,33.982086325768179],[-117.20249650752167,33.98189191446064],[-117.2028203552204,33.98189086284431],[-117.20329157504838,33.9817592541457],[-117.20349547656791,33.981504405343706],[-117.20355410138475,33.981224539609784],[-117.20354794629668,33.980911254604308],[-117.20361411122539,33.98060002418103],[-117.20400281104128,33.980324613189687],[-117.204491103233,33.98005052130214],[-117.20549535891601,33.979115472352184],[-117.20576195817988,33.978035156976389],[-117.20596330323266,33.977608304436458],[-117.20601665961348,33.977290273574866],[-117.20601574148958,33.976981604840709],[-117.20592400109246,33.976668174745441],[-117.2059205575931,33.97624416081959],[-117.20619002707569,33.975698913114726],[-117.20655638019291,33.975499602221795],[-117.20709535500413,33.975354162219617],[-117.20742238964469,33.975166296358623],[-117.20774040395561,33.974807121516307],[-117.20794743388042,33.974371943801401],[-117.20812545187873,33.974083182266646],[-117.20887926014643,33.973737229146593],[-117.20920078361023,33.973522438616492],[-117.2097873002463,33.973281470346492],[-117.21104273012358,33.972921907918249],[-117.21146321152607,33.972697696625985],[-117.21224703710091,33.972175736330591],[-117.21283721544231,33.972045913838642],[-117.2133940792737,33.971973015445066],[-117.213889348021,33.971958103806038],[-117.21437377071715,33.971849050159655],[-117.21468923517887,33.97162310506053],[-117.21490610608122,33.971367702326106],[-117.21505728697188,33.971072066133253],[-117.21527285075992,33.970882575394697],[-117.21517486090117,33.970529265228357],[-117.21484653758996,33.970414680836875],[-117.21474045273372,33.970136962251324],[-117.2147654255847,33.969582879455572],[-117.21520952868357,33.968869651591966],[-117.21554983530235,33.968735360228166],[-117.21608518173714,33.96838035403367],[-117.21620826584666,33.968516124397148],[-117.21639271606863,33.968810962187824],[-117.21676224435757,33.96947477977578],[-117.21716804526483,33.969905258754082],[-117.21726286141853,33.97013306519986],[-117.21725431940747,33.970500687753081],[-117.21708994510574,33.97108039769045],[-117.21714035128041,33.971521631702146],[-117.21729658491722,33.971941182204084],[-117.21748198517844,33.972243373385702],[-117.21776553857369,33.972553598703946],[-117.21818431686614,33.972708161090409],[-117.21868350715776,33.97282748559703],[-117.21916121189219,33.973037589057412],[-117.22003567061637,33.973505445275173],[-117.22036249581505,33.973692128209997],[-117.22058761760007,33.973971048874944],[-117.22071112852201,33.97436980696331],[-117.22079076355809,33.975240445082811],[-117.22114861423314,33.976146639099859],[-117.22144076594719,33.976646177289055],[-117.22178954842646,33.977349215343274],[-117.22212911520172,33.97846692029065],[-117.22221904095819,33.978863431995116],[-117.22220201111534,33.979689145205079],[-117.22234215960115,33.980225549497526],[-117.22265696069618,33.980634624729618],[-117.22290378347938,33.980787776862229],[-117.22406582321882,33.981119145396804],[-117.22455048729076,33.981312213876777],[-117.22512758218275,33.98146892886566],[-117.22557629817125,33.981822595135597],[-117.22586309545349,33.982288479502699],[-117.22630609548804,33.982901030540056],[-117.22682285255912,33.983139128933033],[-117.22750405978601,33.983068083254715],[-117.22810198902873,33.9831863889072],[-117.22844152417846,33.983384068363542],[-117.22891685751884,33.983996582740957],[-117.22937588630923,33.984491975666188],[-117.22961995713705,33.984820949627363],[-117.22986185123442,33.985241728918233],[-117.2303398346092,33.985716742540376],[-117.23065947080035,33.985898709483571],[-117.23109466759851,33.98595893429772],[-117.23146138797171,33.986095810483967],[-117.23182261138273,33.98616688544945],[-117.23264935318194,33.986120222205955],[-117.23305080853062,33.98615817335773],[-117.23335765538151,33.986328830870285],[-117.23357102842616,33.986573890001296],[-117.23443216466354,33.987988313028012],[-117.23460776432574,33.988413693406308],[-117.23486666259467,33.988658987598711],[-117.23526964629266,33.98868344651919],[-117.23562283732534,33.988491631222004],[-117.23602945428247,33.988039833938238],[-117.23627827246131,33.987833917974179],[-117.23654538716481,33.98768426658792],[-117.23677754142466,33.987643966287685],[-117.23700087304478,33.987663779060554],[-117.23733566334354,33.987784658232414],[-117.23772057881465,33.987982560113231],[-117.23792776172155,33.988221253505209],[-117.23850685200335,33.989527625918626],[-117.23888005757482,33.989968747535826],[-117.23929690588632,33.9902494680681],[-117.23963273983969,33.99033709813439],[-117.2402937637156,33.990259297689462],[-117.24109320305827,33.990282341596547],[-117.241978790362,33.990255914427209],[-117.24237645882739,33.990185220768637],[-117.24336143989706,33.989793371182607],[-117.24369272502665,33.989763641218701],[-117.2440286467413,33.989785299139079],[-117.24481578225173,33.989724879345275],[-117.24512218566255,33.989632257279759],[-117.24556892782542,33.989396719996677],[-117.2458946762429,33.989278353284163],[-117.24623232485915,33.9892504509085],[-117.24698245204797,33.98938247888109],[-117.24715983969503,33.9894183382374],[-117.24749991195006,33.989573431110529],[-117.2476133791567,33.989827866604756],[-117.24754135709968,33.990432095470915],[-117.24754093530294,33.990783853446153],[-117.24774057778603,33.991022344933818],[-117.24804142256747,33.991152215558756],[-117.24885331100886,33.991187364335346],[-117.24913873520036,33.991109444711036],[-117.2494231089135,33.991090939688874],[-117.25000313449476,33.991128657964722],[-117.25012297089424,33.991078282845088],[-117.25019695295654,33.991004245999306],[-117.25039281913736,33.990198937817148],[-117.25048214028547,33.990028887990547],[-117.25072030944831,33.99009410213003],[-117.25088806555716,33.99006658784171],[-117.25139393097926,33.990308795220351],[-117.25173063302682,33.990555946996217],[-117.2520871873722,33.99132670288494],[-117.25221203871162,33.991750235400303],[-117.2524307069957,33.991844565759777],[-117.25301843895444,33.991601709495001],[-117.25325676135108,33.991662710294023],[-117.25349998431804,33.991921970290669],[-117.25427954190948,33.992891481309769],[-117.25452420576821,33.993358205443073],[-117.25475508124855,33.993914791111912],[-117.25484737975462,33.994276948119193],[-117.25505142041727,33.994700428071553],[-117.25546055514744,33.994894048259482],[-117.25596316855759,33.994856574409461],[-117.25643941241016,33.994706841094434],[-117.25706011032985,33.99466938332889],[-117.25819014012252,33.994932789555413],[-117.25862531027308,33.99499571376311],[-117.2589952979335,33.994880019902944],[-117.25920031988387,33.994685691065108],[-117.25961075821606,33.994560293161705],[-117.26009857281468,33.995105007344542],[-117.26028348042107,33.995485754085436],[-117.26043528965145,33.995947401420985],[-117.26072627028158,33.996172846179384],[-117.26164475575055,33.996199459298587],[-117.26206026519901,33.996332068796598],[-117.26247021376537,33.996376306334447],[-117.26345392142366,33.996707474158612],[-117.26443917685852,33.996868126577958],[-117.26482900171736,33.997146380944749],[-117.26554794631286,33.998430018463921],[-117.26590431844754,33.998991272485924],[-117.26623563163305,33.999337455555832],[-117.26641339376745,33.999427412939873],[-117.26694796598099,33.999591031805885],[-117.26809862618501,33.999608519937127],[-117.26834236399473,33.999542223006117],[-117.26862646564999,33.99940472801061],[-117.26896312367481,33.999405770366359],[-117.27019842147337,33.999696109160254],[-117.27066794914322,33.999740637365207],[-117.27093186109965,33.999658453461635],[-117.27113771722372,33.999405479061018],[-117.27135553768299,33.999306137600506],[-117.27173206843167,33.998971604167757],[-117.27219373871627,33.998738318232803],[-117.272095982477,33.998183820145663],[-117.27191731310459,33.997557210330392],[-117.27183823819759,33.996996140060844],[-117.27183792245278,33.996378311895207],[-117.27191784399736,33.996004230484104],[-117.27221503717379,33.995585485399289],[-117.27261143248172,33.995174732347913],[-117.27323898998692,33.994718241496962],[-117.27383459696469,33.994216447817536],[-117.27448140907248,33.993765767901422],[-117.27559131675341,33.993387312216178],[-117.27649701103886,33.99334218298555],[-117.27730306450799,33.993139671328997],[-117.27836642453221,33.992952285545428],[-117.27977993789929,33.993061909143698],[-117.28034168270358,33.993006568674524],[-117.28098278457796,33.992847134523515],[-117.28144550114104,33.992616366531863],[-117.28203375037586,33.99191338887406],[-117.28219790288151,33.991455642505272],[-117.2823641462162,33.991187053110522],[-117.28261528903363,33.991032684636053],[-117.2829117726309,33.990784401245691],[-117.28368552741716,33.989788199695148],[-117.28424665352961,33.989155047827708],[-117.28442549139595,33.988864202323924],[-117.28455061301935,33.988561379735579],[-117.28478235920701,33.988247857547577],[-117.28505982541189,33.988050427327835],[-117.28538281806141,33.988039237719839],[-117.28576009386367,33.988087988101945],[-117.28617664650901,33.987973335979532],[-117.28636125618779,33.987858784584347],[-117.2868961551449,33.987638748124624],[-117.28720049527519,33.987224917126539],[-117.28766879503738,33.986421520427477],[-117.28810497458181,33.986267043496603],[-117.28876589181195,33.986316892113322],[-117.28936649542015,33.986547666056417],[-117.29017950307473,33.987213873891172],[-117.29057604108935,33.987490225496479],[-117.29070843819592,33.98751225564996],[-117.29091966675408,33.987351284763676],[-117.29105101093438,33.987152595995525],[-117.29119738992624,33.98680067720278],[-117.29125673714935,33.986520497024813],[-117.29127548829842,33.98619625701393],[-117.29116354079574,33.9858942662527],[-117.29112365942875,33.985601896726678],[-117.29123598236222,33.985326099087985],[-117.29125667023156,33.985008092617434],[-117.29101866995182,33.984810196316552],[-117.29067474585489,33.984677714322018],[-117.29029889345817,33.984114940912221],[-117.29000777778066,33.983764423828575],[-117.28979033895226,33.983439895141537],[-117.28959863571713,33.983032285700823],[-117.28955187581968,33.982536806847179],[-117.28925519632486,33.981968858319149],[-117.28870051744009,33.981634314691057],[-117.28718156606134,33.981286089274803],[-117.28665876824869,33.981061682436724],[-117.28626938890139,33.980642867764416],[-117.28594625634035,33.980186177065683],[-117.28572843239508,33.979751706522549],[-117.28554273396612,33.979134802854389],[-117.28553677272193,33.978870279989316],[-117.28570862463444,33.978594797549214],[-117.2859531128842,33.978441093102965],[-117.28619034892692,33.97840419434398],[-117.28644215712055,33.978292925964894],[-117.28597294124677,33.977297799506729],[-117.28582119889364,33.976894790744865],[-117.28577496564989,33.976473149112273],[-117.28564259243464,33.976042709945673],[-117.28535197401874,33.975585663700848],[-117.28506825345742,33.975273079945374],[-117.28487010496933,33.974831741328984],[-117.28475825705725,33.974277200010242],[-117.28470513170583,33.97386922717255],[-117.28475856713882,33.973510548902141],[-117.2851349946082,33.972824210780864],[-117.28520722200672,33.972553387554768],[-117.28522714755627,33.972224627018015],[-117.28514774929103,33.971793472760616],[-117.28500251278049,33.971388657363192],[-117.28490332725778,33.970903758317107],[-117.28485715743483,33.969697701903975],[-117.28498287653305,33.969253395198599],[-117.28544532527027,33.968647444398265],[-117.28611287344525,33.967491683034332],[-117.28628399705404,33.967079194073207],[-117.28639034543048,33.966440212100899],[-117.28621234754426,33.966078004024773],[-117.28563759096463,33.965917163540759],[-117.28471976681477,33.965950506458782],[-117.28440894961514,33.965890663980375],[-117.28376801822289,33.965548966672515],[-117.28339273364183,33.965509286056864],[-117.28252707011177,33.965718598815549],[-117.28213115617909,33.965712796958584],[-117.28194620215338,33.965582954964646],[-117.28192616027613,33.96525129758259],[-117.28195943580084,33.964883435110622],[-117.28186745378473,33.964475340406608],[-117.28126635984295,33.963886264885637],[-117.28096883403828,33.96347412390999],[-117.2805992454513,33.962449749982213],[-117.28026207155627,33.961839361633594],[-117.27919313594519,33.960348966847164],[-117.27869827503014,33.960232559146256],[-117.27810989138138,33.960281616588553],[-117.27737051213391,33.960066345684695],[-117.27561451359392,33.959450710765296],[-117.27524396970057,33.959367706972778],[-117.27508531959167,33.959197050111946],[-117.2750659393535,33.958410184184046],[-117.27496085298559,33.958162157060187],[-117.27518607058694,33.956996141214177],[-117.27517882573517,33.95654948381528],[-117.27509943461384,33.95602698841931],[-117.27479661693286,33.95508001143596],[-117.27460518204884,33.954888525226885],[-117.27425500513957,33.95477925796785],[-117.27331723065787,33.954855991381478],[-117.27233962270164,33.954459064825009],[-117.27193713116473,33.95411202067573],[-117.27167373580622,33.953968714162791],[-117.27125675366997,33.953913620028267],[-117.2707688514482,33.953968707134798],[-117.27038557802413,33.953912442220187],[-117.27006834043331,33.953726406951482],[-117.26961923231967,33.953319623387429],[-117.26952772380366,33.953055863077402],[-117.26942847229526,33.952170389249922],[-117.26943535490936,33.951971278456085],[-117.26949466560995,33.951850085275161],[-117.26951508263343,33.951635801342611],[-117.26937660744679,33.951322146548094],[-117.26907891580245,33.951041021163427],[-117.2676670049066,33.950374605928921],[-117.26745542554116,33.950077515960466],[-117.26708539424226,33.949448812296716],[-117.26686745491494,33.949208203383947],[-117.26668285176767,33.948854810319908],[-117.26645853075702,33.948144763219837],[-117.26635340746535,33.94720981912922],[-117.26636063419211,33.946341285180935],[-117.26625478480629,33.945554874713984],[-117.26609738043884,33.944723241673152],[-117.26603126285418,33.944039548018182],[-117.26628214273381,33.943263669717048],[-117.26640130612208,33.942697442410982],[-117.26646086491986,33.942036755637197],[-117.26633594897947,33.941239187534542],[-117.26605899636623,33.940360139423206],[-117.26576269313264,33.939731773552829],[-117.26563720172078,33.939136829673082],[-117.2656696880225,33.93873088770502],[-117.26584244581684,33.938272476831095],[-117.26571698519942,33.93708054380776],[-117.26576379997682,33.936480154517056],[-117.26618577963177,33.935351831074328],[-117.26621952335968,33.934625698729171],[-117.26617409496104,33.933782948495995],[-117.26598261596919,33.933248998729376],[-117.26557303870713,33.932577872961446],[-117.26471590566378,33.931679795314103],[-117.26442563011803,33.931064808561906],[-117.26431381814614,33.930573354824993],[-117.26426102143631,33.929754639585688],[-117.2645974041846,33.929100918943057],[-117.26480881137773,33.928775661247236],[-117.26472345416764,33.927832986396645],[-117.26506014751142,33.927169942091417],[-117.26570839971502,33.926667730996861],[-117.26642061757171,33.92621781681428],[-117.26735173967111,33.925507598498534],[-117.26818436708642,33.924301750515298],[-117.26891026534416,33.923048498320902],[-117.26939985031157,33.921843411913486],[-117.26963073283081,33.920483274435149],[-117.27008089661092,33.918754919951638],[-117.27069497315765,33.917452746154702],[-117.27187753908939,33.915409342544066],[-117.27286070635265,33.914155746415695],[-117.27370588054504,33.91314407588883],[-117.27458360205041,33.911750662250689],[-117.27506599864329,33.910843315873592],[-117.2758118591522,33.909881376775488],[-117.27676886894014,33.909511097179383],[-117.27960117979536,33.909435444419003],[-117.28454351124779,33.909865949902617],[-117.28542876179698,33.909915858184213],[-117.28608227348515,33.909848576863311],[-117.28655677972347,33.909574648991438],[-117.2873618846874,33.90899516330073],[-117.28892686002149,33.90818264315164],[-117.29031251896919,33.907990189292526],[-117.291646301028,33.907763212961264],[-117.29305100841006,33.907394432060151],[-117.29375143871057,33.907120497836743],[-117.29553272705357,33.906241160201915],[-117.29611993682649,33.905926740346999],[-117.2965168716854,33.905641338187749],[-117.29709068707095,33.905342666050231],[-117.2977314939869,33.905106470317811],[-117.29827242353899,33.904973875408452],[-117.29972454156005,33.904451965577408],[-117.30059564982294,33.904468133234857],[-117.30138701618182,33.904732171808405],[-117.30215944356119,33.904946395759218],[-117.30326155644046,33.904919294843864],[-117.3038292747386,33.904699083242136],[-117.30397968424346,33.904393601235668],[-117.30405933829249,33.904231840100906],[-117.30421778704664,33.903202801477647],[-117.30455429648818,33.902150922080764],[-117.30491698308299,33.901535454905748],[-117.30509621467877,33.901006652006409],[-117.30515490715844,33.900648099721259],[-117.30546554928689,33.899813785168277],[-117.3053992805505,33.899378396239186],[-117.30516838647448,33.898855125491856],[-117.30510900557388,33.898375638053665],[-117.30524669354871,33.898019216583428],[-117.30579510308311,33.897001133633928],[-117.30645428133579,33.896252847344542],[-117.30762862853722,33.895018713656938],[-117.30908092170966,33.894160960171853],[-117.3093188291043,33.89390782385442],[-117.3101036084332,33.890007145159707],[-117.31032091972433,33.889246432083979],[-117.31061076093944,33.888007651046223],[-117.31058468473459,33.887502754527461],[-117.31063078418553,33.886941763590926],[-117.31073548280999,33.886406710061067],[-117.31077567718843,33.88579595972648],[-117.31070321388664,33.885065588855312],[-117.31009567502504,33.884618251365012],[-117.30942941731743,33.884272378567452],[-117.30851209140512,33.883550461945909],[-117.30779331749417,33.882847041351582],[-117.30683000033252,33.882270309196628],[-117.30596530780151,33.881879992946743],[-117.30525927580769,33.881627031746419],[-117.30453368885567,33.881531456311386],[-117.30374178846249,33.881384406132682],[-117.30280505640511,33.88108001106815],[-117.30086555894209,33.880377150711084],[-117.29963085532074,33.879962771169865],[-117.29845643552994,33.879649585817972],[-117.29797498191317,33.879277314726941],[-117.29779778069836,33.877917523083866],[-117.29763234554096,33.877063700342845],[-117.29731597848189,33.876162300661449],[-117.29684738625268,33.875162582064057],[-117.29670528467291,33.874511428474847],[-117.29603566106486,33.873700855147426],[-117.29531774256859,33.87335368050271],[-117.2939883118303,33.872932451682303],[-117.29296811733273,33.87247967075394],[-117.29216526251287,33.872181752178079],[-117.29069475458878,33.87240827670356],[-117.28983122495166,33.872274934737099],[-117.28953581107986,33.871933293395344],[-117.28917504488425,33.871354424085574],[-117.28878816846589,33.870848214740448],[-117.28822953484327,33.870237850570284],[-117.287993619131,33.869930027126323],[-117.2878698357471,33.869598666174831],[-117.28752876762374,33.869175586247707],[-117.28684599261003,33.868151524253747],[-117.28648655060867,33.867254428460335],[-117.28602654047533,33.866955914213264],[-117.28531544779948,33.866630245301543],[-117.28500057446951,33.866167194970828],[-117.28506989116849,33.865122462623617],[-117.28493890510478,33.864721592043736],[-117.28501364982819,33.864212025018169],[-117.28530614106022,33.863342897238105],[-117.28594320572145,33.861882416230188],[-117.28591942617051,33.861034768175614],[-117.28573123107076,33.860248310660381],[-117.28531772935453,33.85960414726943],[-117.28433032641661,33.859304580618414],[-117.28360017006138,33.8591616829016],[-117.28305384388636,33.859016970721719],[-117.28117246187787,33.857803790131825],[-117.27949486823096,33.85717361753909],[-117.27890266495166,33.856890764372316],[-117.27846201087107,33.856467812060643],[-117.27818851321091,33.855713671882796],[-117.27777240020461,33.853892249239145],[-117.27750977296235,33.853484531849169],[-117.27710341445648,33.853043495156371],[-117.27687345961373,33.852659115897715],[-117.27683521187605,33.852322728423815],[-117.27683128246167,33.851779718372846],[-117.27690471442648,33.851152547624508],[-117.27686738742989,33.850510361481454],[-117.27664657354683,33.849766194625545],[-117.27664444515908,33.848228966555297],[-117.27655463714703,33.847507152102757],[-117.27609809135652,33.846297283518524],[-117.27599408869261,33.845831067997295],[-117.27664944701606,33.844846334215546],[-117.27676873476784,33.844363193514837],[-117.27642162251946,33.843928926856087],[-117.27590849238318,33.843515191674776],[-117.27558789756259,33.843130607136153],[-117.27556896706804,33.842641046736617],[-117.27584195665932,33.842058728484169],[-117.27606138373076,33.841399823191843],[-117.27617515734069,33.84063579489613],[-117.27661396054802,33.839597366483837],[-117.27692449321361,33.839086978304465],[-117.27715654505654,33.83884530091489],[-117.2774879588988,33.838257874767898],[-117.27831443485088,33.837194333027057],[-117.27884328834217,33.836649433241199],[-117.27929409886521,33.83585933458501],[-117.2791712555605,33.835061732935038],[-117.27849600280663,33.83402167851191],[-117.2783473842434,33.833065277879108],[-117.27833220052112,33.831778591697542],[-117.27849438480425,33.830548604482175],[-117.27903835120513,33.829533276608437],[-117.2797393904861,33.828500814167477],[-117.28033430116876,33.827726591282726],[-117.28086451639754,33.826667766343093],[-117.2813579951705,33.824948422320823],[-117.28155189793647,33.823957929839985],[-117.28195823253668,33.822601828317858],[-117.2825149512547,33.821398451245351],[-117.28306556746954,33.820279519805702],[-117.28390572340668,33.819124928443557],[-117.28461960260817,33.818314043343946],[-117.28531909030363,33.817893254529857],[-117.28635365592704,33.817653562000608],[-117.28689456724858,33.817411078135393],[-117.28845370904095,33.815986942286244],[-117.28920027123085,33.815200215501129],[-117.29050744381088,33.814221057389254],[-117.29101195180299,33.813088270711717],[-117.29122530372477,33.812028029976339],[-117.29154959765589,33.811390774894612],[-117.29224017841744,33.809870013449448],[-117.2926564388937,33.809415355247886],[-117.29337421210766,33.809052740985464],[-117.29468794848411,33.808291913474278],[-117.29524299475229,33.807761314531568],[-117.295673670583,33.806696115108394],[-117.29570770125366,33.806332692690198],[-117.29563673387365,33.805687685787873],[-117.29546660776253,33.805420345408422],[-117.29515860846274,33.805078091517586],[-117.29494975019172,33.804517460554315],[-117.2950485229417,33.804314298995642],[-117.2950428602894,33.80400548398724],[-117.29483393766409,33.80367405132985],[-117.29468315203835,33.803532319633334],[-117.29502501631602,33.803549483844129],[-117.29558441845899,33.803680944201901],[-117.29615027838214,33.80387598021283],[-117.29680783493629,33.804167622946295],[-117.29758322025916,33.804583022905881],[-117.29828698571582,33.80469364920787],[-117.29895255376522,33.804750930136727],[-117.29962491040231,33.804674739364266],[-117.30041592279346,33.804226436394458],[-117.30118059733601,33.804035171814192],[-117.30245053817201,33.804143179455217],[-117.30349841145639,33.804111122286812],[-117.30424338146803,33.803705687923454],[-117.30481152046883,33.803169717789615],[-117.30508913546886,33.802724431201035],[-117.30518412800002,33.801872496611672],[-117.30535556695128,33.801625658553633],[-117.30578470740109,33.801329143749911],[-117.3062070704308,33.800949569145281],[-117.30644461836648,33.800664558732052],[-117.30691344468514,33.800506250693587],[-117.30753114324978,33.800700483857412],[-117.30868754677097,33.801664982026971],[-117.30934486955881,33.80212825288212],[-117.30989706635202,33.802343181743453],[-117.31035817846839,33.802283074402624],[-117.31074109926746,33.801916645381446],[-117.31114458152921,33.801357029206152],[-117.31165992039288,33.80075326399087],[-117.31226063959556,33.800269351668895],[-117.31282143546383,33.800006633904353],[-117.31352521798885,33.800151290459276],[-117.31426141033029,33.800643466034444],[-117.31491281159231,33.800704826822987],[-117.31530274130481,33.800254801275997],[-117.31551429504863,33.799880089760705],[-117.31634042325288,33.798739566324528],[-117.316848484389,33.798503497424875],[-117.31748073351307,33.798521824828242],[-117.31816431834721,33.798655260075492],[-117.31878964681185,33.798847912690455],[-117.31916395599288,33.799117529498403],[-117.31959856798872,33.799201639623064],[-117.31979653716593,33.799032114823163],[-117.3204824674163,33.798646869862473],[-117.32137185157194,33.798412744796885],[-117.32207637731189,33.79846545320359],[-117.32262871892802,33.798646219494508],[-117.32311066573932,33.798482519917279],[-117.32390251813217,33.797644197397702],[-117.32510373582004,33.796776887536815],[-117.32527557216201,33.796326231484976],[-117.32528358715963,33.795804871384682],[-117.32502785233899,33.795447024089889],[-117.32471313508712,33.79526566296709],[-117.32383303481643,33.794108253764037],[-117.32344669869381,33.793430456215169],[-117.3231520739992,33.792655849124181],[-117.32330504667328,33.792349076213569],[-117.32372731938989,33.791838648288703],[-117.32453471265087,33.790508173652981],[-117.32493065960267,33.789977074355306],[-117.32524795980527,33.789471204196332],[-117.32543424814084,33.788911752456698],[-117.32618663763483,33.788318862006854],[-117.3268990723346,33.787879237345706],[-117.32730739331616,33.787590038530766],[-117.32792156248532,33.787051670836057],[-117.32864116631309,33.786244880379577],[-117.32970211236614,33.785687127461969],[-117.33028348526855,33.785099200165583],[-117.33040967857126,33.784589667105259],[-117.33054885663626,33.784275500485705],[-117.33099120240837,33.783967338436227],[-117.33186049520853,33.783613401631882],[-117.33267779253069,33.783334076690608],[-117.33315200996842,33.783231619611023],[-117.3325929248638,33.782933182880839],[-117.33181771008147,33.782639803772781],[-117.33124530756619,33.782320742501],[-117.33091191664089,33.781638848705683],[-117.33071696470988,33.780665326207128],[-117.33048052860444,33.780086068415379],[-117.33000118243514,33.779634706991807],[-117.3294686810417,33.779414696419479],[-117.32797537981055,33.779026584516053],[-117.32733897937325,33.778430840477064],[-117.32730786471438,33.777657670833712],[-117.32753908429638,33.777266174031169],[-117.32762551689881,33.776914683440083],[-117.32761475293849,33.776497754301936],[-117.32729258468717,33.776155261432486],[-117.32664770903897,33.775841523270493],[-117.32635932171449,33.775653428035675],[-117.32630047664826,33.775317414275534],[-117.32651301110289,33.774654000020746],[-117.32725142519826,33.774176071995349],[-117.32732462640354,33.773896156699998],[-117.32723309348584,33.773693837137891],[-117.3267655045058,33.773631513653854],[-117.32625214544876,33.77361490787959],[-117.32569336036282,33.773534929657494],[-117.32491001264985,33.773485736289182],[-117.32362005779297,33.773509426473218],[-117.32358838654585,33.773168674852805],[-117.32378669906944,33.772696925562805],[-117.3237419923171,33.772327691004477],[-117.32325529063866,33.772256717164524],[-117.32274159963549,33.772309721649279],[-117.32214852669787,33.772286707796475],[-117.32142491979467,33.771972760116874],[-117.32099277168031,33.771405758374847],[-117.32075758892262,33.770887119641152],[-117.32060726549464,33.770448580590376],[-117.32022016731958,33.770052355286019],[-117.31846884210545,33.769921881751003],[-117.31802224771717,33.769783048208055],[-117.31760832101767,33.769506288939446],[-117.3170042860207,33.768885874945042],[-117.31594704200768,33.768158033170295],[-117.31461849634918,33.767631258524204],[-117.31362642419609,33.767151346099446],[-117.31272644148765,33.766468636680337],[-117.31187909017137,33.765762094903124],[-117.31128153599848,33.765359979497802],[-117.31088075816947,33.765144696461114],[-117.31055773255491,33.765089389265142],[-117.3100185503758,33.765164844468451],[-117.30929331744436,33.765218960289118],[-117.30854331035111,33.765432077171859],[-117.30802857110879,33.765711373070161],[-117.3074625056832,33.765847628565851],[-117.3068632840196,33.76584694633295],[-117.30630999714981,33.766049476392475],[-117.30584123095186,33.766499276650059],[-117.30541896801746,33.767009948491904],[-117.30514218874504,33.767052980856022],[-117.30465558527131,33.766886925751088],[-117.30355720374625,33.766608240085631],[-117.30323475861002,33.766406616484012],[-117.30295266093844,33.766129258314201],[-117.30260559010662,33.765512044457296],[-117.30260789543469,33.764969133019513],[-117.30279965666014,33.764474698675095],[-117.30310358410313,33.764075087950225],[-117.30320995884912,33.763646557937697],[-117.3030004142296,33.763270581479176],[-117.3023440959701,33.762600061714302],[-117.30091136630323,33.762096008304496],[-117.30043776919997,33.761865410891886],[-117.29980047599678,33.761429028737609],[-117.29903477230232,33.760173153305722],[-117.29859499735652,33.759673548794268],[-117.29811613296799,33.759252512964267],[-117.29766894172781,33.759005589200221],[-117.29744665723317,33.758746858471696],[-117.29742224144434,33.757944216845665],[-117.29725419718135,33.757174198619225],[-117.29724255433864,33.756343942548021],[-117.29732544052014,33.755338328243624],[-117.29757846708259,33.754408638680836],[-117.29763275364439,33.753860750082481],[-117.29770350615536,33.752232033339524],[-117.29764603091989,33.751671336991542],[-117.29744302984589,33.751258824440129],[-117.29681401251823,33.750459799107581],[-117.29658460817073,33.750000427603617],[-117.29656805618757,33.749759270364365],[-117.29660455154634,33.749005998979811],[-117.29678220072867,33.748450867503962],[-117.29721526383358,33.747464306717013],[-117.29727982283273,33.747119361147753],[-117.29721056077189,33.746875819950063],[-117.29704886862362,33.746612319992764],[-117.29675517784939,33.745921366715493],[-117.29659547188295,33.74500185852775],[-117.29640932780354,33.744575386155262],[-117.29608812451328,33.744024451638033],[-117.29535109490214,33.742404703276037],[-117.29507046395176,33.741110708104351],[-117.29487274841628,33.740608663660353],[-117.29452590902811,33.739989745076478],[-117.29438819942801,33.739879037727185],[-117.29417469018205,33.739622183968592],[-117.29420574890027,33.739216961897021],[-117.29482665465655,33.738512009807856],[-117.29495109200339,33.738028642388677],[-117.29483794608879,33.737647878647877],[-117.2948428741137,33.737246540400726],[-117.29496742472057,33.736759793806009],[-117.29492730982068,33.736324658790018],[-117.29434577845684,33.735433133346014],[-117.29410939609457,33.734898880388947],[-117.29401630403186,33.734464456659836],[-117.29397539701144,33.734017753256474],[-117.29376664535468,33.733400145225552],[-117.29358716578618,33.732997211738322],[-117.29340618895282,33.732702218889763],[-117.29307999172858,33.732457322187109],[-117.29273712085455,33.732009615641573],[-117.29261962306538,33.731371899824374],[-117.29258034962355,33.730848555251228],[-117.292661551099,33.730144799333083],[-117.29306288021998,33.729641268136525],[-117.29425355264881,33.729191533512854],[-117.29458702624271,33.728907135934584],[-117.29496033526348,33.728531766590358],[-117.29520769725838,33.728176801186855],[-117.29528551307671,33.72773010041287],[-117.29502363610597,33.727117707866874],[-117.29451077202764,33.726586701157935],[-117.29387091609182,33.726146558974335],[-117.29316801017031,33.725557740566444],[-117.29251908091719,33.724776237660549],[-117.29198138147227,33.723616766127485],[-117.29119736508173,33.721584178466777],[-117.29056125844417,33.719324505298687],[-117.2904975795401,33.718602903316636],[-117.29084087198639,33.717522284420923],[-117.29096867320538,33.716781865492315],[-117.29106072596079,33.715257668827817],[-117.29100472770038,33.712349275792043],[-117.29111606339835,33.710892345010926],[-117.29081170111093,33.709981746744553],[-117.29042670217943,33.709660429546318],[-117.28969427877118,33.70937311633341],[-117.28891328849451,33.709179627178237],[-117.28894194073479,33.708937560619248],[-117.29260652118327,33.707468015460783],[-117.29301990397001,33.707086285463433],[-117.29311113283667,33.706626351857238],[-117.29313715981566,33.706086794955183],[-117.29329943990641,33.705757675743634],[-117.29402318770342,33.705286920922873],[-117.29469366986699,33.704795710759804],[-117.2955496622087,33.704247763929125],[-117.29634705912665,33.703608170351593],[-117.29700884156702,33.702837345399708],[-117.29717229393701,33.702409025423684],[-117.29746968532582,33.701789943901389],[-117.2979084869242,33.701353812755507],[-117.29836622197431,33.70108869421118],[-117.29884806839529,33.700973037785459],[-117.29957910279911,33.700889240591337],[-117.30042188843542,33.700914954291918],[-117.30094262272783,33.700799069747532],[-117.30119110492939,33.700437050721121],[-117.30134682554433,33.699541934936342],[-117.30146283655935,33.69917395185967],[-117.3014716805357,33.698503993143248],[-117.30156428988313,33.697432577458834],[-117.30129273340991,33.697011924617733],[-117.30107236667202,33.69679634984297],[-117.30088466840543,33.696512207368528],[-117.30082903749341,33.696215116359248],[-117.30113964103836,33.695107131230458],[-117.30123386830135,33.694903852019578],[-117.30124901766435,33.694746324060908],[-117.30126450145136,33.694103293593983],[-117.30122250030121,33.69368812366308],[-117.30103366568883,33.693021619612033],[-117.30074322328238,33.692557959612273],[-117.30030594445186,33.692317481013951],[-117.30001235227236,33.692099585271919],[-117.29978354735169,33.691978538880342],[-117.29957559684732,33.691809504266089],[-117.29917635555861,33.691625747601179],[-117.29853931724298,33.691514979061786],[-117.29727059118738,33.691459338117106],[-117.29680355597885,33.691394909114415],[-117.29655523703185,33.691278176085461],[-117.29641926399825,33.691089141506467],[-117.29642913476644,33.690863822951975],[-117.29666775860026,33.690222454283884],[-117.29664783696482,33.689699528936053],[-117.29678947369661,33.689371902542867],[-117.29744763569401,33.689400295565328],[-117.29832962326476,33.689379882487493],[-117.29860060003286,33.689276937780775],[-117.2987008331957,33.689119755907988],[-117.29809977719168,33.688809379756748],[-117.29762184409343,33.688625717223807],[-117.29687348520034,33.687985342254478],[-117.29629779044576,33.687722641446776],[-117.29603647854017,33.687572059773167],[-117.29580297521157,33.687273267734049],[-117.29573362021635,33.687063241519709],[-117.29584966109442,33.686695259251138],[-117.29585036558143,33.686199874782602],[-117.29551295814403,33.685785833300869],[-117.29525470467122,33.685387187104674],[-117.2950372414673,33.684900156289167],[-117.29489153897698,33.684492369912491],[-117.29483071022486,33.684062366878528],[-117.29471651981738,33.683710580191061],[-117.29437016221064,33.683019451345906],[-117.29419497707724,33.682336621517955],[-117.29418670450683,33.681916889081172],[-117.29426493241881,33.681456926791128],[-117.29451607169624,33.680892518447855],[-117.29519857154692,33.679919186198028],[-117.29530657403782,33.679693380255614],[-117.29584625126493,33.680248748371042],[-117.29709127664144,33.68115248675597],[-117.29784257587853,33.681576416228687],[-117.29834022616352,33.681690354012524],[-117.29891334843033,33.681646220382078],[-117.29925772226682,33.681544469202095],[-117.29967785114046,33.681558991358443],[-117.30053676380561,33.681798528996126],[-117.30102995474451,33.681790544158773],[-117.30166135624778,33.681840819655818],[-117.30206158633563,33.681965669218364],[-117.30242268537721,33.68200133666771],[-117.30287820810052,33.681866984041882],[-117.30319495730171,33.681809685730911],[-117.30353599230361,33.681835836541104],[-117.30385768151832,33.681925550836858],[-117.3048887638801,33.682082602751926],[-117.30522215782059,33.68223938795348],[-117.30531720601505,33.682516835031578],[-117.30527392897193,33.682808176361455],[-117.30511875973478,33.683119417469356],[-117.30515960668907,33.683539090379043],[-117.30550760627668,33.683578926218928],[-117.30654741699387,33.683548678104252],[-117.30733603363369,33.683699942813924],[-117.30787533029562,33.683699213582067],[-117.30878401041538,33.683619875625602],[-117.30907484635087,33.683472273998419],[-117.30934748850312,33.683289280090051],[-117.30976646080077,33.682861643579812],[-117.31007274171597,33.682640828507282],[-117.31042278853708,33.682461369500587],[-117.31085928458134,33.682311289504341],[-117.31140014996609,33.682199512435574],[-117.31237025874732,33.682440747749929],[-117.31266724826098,33.682399307021683],[-117.31301122916027,33.682208960813739],[-117.31338632168848,33.681738566542023],[-117.3137079420335,33.681253617751509],[-117.31373781095552,33.680978308167361],[-117.31368499189004,33.680498024997185],[-117.31314135708941,33.678623738515725],[-117.31290038561833,33.67800196122429],[-117.31271926295291,33.677648345673468],[-117.31271795099538,33.677273865121442],[-117.31284023860998,33.676405285433709],[-117.31297524119826,33.67617557637876],[-117.31320201737773,33.675913120779136],[-117.31345043967083,33.675454353719417],[-117.31360181967766,33.674965383594234],[-117.31380171560068,33.674730190480297],[-117.31398437230008,33.674337527780153],[-117.31404163158697,33.673985055675942],[-117.31415061585622,33.673633218404461],[-117.3144143040367,33.673136764556581],[-117.31451986510775,33.672601583283814],[-117.31452497507266,33.672162432980322],[-117.31470933169236,33.671559494565116],[-117.3149867602995,33.670945217215632],[-117.31565585997777,33.670039937776046],[-117.31614856240179,33.669630391753351],[-117.31702753979143,33.669209112631364],[-117.31809556066635,33.668498228017619],[-117.31848798048586,33.668150008919206],[-117.31911857118989,33.667708457889205],[-117.32177129154428,33.666495385426998],[-117.3228748722687,33.666037093610313],[-117.32446137263028,33.66541678371425],[-117.32584204658902,33.664989231999911],[-117.32643964915415,33.665049310970275],[-117.32722422546415,33.665380211933254],[-117.32769015848933,33.665538953257055],[-117.3293201007866,33.665613480036285],[-117.33008940120054,33.665598354545637],[-117.33079425915253,33.66551572113967],[-117.33143876786072,33.665554317375801],[-117.33182483412621,33.665717645662795],[-117.33218870564282,33.666084555523931],[-117.33249923860105,33.666504939154812],[-117.3332662893575,33.667774552890393],[-117.33379123188733,33.668934449971715],[-117.33425531733204,33.670335670446924],[-117.33458109404781,33.671647046011742],[-117.3349610616733,33.672855109795151],[-117.33535932874712,33.673679303620467],[-117.3357084939033,33.674104222255437],[-117.33693438297821,33.675011893698063],[-117.33758933428081,33.675258201054952],[-117.33810873918078,33.675236296335086],[-117.33878638658602,33.675259255885884],[-117.33972945525353,33.675597185274327],[-117.34046210112176,33.675903947519117],[-117.34108619327971,33.676076486424009],[-117.3430035355175,33.676305577919315],[-117.34348777865085,33.676563349187923],[-117.34391767385661,33.676929803643873],[-117.34471496573342,33.677883156482359],[-117.34505391466553,33.678133006486213],[-117.34539534354114,33.678213179647344],[-117.34566464868601,33.67818678410616],[-117.34657622500508,33.677891507156616],[-117.34695214554786,33.677807553742745],[-117.34776746546436,33.677870637554712],[-117.34805771849534,33.677837945514753],[-117.34836606318038,33.677868573357252],[-117.34909368219522,33.678624567916785],[-117.34924172748052,33.67897088008479],[-117.34946792426474,33.679301817715483],[-117.34981369767321,33.679443257525527],[-117.35026014576391,33.679572139471368],[-117.35120345707082,33.680455815004372],[-117.35139052657665,33.680732544495179],[-117.35175006773142,33.6809772186215],[-117.3521828967592,33.681095593143532],[-117.35250280682718,33.681271101710422],[-117.35324969547214,33.681512127077198],[-117.35352999709538,33.681773273583815],[-117.35373560046555,33.682171383908901],[-117.35404172643072,33.682436513327808],[-117.35574448614423,33.683056506429544],[-117.35589337174579,33.683317129209136],[-117.35591006255819,33.683559127541301],[-117.35608379682216,33.683878108138423],[-117.3564237230773,33.684069315382878],[-117.35700769334677,33.684184711119393],[-117.35749961652274,33.684341378700523],[-117.35789373313257,33.684393990839226],[-117.35836819593203,33.684300453604507],[-117.35897390984294,33.68424860962574],[-117.35983967942936,33.68444921610201],[-117.36131713691961,33.684682114372372],[-117.36228691952363,33.685003267205794],[-117.36265338903027,33.685203239860911],[-117.36387069092173,33.686286317965191],[-117.36451196326364,33.687112104943026],[-117.36504031271771,33.687506979960119],[-117.36529610098594,33.688147284405112],[-117.36536907268174,33.688613625053584],[-117.36569708609088,33.689327501198584],[-117.36640762565527,33.689854889926565],[-117.36708854040745,33.69016843392901],[-117.36766849939922,33.690568743324313],[-117.36843154411513,33.691236044781235],[-117.36883913130281,33.691762588850906],[-117.36929056085852,33.692557141500551],[-117.36959592001567,33.692943987540566],[-117.36996631527168,33.693255662435675],[-117.37048398192529,33.693457138359513],[-117.37093167120769,33.693455977418189],[-117.37141243409818,33.693366763074124],[-117.37204458263096,33.693332922293052],[-117.372483972621,33.693485494373611],[-117.37299988157007,33.693765574214332],[-117.3735467319365,33.694291391383743],[-117.37404694157991,33.694851618850933],[-117.37454908625328,33.695190867576848],[-117.37506806170036,33.69528747692636],[-117.37542415378768,33.695253430760303],[-117.37571479459996,33.695205192688384],[-117.37617034530328,33.694966783082911],[-117.37660358528211,33.695076052538283],[-117.37775097262917,33.695475896496518],[-117.37833115891796,33.69551468865189],[-117.37958977469691,33.695421148644996],[-117.38007648003941,33.695514457353632],[-117.380623132658,33.696012573489199],[-117.38084186090869,33.696411777169928],[-117.3810011003572,33.696881794458641],[-117.38101909433458,33.697576902341986],[-117.38112862873921,33.698210121333872],[-117.38125509882146,33.698662436669373],[-117.38148706037593,33.699049249827688],[-117.38211587955358,33.69941309891076],[-117.38310652148265,33.699698458558437],[-117.38395500467385,33.699811077596344],[-117.38460451894646,33.700002853919784],[-117.38495420985549,33.699999929513666],[-117.38522076625334,33.699931359701004],[-117.38529139051708,33.699849825220973],[-117.38580091367541,33.699737249182519],[-117.38622872129974,33.699752456171304],[-117.3873926022154,33.699951569573436],[-117.38796989625172,33.700110066283834],[-117.38871055889639,33.700451936447763],[-117.38952796501664,33.700921007546],[-117.39037518719908,33.701138995338709],[-117.39100292432389,33.701040684375926],[-117.39163528864964,33.70103803792405],[-117.39265676231743,33.701565068647305],[-117.39343040951883,33.701853528786359],[-117.39496706378984,33.701640754430379],[-117.39681997562822,33.701062512609695],[-117.39922624033845,33.699893639962319],[-117.4004446814517,33.69935489589141],[-117.40090206428245,33.699120958050315],[-117.4014537996737,33.698779208508164],[-117.40200018000995,33.698303432865067],[-117.40236058189865,33.697901197241961],[-117.40285867331144,33.69751395939668],[-117.40360947906488,33.697089938931512],[-117.4039677714738,33.696818483275869],[-117.40585952789374,33.696200649603256],[-117.40650271477894,33.695865236725041],[-117.40680927082309,33.695624996235104],[-117.40709726393833,33.695265339986463],[-117.40737253432941,33.694831244666673],[-117.40759839236884,33.694686712926298],[-117.40800038854401,33.694629114694763],[-117.40936899291908,33.69483464493689],[-117.41000902056315,33.694755375381156],[-117.41099986406049,33.694472133825883],[-117.41284077904031,33.69425252688221],[-117.41400672937853,33.694289301140046],[-117.41498383558444,33.694131999987306],[-117.4152874121487,33.694047852593307],[-117.41574428359007,33.69386317628026],[-117.41624661816026,33.693742133825701],[-117.41674730106755,33.693702238231097],[-117.41787354081742,33.69373241379099],[-117.41825105285471,33.693566779442257],[-117.41857112918066,33.693281695368995],[-117.41884504510544,33.692948775895331],[-117.41906752828636,33.692576622237659],[-117.41938692794361,33.692275463985645],[-117.41986991241251,33.692115884391875],[-117.4208532571416,33.691963183476233],[-117.42130753494742,33.69202316867905],[-117.42178227567159,33.69198716906152],[-117.42225257270665,33.691787528821983],[-117.42265140439116,33.691495522012509],[-117.42285472520108,33.691016314118436],[-117.423020643372,33.690853186851349],[-117.42339231765632,33.690701241701397],[-117.42496259880926,33.690445408911025],[-117.42538033245411,33.690234713159832],[-117.4258982684302,33.689896603716427],[-117.42663358270053,33.689574145087775],[-117.42729438835116,33.689386995312283],[-117.42786897814607,33.689297141941452],[-117.42818670693698,33.689144769652529],[-117.42882443291522,33.68866642922211],[-117.42923658859419,33.688398924434892],[-117.43008453457628,33.688026543085684],[-117.43052273902735,33.687749757754197],[-117.43104175235656,33.687346518435248],[-117.43152600939777,33.687047085969247],[-117.43196878955892,33.686930814183299],[-117.43318017775441,33.686924725933025],[-117.43423328739733,33.687076010637227],[-117.43475126744411,33.687203033060761],[-117.43528449818639,33.687223288432612],[-117.43588563655445,33.687144989312046],[-117.43653622114505,33.687205660749285],[-117.4373885745358,33.687561290688969],[-117.43802522042638,33.687786857241313],[-117.43882806637623,33.687808682952152],[-117.43928148898655,33.687894758843967],[-117.4405396996836,33.687978171688961],[-117.44112281811861,33.688192644857857],[-117.44158074301362,33.688436419393632],[-117.44203423290826,33.688556889197713],[-117.44266687994526,33.688572868371089],[-117.44305157181732,33.688350646133671],[-117.44356392763169,33.68791562419765],[-117.44405270058226,33.687204044234477],[-117.44435368413315,33.68686886568625],[-117.44472509557748,33.686623778001376],[-117.44502863390093,33.686539550705085],[-117.44542109363877,33.686310178620722],[-117.44561402149458,33.686081647129541],[-117.44593833635876,33.685456572632887],[-117.44611127612193,33.685308794933015],[-117.44651522258921,33.685125056732808],[-117.44724907786696,33.684943964487999],[-117.4478502608202,33.684695875898647],[-117.44915878969996,33.683848230680468],[-117.44961401071608,33.683746841127537],[-117.45076719392561,33.683772791232883],[-117.45160764288548,33.68335667961955],[-117.45249143857322,33.683312549793484],[-117.45398255915377,33.683661000798814],[-117.45431219361755,33.68360327653707],[-117.45471235739542,33.683469052929148],[-117.45474509452895,33.683220555435213],[-117.45496586223393,33.682931456780793],[-117.45523916577328,33.682680472582817],[-117.45570996727095,33.682392479235652],[-117.45643126715728,33.682096582489201],[-117.45704781360411,33.681772093211464],[-117.45740792333405,33.681404929813191],[-117.4573814708001,33.680821282800665],[-117.45720892612111,33.68037986166572],[-117.4569000580712,33.679754085792275],[-117.4567890805023,33.679179533896715],[-117.45689995045467,33.678112915449169],[-117.45706925616585,33.677778404245444],[-117.45749871784564,33.677601407571373],[-117.45803874295854,33.67757657094495],[-117.45860062766174,33.677405109333613],[-117.45898108816104,33.677011290549245],[-117.45908516721514,33.676556045020476],[-117.45923506674492,33.675075305781661],[-117.45930095000425,33.673859948656968],[-117.45928755622798,33.673368789903101],[-117.45910483554056,33.672645476625441],[-117.45883960928818,33.672204783289551],[-117.45834406078502,33.671852526453748],[-117.45788507897859,33.671605963136855],[-117.45755881402226,33.671321893201956],[-117.45694715524721,33.67078929345125],[-117.45635263559116,33.670398719594196],[-117.45576203746147,33.670184150235599],[-117.45509052764554,33.670107889976933],[-117.4546300843846,33.670143479573262],[-117.45419360543315,33.670271824746422],[-117.45365758597356,33.67051041918176],[-117.45322025224142,33.670660451936463],[-117.45251881322221,33.67101259593894],[-117.45201637768449,33.671111530835503],[-117.45137904306691,33.671046456913679],[-117.45063598254244,33.670880018744],[-117.44933386799806,33.670765013076419],[-117.44873732479645,33.67050093922267],[-117.44816262402648,33.670133309657537],[-117.44771203295564,33.669794710524449],[-117.44716133825247,33.669546035887223],[-117.44601642453621,33.669437046485235],[-117.44515316879165,33.669524139134992],[-117.44469876503879,33.669471596441966],[-117.4439997365053,33.669580177978048],[-117.44349052358643,33.669753625315401],[-117.4431478964249,33.669777470267007],[-117.44279973946657,33.669674879826601],[-117.44267055821821,33.669469824133721],[-117.44263538546303,33.669118297398875],[-117.44246836633924,33.668780700606369],[-117.44182880314662,33.668252854169786],[-117.4415628307538,33.667974217337104],[-117.4409460874349,33.667203554574762],[-117.44066955369271,33.66668305037652],[-117.44050057705444,33.666474265146917],[-117.43967338039708,33.665674319085404],[-117.43917337638733,33.665631421078579],[-117.43846645123092,33.665818447409904],[-117.43799176552838,33.665862682495217],[-117.437550040622,33.665882569115304],[-117.43710951641144,33.665834540416789],[-117.43607251529518,33.665526894516191],[-117.43484810188549,33.664977008102824],[-117.43334444710528,33.664596444534965],[-117.43297168076184,33.664417434103122],[-117.43207281077498,33.663539104850322],[-117.43127154283431,33.662810706657709],[-117.43098445766843,33.662654492848475],[-117.43065890929138,33.662849251197358],[-117.43035922614598,33.663150063915573],[-117.42995480109063,33.663318788654067],[-117.42927221699644,33.66318600598985],[-117.42809022071685,33.662894727732905],[-117.42736685203103,33.66275734884313],[-117.42680868270222,33.662679815305609],[-117.42609037929599,33.662688588235106],[-117.42521216430102,33.66293590463912],[-117.42491839968761,33.663214277095207],[-117.42447693409447,33.663761646697417],[-117.42421798534382,33.663963259384126],[-117.42387994179907,33.664147015950391],[-117.4235095957999,33.664231349354296],[-117.42307568261104,33.664244040111328],[-117.42119387775602,33.664085880486006],[-117.42065852578838,33.664234130658379],[-117.42018120708329,33.664456981156356],[-117.4196856988755,33.66463882058936],[-117.41921683373208,33.66466958432359],[-117.41878318477167,33.664110205751257],[-117.41846059001823,33.663518378257962],[-117.41821409498078,33.663239276737187],[-117.41769976693961,33.66277842309006],[-117.41719577257251,33.662460170780449],[-117.41645611583454,33.662162502120168],[-117.41600231124762,33.662092653679245],[-117.41552316702722,33.66190663046055],[-117.41492960315949,33.660998205114161],[-117.41459064634221,33.660646751408919],[-117.41320366469594,33.659963514260021],[-117.41288638777702,33.65944397965405],[-117.41275286036567,33.65910626527458],[-117.41276174012286,33.658869919032625],[-117.41198572138401,33.658267710065601],[-117.41156489947893,33.658211013426126],[-117.41105418538206,33.658002832756232],[-117.41005321475991,33.657453838114677],[-117.40942769841105,33.656964161158783],[-117.40939175918716,33.656610343570527],[-117.40939145513613,33.655598134202322],[-117.40930423160606,33.654704631344018],[-117.40919675861414,33.654297309750874],[-117.40887991937792,33.65386319143645],[-117.40816593976082,33.653577026188387],[-117.40693911609758,33.653705137019827],[-117.40653163925872,33.653667906076329],[-117.40585601819414,33.653393321350087],[-117.40485562391395,33.652865981601316],[-117.40404949220445,33.652528342541693],[-117.40374973296449,33.652299295672933],[-117.40365242275531,33.652143681537318],[-117.40355361154029,33.651637307325167],[-117.40350771534227,33.651129873046656],[-117.4033614587506,33.650688930148817],[-117.40299633891536,33.650382826508597],[-117.40262327457229,33.650185927652288],[-117.40218404768667,33.650034036898383],[-117.40173323755795,33.649710737519079],[-117.40029500765928,33.647902847772073],[-117.39952038360923,33.647136194013385],[-117.39832330924538,33.646030535694514],[-117.39811508995751,33.645774249703138],[-117.39780254939271,33.645540382004668],[-117.39751286795519,33.64549876525107],[-117.39705878285235,33.645502705134568],[-117.39650438883585,33.64561259920017],[-117.39611598287442,33.645590993571574],[-117.39547924445459,33.64544918660242],[-117.3942180450197,33.644688485616498],[-117.39379257604948,33.644482754957487],[-117.39328726468344,33.644343959701175],[-117.39280061677067,33.644258032206068],[-117.39188482882216,33.643787524182557],[-117.39152814318977,33.643421224496684],[-117.39148665792953,33.642516899063793],[-117.39109210340044,33.641929522636261],[-117.3905259746258,33.641408684412831],[-117.38998887008317,33.640665463466462],[-117.38931439032855,33.640361196405351],[-117.38879830090907,33.640060577531706],[-117.38839451266186,33.639130984077411],[-117.38811582672389,33.638787054210233],[-117.3877696226288,33.638564223538353],[-117.38705739355527,33.63819506266357],[-117.38673126465629,33.637920528046322],[-117.38592421237821,33.636631398954648],[-117.38564963014312,33.635969232984273],[-117.38544738404796,33.6353039316609],[-117.38527436051866,33.634896742366884],[-117.38478798601854,33.634314274988064],[-117.38431271328888,33.633957052205467],[-117.38378899875586,33.633688659930407],[-117.38321832177041,33.633507708970768],[-117.38271029619051,33.6336177756789],[-117.38223209817107,33.633966492368153],[-117.38183202819388,33.634393143795052],[-117.38159086958393,33.634714077499574],[-117.38129858438761,33.634915955720381],[-117.38090973972426,33.634939391541643],[-117.38028912906012,33.634506336878665],[-117.37997181749716,33.634129042435838],[-117.37950154066009,33.633809702471446],[-117.37901664673007,33.633678370835923],[-117.37843147179025,33.633573744679104],[-117.37662646709208,33.632650267051957],[-117.37608246327687,33.63198916589964],[-117.37602942271126,33.631443750454942],[-117.37614144135421,33.630954619747406],[-117.37612654329926,33.630560076238879],[-117.37600432129319,33.630314493845006],[-117.37588275329395,33.630242050020129],[-117.37540992618099,33.630133783682055],[-117.3742924321356,33.629541142726879],[-117.3737412147559,33.629455331824964],[-117.3730579679593,33.629389867107207],[-117.37234145638033,33.629383108155395],[-117.37144176405369,33.629308932997539],[-117.37091942501179,33.629001871588507],[-117.37051593758673,33.628691931941617],[-117.3699000066035,33.627927032323043],[-117.36904289183435,33.626991326708534],[-117.36865884839908,33.626679299570576],[-117.36815448556695,33.626515868205161],[-117.36754909415785,33.626506302557225],[-117.36637085077069,33.626676565246953],[-117.36588572911016,33.626518098472069],[-117.36559472164974,33.626158591722564],[-117.36522675336221,33.62503854689998],[-117.36518663060124,33.624785824813372],[-117.365027717239,33.624378906380308],[-117.36491473311659,33.623790636298267],[-117.36442749743551,33.623402036527203],[-117.36389308315181,33.622589379718718],[-117.3631533921891,33.621270059317894],[-117.36288270199198,33.620660076058954],[-117.36244708179268,33.619824339062205],[-117.36130538379199,33.617956222533095],[-117.36102793173616,33.617418270518087],[-117.36088299005817,33.617017026337649],[-117.36084212636868,33.61642874577079],[-117.36089896748535,33.615691050566028],[-117.36112097148488,33.614914907136765],[-117.36220231441798,33.613373793147993],[-117.3629105480108,33.612718109795907],[-117.36375647723929,33.612003262669909],[-117.36408379346238,33.611364070899057],[-117.36435125895865,33.610544701405047],[-117.3646291892165,33.608827796604295],[-117.36503948132413,33.607148949820889],[-117.36499581808043,33.606968595414962],[-117.36464834394094,33.605720698176874],[-117.36464098834325,33.605197202769546],[-117.36519601332284,33.603895289749495],[-117.36526061022994,33.6034755278151],[-117.36518781169883,33.6029099092558],[-117.36486457828249,33.602387225897175],[-117.36377367740437,33.602372539491768],[-117.36299869218401,33.602703850332269],[-117.36221042805644,33.602821672322342],[-117.36142743010997,33.602553307339321],[-117.36068336172892,33.602020799465123],[-117.3599397117968,33.601576847604242],[-117.35898571966666,33.60129741703394],[-117.35811782961569,33.600925264211526],[-117.35754543467706,33.600480488337091],[-117.35731344685585,33.599813574656515],[-117.35702981639427,33.599463221154728],[-117.35643317114696,33.599909453652728],[-117.35544329385677,33.600874351162766],[-117.35494440562891,33.601099262470278],[-117.35436593264953,33.601292153355139],[-117.35371580307798,33.601432308116465],[-117.35301230971423,33.601366222340097],[-117.35232746743566,33.600871982138173],[-117.35197749964411,33.600219500829773],[-117.35168059355263,33.599527642245924],[-117.35112774159707,33.599143919572022],[-117.34997131700473,33.599221458115103],[-117.3487494138801,33.599515967334277],[-117.34685781312612,33.599826088222187],[-117.34595255089775,33.60041672708838],[-117.34532858878772,33.600932741121674],[-117.34486980168192,33.601411787709701],[-117.34431851081706,33.601918505613284],[-117.34391179549881,33.602255519517776],[-117.34361662636681,33.602447926676824],[-117.34332088162067,33.602365423824878],[-117.34314200792626,33.601915415450812],[-117.34287114285073,33.601442402327606],[-117.34214750732164,33.601047567268957],[-117.3409517865699,33.600845222078455],[-117.34040547327801,33.600589605712969],[-117.33980547416452,33.599721136526298],[-117.33898356611515,33.599331010332918],[-117.33703726785299,33.59886115112986],[-117.33561704902212,33.59835739043119],[-117.33460441346456,33.598127982414987],[-117.33372289709887,33.598100731747195],[-117.3326130994876,33.598202863576354],[-117.33125876204092,33.598269355801719],[-117.32932019542879,33.598211780610363],[-117.32878861796735,33.598290301191618],[-117.32806538728703,33.598296641890563],[-117.32716505587597,33.598127621486356],[-117.32627128274812,33.598018825061416],[-117.32550130572693,33.598007930942664],[-117.32407641369404,33.59815386819939],[-117.32314254362166,33.598336497648781],[-117.32250563667853,33.598408007021376],[-117.32170340481996,33.598360252354496],[-117.32072467449302,33.598345272390546],[-117.32023182934884,33.598388579753987],[-117.31971996113832,33.598520837614906],[-117.31893095726976,33.598594915355562],[-117.31820920138767,33.598816069204339],[-117.31740109323644,33.599296007847443],[-117.31681039412196,33.599558918026247],[-117.31608059758474,33.599759004572888],[-117.31554933460467,33.599857483991933],[-117.31497694232834,33.599897200232519],[-117.31407007075588,33.599827746142914],[-117.31362384225099,33.600020169455],[-117.31357203139518,33.600376201058687],[-117.31375645281419,33.600976112324879],[-117.31379005396265,33.601350525021026],[-117.31360086045817,33.601911963793995],[-117.31279388412655,33.603117984840232],[-117.31218435627115,33.603870457415383],[-117.31154806211102,33.604400409899242],[-117.31047148247649,33.605133609917885],[-117.30982122886306,33.605502488106609],[-117.30944082160575,33.605882563608191],[-117.30903330353333,33.606207571808007],[-117.30849568713688,33.606427424023593],[-117.30725383295292,33.60717752578617],[-117.30597949944806,33.607514606080649],[-117.30526449021831,33.608009940807655],[-117.30425312250817,33.609040707502459],[-117.30396507380452,33.609431704257062],[-117.30355872133433,33.609815373057089],[-117.3022516739226,33.610355476378274],[-117.30051121472036,33.610930373878489],[-117.29947923737615,33.611361417771356],[-117.29863272249492,33.611888812425356],[-117.29672930744053,33.614053165490027],[-117.29573915472307,33.615374796015629],[-117.29427493552427,33.616722026181428],[-117.29336852873962,33.617137129619266],[-117.29214642881382,33.617264088237761],[-117.29146233948863,33.617193597129123],[-117.29050241635832,33.616684218236834],[-117.28964631420843,33.616128549995757],[-117.28866742305993,33.615948331161334],[-117.28783923873856,33.61593638231404],[-117.28727305348112,33.615884194232116],[-117.2863925287911,33.615477614571155],[-117.28485206399147,33.614324644063444],[-117.28451676751752,33.614109061215508],[-117.28366246486148,33.613852288896283],[-117.28178280812399,33.614365462145095],[-117.28056157138855,33.615725673998874],[-117.27947940085511,33.617144484835094],[-117.27858015445702,33.618163062103292],[-117.27750406399595,33.619309338173217],[-117.27684759489991,33.619880889271158],[-117.27581635790845,33.620381384297296],[-117.27483704040851,33.620620328313905],[-117.27345697392794,33.620857780577374],[-117.27204328186204,33.621039430498918],[-117.2709270001402,33.621436603445353],[-117.26875914577884,33.62295602710396],[-117.26822792838188,33.623580184428704],[-117.26768183544334,33.623975855759582],[-117.26677645090284,33.624387945406518],[-117.26592759914799,33.624684937980625],[-117.26473929493733,33.625175071497488],[-117.26422404787405,33.625329524879348],[-117.26346458235761,33.625630654806365],[-117.26266954039239,33.626124062671941],[-117.26194385255916,33.626788595114022],[-117.26147060589884,33.62732133845963],[-117.26117580957597,33.627743641828651],[-117.26119748170183,33.628052636535301],[-117.2613305314558,33.628476271192213],[-117.26132435270853,33.628904705444896],[-117.26096889978633,33.629989860153295],[-117.26099627111088,33.630914526446816],[-117.2609570219512,33.631426756100929],[-117.26073422011656,33.631822045043435],[-117.26026169635982,33.632240044315125],[-117.26009394099971,33.632478779709537],[-117.25999339903343,33.63264409842882],[-117.25982300879387,33.633115677938854],[-117.25978958044674,33.633708393202902],[-117.25988532967791,33.63439843960861],[-117.25985788783873,33.635007652657848],[-117.25964704175016,33.635524190139769],[-117.25915480366861,33.635984854623722],[-117.25821114270961,33.636715410117581],[-117.25752310857173,33.637533363526465],[-117.25666585512325,33.638229077615172],[-117.25629387109048,33.639073564558593],[-117.25606789792033,33.63971434814875],[-117.25578776577311,33.63999263203106],[-117.25533978580853,33.640103586881835],[-117.25489198665366,33.640116126312819],[-117.25438605939765,33.640094842774637],[-117.25382228186493,33.639969227099307],[-117.25322154202188,33.639665925185867],[-117.25189035995976,33.638918292870848],[-117.25123519100343,33.638722776290528],[-117.25105857949383,33.638594699126436],[-117.25076085302058,33.638631746299346],[-117.24993200318218,33.638815478209366],[-117.24963020280794,33.638814615762911],[-117.24867089388896,33.638655971817599],[-117.24809242810687,33.638706757347464],[-117.247630740134,33.638964532955285],[-117.24728650734303,33.639346715933037],[-117.24694218384431,33.639823026804052],[-117.2465427032575,33.64052528493422],[-117.24626466082921,33.640897487599133],[-117.24605877960519,33.641238718460293],[-117.24564585890708,33.64210954199546],[-117.24532791924076,33.642509524463804],[-117.24503094490775,33.642645824721178],[-117.24403948210104,33.642544162616218],[-117.24355870220249,33.642573908710311],[-117.24302013239073,33.642653561462026],[-117.24246163668468,33.642535354313146],[-117.2414847159455,33.642262577348461],[-117.240946872864,33.64207438739777],[-117.24061994510359,33.641802211070129],[-117.24028009901868,33.641437527866252],[-117.24001961277862,33.641052215005715],[-117.23990962184915,33.640776878535135],[-117.23890463564726,33.639699507025583],[-117.23834588547291,33.638752844378018],[-117.23812519634367,33.638245851425637],[-117.23785212442399,33.637946798439636],[-117.23734797200535,33.637566250892633],[-117.2367254867808,33.637177731405998],[-117.23521792301563,33.636697676122935],[-117.23488438757065,33.636466785967123],[-117.23404197691971,33.635523036991486],[-117.23378870988914,33.635086565944889],[-117.23371178668776,33.63475703500179],[-117.23377608825724,33.633965707252514],[-117.23347092719918,33.633414061746244],[-117.23321036530982,33.633033235097969],[-117.23256931217813,33.632624222701892],[-117.23184968466641,33.632115715671318],[-117.23166695524398,33.631883992035284],[-117.23149928322199,33.631437761024976],[-117.23163311185156,33.631097025954986],[-117.23191728119127,33.630796351697988],[-117.23216368042124,33.630347567008606],[-117.23232491533591,33.629742454331961],[-117.23232660977868,33.629539465283472],[-117.23215129954198,33.62922047955778],[-117.23204821573289,33.628868610751987],[-117.23198503589248,33.628482754665967],[-117.23186304515748,33.628117986592414],[-117.23175180210552,33.627941857929819],[-117.23134444248569,33.62790680221471],[-117.23021484428723,33.627908776706064],[-117.22939326141898,33.627949304558037],[-117.22829485786094,33.628074965499906],[-117.22772335350383,33.628082390347558],[-117.22724437272721,33.627966900067975],[-117.22687023489043,33.62782069468544],[-117.22645857493966,33.627571508009908],[-117.22605981364039,33.627228724220977],[-117.22557770564417,33.626562745346241],[-117.22508773624159,33.626053626378905],[-117.22452434396506,33.625892628624598],[-117.22404608328814,33.625669980331551],[-117.22358866459,33.625343802564601],[-117.22345692956942,33.624796356264859],[-117.22369534800906,33.624234592516643],[-117.22375554855499,33.624053918093338],[-117.22378203837116,33.623821672691825],[-117.22363060815972,33.624020123025765],[-117.22330760499568,33.624255832766814],[-117.22299726576296,33.624591936208091],[-117.22271712103156,33.624959529027905],[-117.22255527015764,33.62524429769806],[-117.22210774251911,33.625621309186421],[-117.22126992855216,33.626058388799144],[-117.22030945823754,33.626217811477993],[-117.21973890390638,33.626198442555342],[-117.21906088894725,33.626294569400443],[-117.21806602623214,33.626598634436782],[-117.21730470658105,33.62661150578051],[-117.2166595047736,33.626722820244751],[-117.21590750206677,33.627204269333539],[-117.21564360259899,33.627324085512718],[-117.2152818514494,33.627372159980254],[-117.21480734351282,33.62756688310693],[-117.21465557057074,33.627682433185903],[-117.21440926525896,33.628097627370259],[-117.21413260695098,33.628240557849658],[-117.21334893105417,33.628428794207821],[-117.21280422854625,33.628774623418657],[-117.21255387655522,33.628475212154228],[-117.21228579895889,33.628220471705369],[-117.21217607229514,33.628065223246033],[-117.21178921030996,33.627815742787092],[-117.21129159908271,33.627623017920769],[-117.21086507634222,33.627549348838905],[-117.21020812950529,33.627534012813172],[-117.20995197304582,33.627462838062002],[-117.20934896853322,33.627172781999455],[-117.20925854985964,33.626952016518352],[-117.20924678200851,33.626798329374679],[-117.20914989481304,33.626517364812713],[-117.2089483634356,33.626242542590283],[-117.20853717603615,33.62580098551711],[-117.20803941309705,33.625578637672938],[-117.20771773390459,33.625531805153855],[-117.20740918486592,33.625571002991187],[-117.20713832567716,33.625672592214734],[-117.20681606388288,33.625704391043065],[-117.2064418906189,33.625646391768299],[-117.20591779313121,33.625502624235203],[-117.20539223354466,33.625396035632264],[-117.20420346358299,33.625395439117909],[-117.20389492459731,33.625310279699789],[-117.20363273123081,33.625166483252414],[-117.20346054178788,33.624733636729047],[-117.20338220639618,33.624414188056193],[-117.20307386757054,33.624265868399476],[-117.20271919442527,33.624022508926245],[-117.20242471986155,33.623695759671726],[-117.2021486872724,33.623452641313754],[-117.20195136462901,33.623518818082921],[-117.2018324722406,33.623771339618408],[-117.20177148408148,33.624091855196788],[-117.201593034514,33.624448366463305],[-117.20112937762308,33.625127185693827],[-117.20073954986262,33.625450546955911],[-117.20041605676089,33.625641053942921],[-117.20017331905765,33.625737981567795],[-117.19977823492098,33.625786013883406],[-117.19935882951695,33.62569697259255],[-117.19897750093605,33.625660466368089],[-117.19863542473723,33.625704447136663],[-117.19809619634145,33.625651353834421],[-117.19776799597248,33.625664925616043],[-117.19755025855916,33.625726376149451],[-117.19724915485581,33.625707076987787],[-117.19707188455058,33.625662088935982],[-117.19679658737455,33.625551492220936],[-117.19657429903143,33.625408112852469],[-117.1960664731908,33.624799999027239],[-117.19537181473665,33.624271021455371],[-117.19541158887442,33.623812662089428],[-117.19559941865671,33.622800517230189],[-117.19552366421703,33.621833159162641],[-117.19554886740946,33.620176333497341],[-117.19567469512911,33.619632418020473],[-117.19602660386059,33.618642349848699],[-117.19613385110283,33.618075686336489],[-117.19568421395016,33.616556831608285],[-117.19577161322054,33.615884784706644],[-117.19615854655787,33.61417459428818],[-117.19671612070083,33.61251456621261],[-117.19739707058818,33.611541689975454],[-117.19720127836209,33.611259664037988],[-117.19660922305677,33.611026737568174],[-117.19623545467812,33.61062581931305],[-117.19603299300171,33.610289757078064],[-117.19578349308657,33.610150761781718],[-117.19521198591751,33.610132942436863],[-117.19465248503808,33.610170672392812],[-117.19428958637164,33.61040531523858],[-117.19398632307687,33.610753367439656],[-117.19370170981031,33.611274186677768],[-117.19331293176911,33.611482793431826],[-117.19270670563348,33.612046934609275],[-117.1921723816573,33.612438055863564],[-117.19161926417482,33.612689666515031],[-117.19115190788357,33.612863902695324],[-117.19065071658984,33.612922796586048],[-117.1896632191385,33.613454062472329],[-117.18926056086408,33.613745506543701],[-117.18852745602018,33.61475680721707],[-117.18806629215166,33.615030420678529],[-117.18757250456561,33.615128421905702],[-117.18671022180756,33.61540279989012],[-117.18644741242512,33.615400777020099],[-117.18608672961764,33.615453275137391],[-117.18596783440154,33.615520542509351],[-117.18569005859034,33.615850300564155],[-117.18537199831543,33.616367456981685],[-117.18504911938584,33.616692432804342],[-117.18475232071395,33.616794193029847],[-117.18446205506389,33.616955028301334],[-117.18423794457431,33.617196453729242],[-117.18394130778296,33.617388729469859],[-117.1834603276166,33.617518317725555],[-117.18294123992358,33.617507082729659],[-117.18196189250418,33.617378093103632],[-117.18157360199287,33.617448794489441],[-117.18119763534986,33.617717460480513],[-117.18089532600916,33.617794532407032],[-117.18046164646456,33.617621313123344],[-117.17970556456089,33.617516751002803],[-117.17911170833416,33.617761095184093],[-117.1785983579702,33.618194956543277],[-117.17798403370281,33.618773193566838],[-117.17637626961466,33.619830574965569],[-117.17584220737432,33.620149129484858],[-117.17565657081116,33.620548852209637],[-117.17556924870553,33.621033945732528],[-117.17539693740125,33.621389722869225],[-117.17477563980808,33.622342239137375],[-117.17449844717453,33.622710642735946],[-117.17438365886444,33.623238457452416],[-117.17453434972487,33.623792634076622],[-117.17449257154529,33.624360911237048],[-117.1742628327485,33.624983927071476],[-117.16780595738987,33.625148912147878],[-117.16093718928416,33.625132116504844],[-117.16060247318005,33.625193076353206],[-117.15983720797877,33.626178046850598],[-117.15936664460762,33.626898774010506],[-117.15884326547794,33.627542610211606],[-117.15841120209559,33.627982946661071],[-117.15712898075314,33.629589750456645],[-117.15670418702886,33.630260924472005],[-117.15614277945508,33.631366482907239],[-117.1556915277355,33.631988220056435],[-117.15348732628752,33.634375191431857],[-117.15311668690116,33.634529786097858],[-117.15235749533289,33.635080824481207],[-117.15186677827543,33.635660343086194],[-117.15151923109187,33.636388968506353],[-117.15092774256122,33.638094690577937],[-117.15055544377249,33.638677181622974],[-117.15011274699724,33.639081106816057],[-117.14956593915252,33.639298557749143],[-117.14876883493423,33.639524653706651],[-117.14819474453357,33.639871968156626],[-117.14752433854754,33.64067817328683],[-117.14698593773058,33.641522644489172],[-117.14645138390924,33.642634254800868],[-117.14601111893694,33.643241238571427],[-117.14570122390809,33.643670205680969],[-117.14480215825503,33.644237715248714],[-117.14364825267356,33.64481848892131],[-117.14206959250052,33.645844232086681],[-117.14082360016452,33.647211368009238],[-117.14032341892553,33.648197765632311],[-117.14014555659377,33.649149723936759],[-117.14016986518641,33.650186006920094],[-117.14024327618762,33.650962158556908],[-117.13993930703856,33.652841134285346],[-117.13993698141122,33.653176915978662],[-117.13986804881134,33.65355582743328],[-117.13974060660702,33.653950465144447],[-117.13950712544029,33.654360460051315],[-117.13915684240251,33.654683775053549],[-117.13872105732202,33.654808107614329],[-117.13823631996863,33.65467404590499],[-117.13723535276354,33.653971173957864],[-117.13676073041199,33.653286127470885],[-117.13663629433255,33.653214165008492],[-117.13576316289178,33.653208440778009],[-117.13523156801692,33.653112097717703],[-117.13494899647283,33.653024602183073],[-117.13448904768947,33.652988425327528],[-117.13391170444086,33.652881050559657],[-117.13322449535235,33.652410528605174],[-117.13282481340237,33.652226428862591],[-117.13211018594752,33.652039434518578],[-117.13144496475385,33.652126366647636],[-117.13095851710042,33.652282094704667],[-117.12843662606221,33.652762947801378],[-117.12740854126643,33.653165465053334],[-117.12668856493653,33.65357240855672],[-117.12604719968307,33.654069321925832],[-117.12559199304059,33.654552347781383],[-117.12532153761474,33.654725932984114],[-117.12482778820974,33.654868477197084],[-117.12444644346654,33.655015018951424],[-117.1240639657503,33.655239050966905],[-117.12361512199504,33.655602115405038],[-117.12261186661478,33.656543777670578],[-117.12207062577147,33.656982027052614],[-117.12139861111785,33.657403700572331],[-117.12085049430982,33.657864332308812],[-117.12009201584966,33.658559546149696],[-117.11943163553092,33.659253036336459],[-117.11918108482077,33.659322225213607],[-117.11881964021235,33.659300613456317],[-117.11826683745771,33.659314472043242],[-117.11793875468723,33.659357440897359],[-117.11751668559336,33.659520108768014],[-117.11708196416824,33.659789613660742],[-117.11666085437066,33.659981056340484],[-117.1160215100028,33.660160473241191],[-117.11513342285009,33.660201850433545],[-117.11451609225124,33.660127490948604],[-117.11313537149606,33.660140242937494],[-117.11255678711758,33.660038919745233],[-117.11180042060394,33.659960982366144],[-117.11110414421883,33.659981865466605],[-117.11005929564681,33.659867804471091],[-117.1092566642223,33.659848135596746],[-117.10622224238764,33.660439209580595],[-117.10543247537643,33.660713125898468],[-117.10485132469771,33.661189172763571],[-117.10397328334908,33.661987830605241],[-117.10334075392073,33.662421957052047],[-117.10191775040811,33.66297288082265],[-117.10162840803669,33.663126209252454],[-117.10099492714693,33.663584542891556],[-117.10030057980728,33.664408735828808],[-117.09920727188057,33.666345795272981],[-117.09896095860123,33.666943994409799],[-117.09873424812629,33.667724048537437],[-117.09850263470609,33.66818646854383],[-117.098080478789,33.668349062287248],[-117.09713298360099,33.668390478727105],[-117.09684989483148,33.668528432530472],[-117.09667211611479,33.668671062048439],[-117.09660660009375,33.67016552168711],[-117.09666150759594,33.67102210181158],[-117.09709811543016,33.672057397847759],[-117.09730687503311,33.672421978838386],[-117.09756841909036,33.672697401563966],[-117.09792193709488,33.673176766862284],[-117.09803809120565,33.673539546348159],[-117.09816701504407,33.674234220441754],[-117.09806034443137,33.674579723728208],[-117.09811183591442,33.674820991708494],[-117.09824911610832,33.675048380338147],[-117.09844468877328,33.675488180122265],[-117.09856679184199,33.676038042903144],[-117.09914719049294,33.677243907159095],[-117.09923755021602,33.677602641253863],[-117.09933904007598,33.678420951955928],[-117.09989960811205,33.679644372745791],[-117.0998387075656,33.680093105524165],[-117.09956696589106,33.680418028479941],[-117.09859811038061,33.681102640890273],[-117.09848509669993,33.68127117445129],[-117.0984505847421,33.68154181790571],[-117.0986011821319,33.681755741363922],[-117.09890301402267,33.682082931436994],[-117.09933466703815,33.682463928205884],[-117.09949479620059,33.682564745486182],[-117.09955685525817,33.682822338830583],[-117.09950363689181,33.683124360505232],[-117.09918562180169,33.683561722820315],[-117.09896682853702,33.683967790116647],[-117.09883942696115,33.684446120482221],[-117.09870098146851,33.684655745918562],[-117.09839050008782,33.685005875621563],[-117.09807965772238,33.685246896886852],[-117.09751337406982,33.685393951245857],[-117.09715120426846,33.685590507340201],[-117.09633402360019,33.685933838994792],[-117.09605051762377,33.686136916270641],[-117.09460996388353,33.687622020784623],[-117.09416047182249,33.687993963584653],[-117.09375131069906,33.688147855954341],[-117.09329044743117,33.688278430941402],[-117.09274430372311,33.688491097191225],[-117.09227019700309,33.68871521836477],[-117.0919068951376,33.688796107605761],[-117.09156617492536,33.688728729673294],[-117.09067161180089,33.688441279104048],[-117.09023802227016,33.688416618984405],[-117.08979718474767,33.688459421505435],[-117.08942134390408,33.688651943128392],[-117.08867778133471,33.688925228938153],[-117.08847223194773,33.689143835131262],[-117.08841753827309,33.689457084597166],[-117.08841701493493,33.689829841273429],[-117.08836949858988,33.690122689680329],[-117.08822988560274,33.690280660997544],[-117.08670527327803,33.690148414174125],[-117.08627026481767,33.690060542563486],[-117.08588388281859,33.689833204716336],[-117.08564148076387,33.689531200607782],[-117.08527483254373,33.6893266532864],[-117.08484746289986,33.689186807108875],[-117.08445395326139,33.688997919530998],[-117.08386956326601,33.688700618881136],[-117.08348899437523,33.688434524052774],[-117.08308263939662,33.688219079414488],[-117.08266147245492,33.688112645956352],[-117.08235414925728,33.687908211519023],[-117.0822550534034,33.688045506881359],[-117.08225356420701,33.688260043610029],[-117.08208070706659,33.688595933575719],[-117.08174998449873,33.688963550792998],[-117.08158516195908,33.689072081346758],[-117.08079416273812,33.689406423021424],[-117.08024799084406,33.689591680609368],[-117.07968193471808,33.68969354608042],[-117.07845785495233,33.689750245982161],[-117.07782575393603,33.689924258825897],[-117.076863121278,33.690404711595711],[-117.07647392794316,33.690629276574185],[-117.07611856414266,33.690703261603446],[-117.07578336544729,33.690688125668046],[-117.07529753591758,33.690525853828071],[-117.07432540627586,33.690093893070333],[-117.07355671495468,33.689877225801936],[-117.07249815683737,33.689823956044563],[-117.07169451254038,33.689941910207125],[-117.07029903590225,33.69028480057159],[-117.06917975010251,33.690296453342384],[-117.06762988827964,33.690027384609216],[-117.06647303894651,33.689660775417572],[-117.06603946344973,33.689488820969125],[-117.06558610888302,33.689406030215871],[-117.06478916443837,33.689661443648752],[-117.06440830372533,33.689632673275433],[-117.06409317977639,33.689548671675759],[-117.06236925646991,33.689520049040965],[-117.06111206733063,33.689714978433798],[-117.06074983874088,33.689846280646023],[-117.06011545053563,33.690317904177356],[-117.05975299553229,33.690464719558577],[-117.05940952365084,33.690645288303919],[-117.05919257943886,33.69076851088937],[-117.05853899706447,33.69125683113387],[-117.05824888119783,33.691371075044088],[-117.0579728081687,33.691425386469923],[-117.05753828945579,33.691396900099967],[-117.05708420930956,33.691424024177223],[-117.05643817487207,33.691645491133649],[-117.05610313754973,33.691725892126676],[-117.05508302773802,33.69167964947701],[-117.05416871329223,33.691754283199522],[-117.05378009954383,33.691824544049794],[-117.05333181795338,33.691922005010959],[-117.05253405416995,33.692379451743157],[-117.05200712070797,33.692560584899468],[-117.05138829388517,33.692585081734521],[-117.05106014261885,33.692379742734254],[-117.05086539530134,33.692078033621485],[-117.0501704194574,33.691648290521997],[-117.0483615161608,33.691447792483359],[-117.04785648993487,33.691357930294913],[-117.04733722719615,33.691198343614843],[-117.04690268644515,33.691161648093832],[-117.04659969232371,33.691250469634632],[-117.04613237986128,33.691451165230447],[-117.04580304071992,33.691405640131407],[-117.0451795875791,33.691227823254451],[-117.04404901355588,33.691026038516483],[-117.0430374142183,33.69067199487899],[-117.04268311223734,33.690428158556401],[-117.04253255991958,33.690207674607556],[-117.04238984597653,33.689876595268906],[-117.04202905715452,33.689743405437532],[-117.04037543575917,33.690233398319783],[-117.0369749738981,33.69032414390022],[-117.03669777171685,33.69046210250611],[-117.03644583999608,33.690681086355553],[-117.03599135676676,33.690953405161984],[-117.03569398844616,33.691233528261904],[-117.03452884647503,33.692532213277538],[-117.03433152468648,33.692643484832089],[-117.03378418728843,33.692855580817792],[-117.03342790303172,33.693151063696199],[-117.0332229492318,33.693411868187574],[-117.03277669322874,33.694291772498396],[-117.03241279954383,33.694817392095793],[-117.03224041410084,33.694982328902213],[-117.03200360761416,33.695112316153448],[-117.03141082272312,33.695304324886486],[-117.03109353430116,33.695359173282675],[-117.03019920265611,33.69539269042388],[-117.02980468449316,33.695440152324849],[-117.02883076156911,33.695492139514698],[-117.02856686210204,33.69553485416759],[-117.02796720240933,33.695792634488143],[-117.02771073858082,33.695808470602451],[-117.02652044641962,33.695616514081841],[-117.02606048397787,33.695511402385321],[-117.02562081860272,33.695359995955613],[-117.02482536469641,33.695193056581964],[-117.02442470764785,33.695152656123142],[-117.02415394049817,33.695261150002715],[-117.02408159179956,33.695436887977166],[-117.02405849719473,33.69599850266777],[-117.02355511089452,33.696645644184891],[-117.02359382818484,33.696844311457234],[-117.02386879495153,33.697107854002027],[-117.02391361968792,33.697234502889472],[-117.02376127751279,33.697448737570994],[-117.02346438883427,33.69770542804919],[-117.02314026638562,33.697897114300922],[-117.02242830161414,33.698235624648106],[-117.02224952900701,33.698399842619246],[-117.02206466837544,33.698634933091853],[-117.02196538214227,33.698837032878579],[-117.02190297119388,33.69929555336536],[-117.02185710928181,33.699421796793665],[-117.02169813285303,33.699551830719329],[-117.02147388724896,33.699660690726233],[-117.0209644308362,33.700100123670545],[-117.02072038149797,33.700242592015435],[-117.02032510197677,33.700371197455773],[-117.01985182727967,33.70036045269589],[-117.01932537098216,33.700301481789189],[-117.01830657090113,33.700281166924562],[-117.01798365055977,33.700323985934489],[-117.01762818389217,33.700416708944104],[-117.01760687481575,33.700588426531475],[-117.01795290317953,33.701194713261451],[-117.01783956901953,33.701456218557183],[-117.01773331000096,33.701555499421971],[-117.01712686785797,33.701839820017881],[-117.01679594815258,33.702031586309737],[-117.01655953679025,33.70221203598031],[-117.01636703376936,33.702453401650757],[-117.01608984074419,33.702705786447552],[-117.01554183227009,33.703075660239939],[-117.015244381233,33.703327805090311],[-117.01481348679651,33.703909145078327],[-117.0143566986832,33.704435085352848],[-117.01410524164406,33.704665580446608],[-117.01380175589962,33.704845365714057],[-117.01335327558986,33.704980454163923],[-117.01314268849811,33.70498589926251],[-117.01276905083941,33.704879352009975],[-117.01249352722735,33.704746895570835],[-117.0121251906851,33.704670347592796],[-117.01188790477293,33.704667768851088],[-117.01160553730459,33.70468992664874],[-117.01135387009791,33.704836682824066],[-117.01065301533278,33.705565370320222],[-117.01033455763968,33.705998243449613],[-117.01015566776458,33.706307349425657],[-117.01000864807575,33.706629140732375],[-117.00996615370505,33.707272318629144],[-117.00982631450556,33.707493330945461],[-117.00956261350029,33.707645955869566],[-117.00934554486395,33.707616834118227],[-117.00915502266302,33.707581076419046],[-117.00907127346728,33.707513155878125],[-117.00845811982616,33.707436362885808],[-117.00766975980801,33.707419209985197],[-117.00735986370711,33.707339699574661],[-117.00667834087136,33.707046497509765],[-117.00636219293246,33.707078745138418],[-117.00611674464524,33.70731954466644],[-117.0059839137473,33.707603935048972],[-117.00583180710964,33.707775003097602],[-117.00563345350929,33.707883388710023],[-117.00540280567705,33.707937627936275],[-117.00490317620431,33.707935420477149],[-117.0045472594272,33.707993683569697],[-117.00319475361667,33.708627304455945],[-117.00281325553965,33.708586486324037],[-117.00176294533054,33.708291669507823],[-117.00145500906839,33.70804359435413],[-117.001154226637,33.707696439422072],[-117.00097827201701,33.707410092704727],[-117.00083443784861,33.707272925008546],[-117.00085018848529,33.707141661794573],[-117.00072676505683,33.706981344173869],[-117.00047107858362,33.70684177019659],[-117.00016284334535,33.706808517787017],[-116.99988070477178,33.706645679599525],[-116.9997323345123,33.706289859493189],[-116.99965693304735,33.70588550503566],[-116.99941923583886,33.705182762435207],[-116.99942805280536,33.704923016674769],[-116.99932560239601,33.704609859060589],[-116.99913695382661,33.704320640374853],[-116.99909827157506,33.704113225406786],[-116.99914753030629,33.703872622531854],[-116.99904432540482,33.703579456881805],[-116.99871619539205,33.703438809729462],[-116.99851433891395,33.70324059944339],[-116.99833237617381,33.702970459791956],[-116.99773617954142,33.701878952865819],[-116.9967356676262,33.701091978165202],[-116.99636388743679,33.700715853158236],[-116.99592150969427,33.700174316149017],[-116.99558310722657,33.699682618039184],[-116.99525012007253,33.699323870832337],[-116.99464329743012,33.698798829982913],[-116.99415564143359,33.698118192757718],[-116.99379274292707,33.697446221275136],[-116.99279117543199,33.694442071015672],[-116.99267621036925,33.69398053383658],[-116.99249040016512,33.693501907598403],[-116.99200209062217,33.692778107707156],[-116.99108313542868,33.691756664201655],[-116.99053738563723,33.690983395423203],[-116.99007412095727,33.689742811689143],[-116.98972327569147,33.688471393508308],[-116.98933315873759,33.687808561157297],[-116.98879439976483,33.68700303370823],[-116.98839676543841,33.686538483439442],[-116.98767121437524,33.686098790669242],[-116.9861361328619,33.685503882111242],[-116.98507609240272,33.684908048143157],[-116.98433682735012,33.684430176952539],[-116.98338245232125,33.683715340117885],[-116.98243642350272,33.682869881898554],[-116.98143737502613,33.681913030366957],[-116.98045328448976,33.680900463146905],[-116.97838115629725,33.679322262314393],[-116.97759712472991,33.678783366081475],[-116.97699613244673,33.678307152295979],[-116.976232874734,33.677533332530103],[-116.97555069249221,33.676588258073316],[-116.97402573546509,33.674155544604453],[-116.97366846027384,33.673652536891908],[-116.97312375039805,33.672718450714321],[-116.97274504163846,33.671568573421219],[-116.97268873016431,33.671286508621215],[-116.97269063232534,33.670989644822441],[-116.97262744634938,33.670693850375777],[-116.97225357062113,33.669832012892876],[-116.97215202544615,33.66941985983884],[-116.97202965017752,33.669095132128191],[-116.97175713460015,33.668659225858356],[-116.97107962508581,33.667929396972596],[-116.97032047213132,33.666797271364587],[-116.96979660918228,33.666431345699237],[-116.96963493638077,33.666111198944463],[-116.96957318248269,33.665610718420787],[-116.96940789349134,33.665033307462402],[-116.96891217402928,33.664512768580046],[-116.96868138977057,33.6638064237832],[-116.96848556496818,33.662106494054719],[-116.96850164706082,33.661738932042475],[-116.9684514168588,33.661447987262918],[-116.96802737556858,33.660350177007807],[-116.96787131233646,33.659443654817785],[-116.96775577962978,33.659028031091538],[-116.96756808985548,33.65874608196215],[-116.96724739093841,33.658531663779904],[-116.9657661172883,33.657984119411054],[-116.96502510933342,33.657650121428098],[-116.96346160858501,33.656804271486905],[-116.96240470753504,33.656562188119693],[-116.96199792845647,33.656449211311333],[-116.96174321900432,33.656343103117003],[-116.96127820098857,33.656070648101846],[-116.96108940410973,33.65585352220382],[-116.96110461313923,33.654919996363539],[-116.96075856739037,33.654665385587911],[-116.9603670365332,33.654304659051533],[-116.9601555882239,33.653632382988206],[-116.9599414656861,33.652494165038547],[-116.95981405788001,33.652020403259812],[-116.95968636672394,33.651668714243065],[-116.95912118159586,33.650828726575696],[-116.9590703052082,33.650547642342502],[-116.95939204309485,33.649889677447732],[-116.95948822317783,33.649411179642705],[-116.95949138726718,33.649127018375552],[-116.95942832285645,33.648723783972017],[-116.95925477719017,33.648355356654882],[-116.95889053712575,33.647872976983209],[-116.95839266753251,33.647668148808982],[-116.95790898044768,33.64737454988304],[-116.95766861156443,33.647008851814839],[-116.95759356038369,33.646524071587585],[-116.95749788674625,33.646233871774754],[-116.95738125084188,33.645252531373821],[-116.95724619281248,33.644873564348963],[-116.95685844178949,33.644160997631971],[-116.95639522014046,33.643730630245514],[-116.95529510167646,33.643179664886297],[-116.95489046290217,33.642934155439391],[-116.95459700389827,33.642575188831678],[-116.95429120583451,33.641528413105497],[-116.95405205993325,33.64107079596554],[-116.95378554436702,33.640685476908494],[-116.95304904524819,33.639959000001831],[-116.95241527612421,33.639478339377952],[-116.95193933134861,33.639011514856328],[-116.95157554650343,33.63858043686961],[-116.95097845208491,33.637680873821473],[-116.95078473538908,33.637252394474288],[-116.95072808282305,33.636981845630828],[-116.95085673347602,33.636553287428356],[-116.95125566970778,33.636044057527599],[-116.95144243680542,33.63567206174303],[-116.95167627135112,33.63533799847648],[-116.95212128112105,33.634786002958656],[-116.95241841335323,33.63462819228166],[-116.95335142634404,33.634639774520785],[-116.95392685987615,33.634279655315829],[-116.95444106066931,33.634144589024537],[-116.95502543330802,33.634252525511279],[-116.95561925676731,33.63470162650561],[-116.95604508964448,33.634841960154894],[-116.95646040559026,33.63472875010153],[-116.95697553630887,33.634447367301711],[-116.95757721440474,33.633998821393824],[-116.95809988266114,33.633721572402855],[-116.95871717779063,33.633726309572907],[-116.95945958832712,33.633789697671716],[-116.95989518275901,33.633569314262573],[-116.96015347490042,33.633377711368048],[-116.96056814002121,33.633334714065242],[-116.96091083576302,33.633138352620946],[-116.96221114771365,33.632514522928439],[-116.96255659890308,33.632158335371059],[-116.96231947113448,33.631427252000591],[-116.96218940800904,33.631191126807856],[-116.96198689611158,33.631078245837919],[-116.96160594325144,33.631059854292467],[-116.96132287425337,33.631080163081513],[-116.96094240799513,33.630996046354547],[-116.9606620654484,33.630822434265731],[-116.96045498199169,33.630459586344493],[-116.96033924951718,33.630051269896484],[-116.96008733444643,33.629593316339673],[-116.95997782816772,33.629269179863932],[-116.95984868844052,33.629043794742984],[-116.9596407705167,33.628781864068763],[-116.95952541842205,33.628479007505945],[-116.95954115665617,33.628094234577482],[-116.95978317044856,33.627518717413942],[-116.95992782794562,33.626777288377362],[-116.9599299605611,33.626475035927612],[-116.95980118585194,33.626231603870671],[-116.95941477454282,33.626075726334193],[-116.95899389286301,33.626061870982504],[-116.95826507948571,33.625980823774249],[-116.95780638660658,33.625741202079602],[-116.95754139514627,33.62531700404395],[-116.95733112066834,33.625205050562073],[-116.9570944806061,33.62522744638283],[-116.95677857924377,33.625367005230544],[-116.95642891627386,33.62546418439738],[-116.95601535345251,33.625400616202896],[-116.95560256701376,33.62525584377601],[-116.95540657177708,33.625140592936233],[-116.95516446606962,33.624822770430214],[-116.95438000478306,33.624252045637832],[-116.95406643033469,33.624084839171282],[-116.95347016349031,33.623893687213936],[-116.95329378992052,33.623794188712353],[-116.95306614590109,33.623468563012572],[-116.95291883526103,33.623007194022051],[-116.95266546825579,33.622675515229609],[-116.95163862644209,33.622190464070812],[-116.95143670006964,33.621888073527039],[-116.95146807367014,33.621299558901349],[-116.95142034033573,33.620771231498473],[-116.95109514361251,33.620372744995159],[-116.95061015086169,33.620205419819285],[-116.95007088340148,33.620179895297376],[-116.94944059825579,33.620209151255956],[-116.94816040749836,33.620032802271076],[-116.94766826958913,33.620017001190192],[-116.94694260530864,33.620309577040004],[-116.94629753979193,33.620433742294637],[-116.94604688885212,33.620645519013308],[-116.94587742682302,33.62121565267752],[-116.94578733354837,33.621700511846257],[-116.94561948151123,33.62217595415413],[-116.94537509869629,33.622390430163406],[-116.94488030623343,33.622556713328187],[-116.94428025955825,33.622910489374533],[-116.94390874671208,33.623320922236431],[-116.94345925662044,33.623604871147599],[-116.94307775243344,33.623663078898829],[-116.94239691388601,33.623394846669008],[-116.94174278645124,33.623001845482605],[-116.94108739629218,33.622755711938268],[-116.94061083594714,33.622422482799522],[-116.94025317127802,33.622002222053389],[-116.93886526355668,33.620680484754857],[-116.93854643092106,33.620310889187081],[-116.93856359964266,33.619839567259866],[-116.93910201786323,33.619093314478825],[-116.93903385406416,33.618511403282923],[-116.9387041162075,33.617927481611225],[-116.93814922931477,33.617451405004417],[-116.93774433207055,33.617243608764682],[-116.93747077775598,33.616983551388557],[-116.93724413348545,33.616494634433728],[-116.93706521712433,33.615903236066309],[-116.93707332513735,33.615030956072914],[-116.93703868060615,33.614916358883903],[-116.93697673208543,33.614706287870113],[-116.93667131151044,33.614329727826586],[-116.93625482891304,33.61389883805893],[-116.93606303004248,33.613249277693527],[-116.93605041782646,33.612408018352752],[-116.93598797640033,33.611983882004303],[-116.93549271909524,33.611526607728592],[-116.93375138119426,33.610878488752682],[-116.93282238937437,33.610438207495719],[-116.93204267441472,33.610195982217988],[-116.93153111051951,33.610083682545444],[-116.93136390721091,33.609974526197],[-116.93134585313901,33.610241092896175],[-116.9310382119689,33.610811145151743],[-116.9306657377185,33.611385906651428],[-116.9302409170423,33.611841668529117],[-116.92969264668105,33.612276300962122],[-116.92877747084079,33.613253974503706],[-116.92843316751001,33.613518173993434],[-116.92816204409206,33.613840172116142],[-116.92790294043513,33.615695502026611],[-116.92795630557835,33.616230468197656],[-116.92790642637874,33.616796508098851],[-116.92745662144104,33.61706235001683],[-116.92674725023957,33.617063957781745],[-116.92607513761067,33.617328822168808],[-116.92563678106947,33.61785498071707],[-116.92544086418732,33.618512896190495],[-116.9251516898249,33.61924756218383],[-116.9249824909505,33.619910748092046],[-116.92527707063147,33.620704663327103],[-116.92532510903261,33.621247411630193],[-116.92485754642588,33.621439722748399],[-116.92417926750652,33.62163702575176],[-116.92304797884195,33.621686341769909],[-116.92160905497904,33.621660767205427],[-116.92087892781012,33.621831524724612],[-116.91946544627812,33.622703341361834],[-116.91880671639116,33.62287406957843],[-116.91812089861168,33.623135150340794],[-116.91672730542896,33.623995923589774],[-116.91616666280478,33.624276739227781],[-116.91521286663362,33.624325749128673],[-116.91384765372256,33.624230729963436],[-116.91290249746089,33.624031531683222],[-116.91215467017651,33.623972491517577],[-116.91134065271926,33.623840007261343],[-116.90965459648396,33.622825039099595],[-116.90927388662379,33.6228270646791],[-116.90862851386746,33.622905304599207],[-116.90786753563548,33.62284644945067],[-116.90674476683242,33.622702965467354],[-116.90569306170075,33.622723013043299],[-116.90486244297803,33.623102698298496],[-116.90418063354359,33.623613912493298],[-116.90351426668217,33.623979210282016],[-116.90311876919266,33.624109957906228],[-116.90272251512992,33.624293983424131],[-116.90228057534131,33.624544435800274],[-116.90188285136306,33.624844018428902],[-116.90138460349154,33.625544127451157],[-116.90109706277325,33.625704325064802],[-116.90005759868036,33.626488023981928],[-116.89949015589046,33.626803538579054],[-116.89860569881891,33.627145628182724],[-116.89781506315333,33.627404547524023],[-116.89732498669568,33.627730635734082],[-116.89695325534696,33.628217610423363],[-116.89669810018555,33.628704120075419],[-116.89644473472285,33.629840661293571],[-116.8962770901794,33.630845617696906],[-116.8960549380661,33.63140013450267],[-116.89566261671423,33.6318873891138],[-116.89509473195713,33.632186790464054],[-116.89447124478878,33.632116390224759],[-116.89403149739044,33.632007892409263],[-116.8933669803681,33.632047191838552],[-116.89208790874748,33.632467776682432],[-116.89168658554503,33.632530924051338],[-116.89126689818849,33.632409142351932],[-116.89086188436447,33.632153514860512],[-116.89018638731895,33.631888774635797],[-116.88927956811038,33.631922521616339],[-116.88870068306041,33.63197765626154],[-116.88826058406492,33.63196387915027],[-116.88774728420626,33.632021957378704],[-116.88730581685986,33.632146027076345],[-116.88666141888559,33.63219681824517],[-116.88575595468798,33.631997914630141],[-116.88547972235288,33.63200639454115],[-116.88491378588722,33.632092064408539],[-116.88449796246809,33.632215128593053],[-116.88413022163789,33.632194862211549],[-116.88349981196299,33.632103604240989],[-116.88303246147785,33.632200720135017],[-116.88285478594416,33.632281562703511],[-116.88249754858552,33.632370988983098],[-116.88197327458062,33.632330603773681],[-116.88143283068699,33.632393247056712],[-116.88076754308192,33.632563575824626],[-116.88041736453717,33.632747943287804],[-116.87964086868226,33.632841886217513],[-116.87914025421712,33.63298796871301],[-116.87859452634882,33.633021437415977],[-116.87774075328028,33.63293923610231],[-116.87745759532,33.632986685765204],[-116.87721967975644,33.633082786978953],[-116.87665115404189,33.633482192682287],[-116.87638780474506,33.633402721162106],[-116.87609190034472,33.632764014101689],[-116.87556766407029,33.632800020236147],[-116.87494671545389,33.632904710594424],[-116.87353239036882,33.633266373412681],[-116.87291515841218,33.633550497412969],[-116.87216753167452,33.634056893514526],[-116.8713139780436,33.634984501712786],[-116.87054494899461,33.635921462161825],[-116.86976345771292,33.636516318011424],[-116.868877517274,33.636761665084997],[-116.86775598073585,33.636906603402757],[-116.8664842443555,33.637306258661745],[-116.86605553490375,33.638061418233121],[-116.86588891529318,33.638807770599847],[-116.86551591520956,33.639380341351348],[-116.86460574487916,33.640125824046812],[-116.86422966219426,33.640528536927633],[-116.86397951935325,33.641180350913778],[-116.86366576584548,33.642706554562039],[-116.86379036962329,33.644088140366804],[-116.86349963883248,33.644453737915917],[-116.86299170819792,33.644518045693161],[-116.86164299343072,33.644509429823117],[-116.86092641042333,33.644473488475043],[-116.86008640374607,33.644372633600987],[-116.8588514815103,33.643974601192134],[-116.85805195904035,33.643771101028491],[-116.85738969707081,33.643691254683027],[-116.85663910396988,33.643697458479849],[-116.85603160518221,33.643766326546483],[-116.85372948360114,33.644069807105687],[-116.85361640186831,33.644126174248974],[-116.85326924024221,33.643738366119194],[-116.85295215276649,33.643442467635708],[-116.8526707326094,33.643062971200465],[-116.85223013359675,33.642704146274028],[-116.85211605279008,33.642505277627244],[-116.85198067807713,33.642036786124237],[-116.85192219890128,33.641659825650152],[-116.85148111720289,33.640685374083887],[-116.85137938025591,33.640184531300797],[-116.85143641430446,33.639639312755172],[-116.85137753237517,33.639280395779977],[-116.85118846414333,33.63884988407689],[-116.85080840731526,33.638485674796797],[-116.8503089941581,33.638115334609402],[-116.84968817549499,33.636917606257278],[-116.84928451073733,33.636384941663579],[-116.84881054658334,33.636053095913915],[-116.84835813508646,33.635662337919513],[-116.84797569470147,33.635028185619973],[-116.8477538313326,33.633990728835407],[-116.84783957059238,33.633325345849947],[-116.84797345787345,33.632838946259071],[-116.84832452902748,33.632083366921115],[-116.84842517083325,33.631644000062259],[-116.84842796841869,33.631192871782268],[-116.84827071653376,33.630834851402447],[-116.84803904223391,33.630561344329067],[-116.84785554108008,33.630838521280296],[-116.84764197730506,33.631007705270967],[-116.84728261568546,33.631200735827029],[-116.84682647118576,33.631319731281529],[-116.84624636271974,33.631404795822625],[-116.84546399327881,33.631662752852812],[-116.84471959316838,33.632083327697863],[-116.84343153109069,33.632621290044831],[-116.84286308446076,33.632794098411395],[-116.84221725163788,33.632794974864382],[-116.8413898181351,33.632728461774398],[-116.8383989906489,33.632576432825459],[-116.8373456334452,33.632633579578197],[-116.83670141268757,33.632602884691174],[-116.83619563105174,33.632546447534686],[-116.83545737953129,33.632330945516145],[-116.83481313272229,33.631971711489697],[-116.83417707861857,33.631533453729048],[-116.83364430196549,33.631217083225906],[-116.83306210420918,33.631033854794218],[-116.8327144092695,33.630967445093219],[-116.83232244259409,33.63084536736995],[-116.83128863015827,33.630253265763834],[-116.83023378396295,33.630028866367326],[-116.82955777218899,33.62997552407839],[-116.82900850905808,33.629803342746335],[-116.82842653376589,33.629311304821094],[-116.82806877702444,33.628738109226767],[-116.82727540765303,33.627636622375277],[-116.82694210637938,33.627236725959023],[-116.82647079910026,33.626783003568065],[-116.82597781050518,33.62644150175921],[-116.82382848802391,33.625369639730678],[-116.82317600034452,33.625076082088441],[-116.82244120103374,33.624986928570806],[-116.8220355081808,33.624888971590998],[-116.82158468969214,33.624681442918401],[-116.82113034706197,33.624293043019598],[-116.82069199358149,33.623716723531366],[-116.82048769251395,33.62327527675388],[-116.81984356249473,33.622379000259762],[-116.81791261484106,33.620376340246786],[-116.81757470208977,33.620118647060536],[-116.81714585398734,33.619851372673395],[-116.81666778967421,33.619643906052467],[-116.81555241393693,33.619538365130282],[-116.81493689391301,33.619399214317518],[-116.81441543405921,33.619157249249369],[-116.81337980784429,33.618483688477482],[-116.81280534146535,33.618261939476092],[-116.81182101456842,33.617653829106047],[-116.8114570194397,33.617349435013629],[-116.81122558394635,33.617048774091238],[-116.81075942978775,33.616554535136927],[-116.80965358026957,33.61575263283784],[-116.80873174411087,33.614957015613321],[-116.80846866735129,33.614530812371818],[-116.80829784483942,33.614063776789862],[-116.80802953312121,33.613499510764299],[-116.8077147368673,33.613045620049611],[-116.80722719515953,33.61262324660585],[-116.80637998678891,33.61217516072535],[-116.80606664919854,33.612028146340677],[-116.80574577113147,33.611942371421641],[-116.80537959070641,33.611802032792113],[-116.80447818457858,33.611412228742736],[-116.80356146439331,33.611244473279349],[-116.80265388011105,33.611300917185076],[-116.80220827198313,33.611226264681179],[-116.80184941727393,33.611013911225783],[-116.8010381108883,33.610344881518678],[-116.800525125674,33.610396103879665],[-116.80008337762538,33.610501772141248],[-116.79927018550424,33.610356092760334],[-116.79852082996231,33.609930783894107],[-116.79761850059768,33.609222761265329],[-116.79699259101245,33.608809953392615],[-116.79648496192978,33.608520328988412],[-116.79601389764746,33.608393346572711],[-116.79503014240204,33.608251530459086],[-116.79457724623347,33.608257888859569],[-116.7933061834615,33.608909424428575],[-116.79295687085704,33.608994285479802],[-116.79256240091013,33.608996635932641],[-116.7917572024227,33.608812222740085],[-116.79071671344293,33.608499296320119],[-116.78971959733941,33.608430392946687],[-116.78909165022675,33.608234908349047],[-116.78698033996952,33.606954966236927],[-116.7858129375838,33.606409946952525],[-116.78488632121261,33.606006566490031],[-116.78470187530417,33.605580555134587],[-116.784502431424,33.604842207061651],[-116.78422640458305,33.604365925753136],[-116.78376386535825,33.604054123045515],[-116.7832413540736,33.603884167109904],[-116.78279783361252,33.603660322921506],[-116.78237542055244,33.603314390088237],[-116.78202030767766,33.602903554849341],[-116.78170016575457,33.602327591673493],[-116.78149312599643,33.601662061402131],[-116.78122183151473,33.601334818731722],[-116.78077459179259,33.600912596988991],[-116.78052331373853,33.600574074269069],[-116.78040572954259,33.600126832546486],[-116.78042529219668,33.599644568100089],[-116.78055070058241,33.599185072664753],[-116.78056655510439,33.598528688215474],[-116.78031023627335,33.597592698175276],[-116.78024430731942,33.597175683268311],[-116.78042622517917,33.596460589643151],[-116.78047010224202,33.596092664924264],[-116.78033735891249,33.595729880215231],[-116.78003431483984,33.595363931104174],[-116.7791853927086,33.594535458242341],[-116.77910487904924,33.594187668703405],[-116.77927685221884,33.593667173289063],[-116.77930266815558,33.593239219096041],[-116.77921928036734,33.592638687789218],[-116.77920762120159,33.592129284736075],[-116.77959218859502,33.591439991723284],[-116.77963619624167,33.591127073594869],[-116.7796621909911,33.590702801245527],[-116.779370348001,33.589953629115307],[-116.77931885786118,33.589414331349168],[-116.77936719422587,33.588836990672874],[-116.779629581892,33.587498924618394],[-116.77984795790218,33.586946457670045],[-116.78019878760483,33.586315695379952],[-116.78062019708683,33.585754605999469],[-116.78206403713459,33.58442306504633],[-116.78240682820835,33.583915883430151],[-116.78262510274668,33.583422903300324],[-116.7818808929994,33.583069505719521],[-116.78129737166419,33.582506900394087],[-116.78065357549292,33.582093471510483],[-116.77990774022433,33.581888912668795],[-116.77922132436944,33.581655598828981],[-116.77816388819201,33.58118947524823],[-116.77787137459964,33.581412108618991],[-116.77763588068743,33.581855795831061],[-116.7771499589244,33.582305896826313],[-116.77665903042789,33.582613977382316],[-116.77634270491717,33.582709874101525],[-116.77549047588819,33.582579827787612],[-116.77481989534994,33.582139355599153],[-116.77427828711031,33.581945959655449],[-116.77357410062115,33.582017259644751],[-116.77310945179816,33.582341286255705],[-116.77255172333979,33.582809337069548],[-116.77201588577456,33.58348444659871],[-116.7715361176047,33.583997578593511],[-116.77097977365753,33.584298703759103],[-116.77030991488431,33.584320172306633],[-116.76971315064051,33.58420839119858],[-116.76799313786549,33.583718725214084],[-116.76705658786348,33.583484401929994],[-116.76631639640217,33.583381164767239],[-116.76565932598236,33.583402989631118],[-116.76497476525421,33.583496219521713],[-116.7635835328874,33.583448241985266],[-116.76247520541246,33.583315558183457],[-116.76180115788608,33.583142839255608],[-116.76014987096464,33.582900400392447],[-116.75959355804014,33.582779816461951],[-116.75904657662737,33.582900369187428],[-116.75817804115577,33.583458701717767],[-116.75702910258477,33.583841773634475],[-116.75640737523332,33.583731738303761],[-116.75542155254395,33.583732507724754],[-116.75467607589509,33.583971997102523],[-116.75409260548948,33.584383938025816],[-116.75321169263182,33.585243078652063],[-116.75245508813057,33.585796132853076],[-116.75180022684437,33.586108440260041],[-116.75096659947384,33.586206344761251],[-116.75032276799759,33.58638103954204],[-116.74808867818574,33.586737339708854],[-116.74686653408904,33.587138204324198],[-116.74574274028862,33.587636666137755],[-116.74426445853729,33.58819060588101],[-116.74310822178261,33.588723910009243],[-116.74153705522988,33.58959582248599],[-116.74061049690329,33.589749622230485],[-116.73965094181243,33.590133446900111],[-116.73855973558331,33.590958523019779],[-116.73769230578142,33.591123855075367],[-116.73669393493923,33.591369483704945],[-116.73585200349555,33.591692643438563],[-116.7350635709015,33.591868440995739],[-116.73433598043802,33.591515210196157],[-116.73323327841372,33.590843456421787],[-116.73291173671652,33.590172809082326],[-116.73259154589006,33.588765571152535],[-116.73200698228091,33.588022169868708],[-116.73146256018121,33.587507249229532],[-116.73131226656795,33.586994970106396],[-116.73091849995279,33.586246944162909],[-116.73026916483386,33.585581192542698],[-116.72959357723208,33.584826124088728],[-116.72889799787514,33.584188654741638],[-116.72796578465157,33.583436024504188],[-116.72681089440584,33.583176141217493],[-116.72541197767269,33.583241402640361],[-116.72400592436193,33.583267255476152],[-116.72330264129674,33.583127874289374],[-116.72210170223002,33.582809624315985],[-116.72089278737516,33.582912791524869],[-116.71962532937685,33.582982346104046],[-116.71685913309625,33.582941863045683],[-116.7153426012673,33.583082843798174],[-116.71394925890334,33.583460347546044],[-116.71312070101223,33.583955219099941],[-116.71226467663348,33.58557657007038],[-116.71150174735526,33.586884442055172],[-116.71064580680186,33.587746003392951],[-116.70982970629771,33.588718673755537],[-116.70879031215158,33.590219860348583],[-116.70820463970796,33.590937496610685],[-116.70763939661495,33.591389509328323],[-116.70666654202732,33.59191057554505],[-116.70597643827037,33.592546772552417],[-116.70517951459134,33.593622639522984],[-116.70463979326172,33.594683718678446],[-116.70432273464684,33.595595854437867],[-116.70387594441914,33.596129703087676],[-116.70327064247032,33.59656329970116],[-116.70286290235492,33.597096599814911],[-116.701873250888,33.599234577746465],[-116.70076102118297,33.601200311007048],[-116.70011585899015,33.602129959832354],[-116.69920771699074,33.60276596389825],[-116.69833315357253,33.603194488154664],[-116.69763601697765,33.603688567646394],[-116.69733343862714,33.604226577592492],[-116.69717534277633,33.604787711505637],[-116.69686516529876,33.605346383751453],[-116.69631227045332,33.606176878559339],[-116.69521252136671,33.607538259208113],[-116.69405498132734,33.608362654145935],[-116.69331250154231,33.608747071178918],[-116.69237197348397,33.609179850548678],[-116.69144494187938,33.609547014002999],[-116.6907478003948,33.610030329886257],[-116.69017494546249,33.610667043740293],[-116.68992446275821,33.611326398569716],[-116.68983740534453,33.612250882934163],[-116.68963862493962,33.613107796522179],[-116.68919715553892,33.614129907678247],[-116.68873639320262,33.614815839620483],[-116.688308028831,33.615266376788732],[-116.68803808142322,33.615640352633882],[-116.68753101007579,33.616684803545958],[-116.68708301129507,33.617039999401243],[-116.68650449982772,33.617133056601446],[-116.68498644304441,33.617115664813461],[-116.6842965989926,33.617301320642788],[-116.68394136692802,33.617548121354652],[-116.68339503218272,33.618054716701543],[-116.68308565929692,33.618421019238639],[-116.68179116576613,33.618904811357183],[-116.68123103082412,33.619282665235744],[-116.68093488565547,33.619533979798554],[-116.68059978090211,33.619226339112828],[-116.67935230396513,33.618973148226708],[-116.67853737185364,33.618871406222631],[-116.67764485419879,33.618844362149289],[-116.67665253223605,33.618474258741706],[-116.67554970688447,33.617911949941792],[-116.67456484394219,33.617316425244155],[-116.67385632844616,33.617014703158134],[-116.67310699073008,33.616947544932742],[-116.67190523146191,33.616633566046069],[-116.67094628682862,33.616472528198031],[-116.66934297027392,33.616536479055732],[-116.66890904907771,33.616370300649649],[-116.66848316155108,33.616012817701204],[-116.66747993753614,33.614805546172306],[-116.66715771410841,33.614498241102297],[-116.66637794439291,33.613272417835375],[-116.66576264459617,33.612501569441974],[-116.66491641773625,33.611863773710276],[-116.66432517783086,33.611498904021495],[-116.66369530889013,33.611019202410311],[-116.66194306569199,33.609550615121975],[-116.66154338223772,33.609268084028926],[-116.66120295577677,33.608906065858562],[-116.6610066023232,33.608497819512372],[-116.66100066641182,33.608030887623833],[-116.66087065507156,33.60750275635457],[-116.66029908636109,33.60718354173973],[-116.65939272593884,33.607000829352835],[-116.6585853853871,33.606801847583505],[-116.65796838366565,33.606378345657596],[-116.65760211494931,33.60583872169137],[-116.65733316744621,33.605364019168277],[-116.65705141335634,33.60504094416553],[-116.65666425692341,33.604821920698647],[-116.65582328550489,33.604830360839017],[-116.65493588978535,33.604789753971495],[-116.65434504197472,33.604641425607198],[-116.65386004697406,33.604410479732934],[-116.65363625116082,33.60411871941713],[-116.65383464190116,33.603711131330314],[-116.65448655740842,33.603178178174872],[-116.65466448890695,33.602815970182526],[-116.65466532239844,33.602364741317295],[-116.65456066836769,33.601932111702354],[-116.65434524136687,33.601338265925584],[-116.65397894808315,33.600720772561104],[-116.65314547529292,33.600328913959636],[-116.65219947478357,33.600145817483117],[-116.65138517770784,33.59987520961883],[-116.65048668075941,33.599308788836829],[-116.64972475113936,33.599081491135657],[-116.6491075955207,33.59917432156923],[-116.6483057079901,33.599152273225485],[-116.64738623477773,33.598907576327164],[-116.64678285993122,33.598698208586704],[-116.64503013072857,33.598202299317606],[-116.64320524520794,33.597143558830069],[-116.64112635663051,33.595794095675629],[-116.6405156887112,33.595582757075526],[-116.63934096151998,33.595053472287518],[-116.63862609026683,33.59448057402777],[-116.63820012902269,33.593875904874523],[-116.63804312264162,33.593385857769249],[-116.63759115029468,33.592791151386223],[-116.63709264919822,33.592476530091005],[-116.63646911099634,33.592156766171392],[-116.63542062015669,33.591066823669124],[-116.63496851277256,33.590500010680721],[-116.63472032057051,33.590000756311959],[-116.63434083473658,33.58967470745776],[-116.63354596448298,33.58933855343502],[-116.63296144996752,33.5891948045793],[-116.63216091171606,33.58891290658962],[-116.63131491808848,33.588385107698279],[-116.63023945175887,33.587552377634552],[-116.63009536049815,33.587084417163645],[-116.62991265647575,33.586748427206381],[-116.62849636717579,33.585767579221432],[-116.6282937648166,33.585361031050113],[-116.6278628970696,33.584193809554939],[-116.62782435188832,33.583634776673399],[-116.62771447777152,33.582996058265444],[-116.62728909889293,33.582539446718769],[-116.62659246886585,33.58224705337944],[-116.62599671315971,33.582044280293495],[-116.62511328161851,33.581053892720782],[-116.62465471568976,33.580412103856297],[-116.62437750714875,33.57996440994544],[-116.62403372485549,33.579632601546685],[-116.62270885125623,33.578945205832788],[-116.62211351676297,33.578781036422804],[-116.62138508534133,33.578785512297856],[-116.62083716079917,33.579049773016415],[-116.62040030012248,33.579370675935344],[-116.61987762486226,33.579651176062775],[-116.61906743764035,33.579930179416102],[-116.61843316266867,33.580221755225757],[-116.61649424771544,33.579936425851542],[-116.6159885051282,33.579977139131465],[-116.61515574017442,33.57992514586131],[-116.61464417047166,33.579817897794278],[-116.61404834120876,33.579768476307336],[-116.61337101704301,33.579861010485892],[-116.61246792054601,33.580171289175034],[-116.6113283281273,33.580492813200237],[-116.61113283800387,33.580347919141524],[-116.61060599815586,33.579392638957856],[-116.6100488316648,33.578761362007938],[-116.60963926924474,33.578489033306354],[-116.60913080590574,33.578214884473446],[-116.6074562599714,33.577740445233985],[-116.60692091772258,33.577488880857722],[-116.60644667964368,33.577061180036701],[-116.6060147355643,33.576430826855102],[-116.60556093230946,33.575910924722436],[-116.60374359028934,33.574290436589635],[-116.60339454521733,33.573761838835402],[-116.60322625519957,33.573115968082149],[-116.60295998434975,33.572312864454553],[-116.60264740092009,33.571616687138672],[-116.60223148245919,33.571234985750209],[-116.60148631383797,33.570979916827227],[-116.60093706408757,33.570826905144528],[-116.6005394031301,33.57060031273506],[-116.60014464530242,33.57018849898158],[-116.60014255469916,33.56988438456964],[-116.59964227728486,33.56991616746064],[-116.59901405191219,33.569744690169507],[-116.5983867498872,33.569503827648141],[-116.59743112856987,33.569281884318841],[-116.59687028159541,33.568991698989407],[-116.5964736665066,33.568647505385428],[-116.59611030335215,33.567802547048899],[-116.59589641166126,33.567585977147466],[-116.5953870126322,33.567383654791257],[-116.59422230455687,33.567115887230422],[-116.59342498990273,33.566813756595181],[-116.59266799652136,33.566458970523584],[-116.5922448563694,33.566176309725428],[-116.59049782881367,33.565266211257459],[-116.58937707340677,33.564524752373501],[-116.58890333958277,33.56411953264373],[-116.58781621522039,33.563450403234441],[-116.58720012944272,33.562826235637083],[-116.58601023254104,33.561408549546819],[-116.58542615537161,33.56087023680125],[-116.58492544332771,33.560514683349147],[-116.58429972519249,33.560185241995271],[-116.58384410165463,33.559861212211132],[-116.58332148775938,33.5596161201968],[-116.58196798092007,33.559257318535202],[-116.58168137075334,33.559080831722284],[-116.58131165605963,33.558763620462329],[-116.58074498264826,33.558439621231358],[-116.58012153975582,33.558331635954481],[-116.57893880745927,33.558462819883566],[-116.57830281347948,33.558419881456892],[-116.57777377298177,33.558199097635509],[-116.57749535194243,33.55791171597852],[-116.57725188366393,33.557437824600939],[-116.57673797884323,33.55709283092061],[-116.57646025889051,33.55674228569675],[-116.57642175828619,33.556183206632454],[-116.57653878589633,33.555717415600775],[-116.57656913297245,33.555365492690285],[-116.5764174836023,33.554963769933138],[-116.57623585318012,33.55472641357909],[-116.57594503109132,33.554453864069188],[-116.57561187997457,33.554257059011725],[-116.57455577304002,33.553748381292728],[-116.57410169699394,33.55328896967837],[-116.57383099474235,33.554000872282295],[-116.57327138907779,33.55458244369013],[-116.57290627205889,33.555009973818436],[-116.57267849695228,33.555343232391046],[-116.57229880794193,33.556333594076484],[-116.57163590383324,33.557366127943837],[-116.57088943104442,33.5587667653108],[-116.57059610301599,33.559642375907451],[-116.57041730488642,33.560392303966104],[-116.57033220986732,33.561364525619517],[-116.57039158538772,33.562381719975548],[-116.57047134808718,33.563332985691829],[-116.57061103924852,33.564213551294962],[-116.57102648088845,33.565716245747957],[-116.57114895200348,33.566894149492263],[-116.57110489532522,33.567789195676916],[-116.57076962620459,33.568342280180758],[-116.57029026644557,33.568863636963101],[-116.56986310239057,33.569455411600885],[-116.56933074129287,33.570626132796605],[-116.56887670843072,33.571215387416217],[-116.56842126806215,33.571930977075056],[-116.5683792343882,33.572676852386522],[-116.56868194757604,33.573104047680431],[-116.5691167304433,33.573513509767835],[-116.56943445882173,33.573889530243143],[-116.5696131611287,33.5742641431846],[-116.56956680764181,33.574791582299305],[-116.5692953589038,33.575509924229863],[-116.56915510866473,33.576239286898705],[-116.56891125819394,33.57684112390006],[-116.56843697969433,33.577446099731546],[-116.56814424208422,33.578291001978506],[-116.56808250461025,33.580092275513167],[-116.56800591126016,33.580960072307782],[-116.56818226759738,33.5820205712849],[-116.56875779300049,33.582788848307025],[-116.56938344918959,33.583091281503684],[-116.56957123484359,33.583335313955878],[-116.56935368293624,33.583904654288446],[-116.56777037362343,33.585534237334784],[-116.5670386221687,33.586384128132813],[-116.5643887616564,33.588761998877189],[-116.56373938951124,33.589294811574923],[-116.56309257966086,33.589581191421374],[-116.56143899475281,33.590037196470092],[-116.56064644055691,33.590399244046985],[-116.56003030510172,33.590839958907971],[-116.55985656790894,33.59107299473181],[-116.5596581135334,33.591697053482939],[-116.5594925337888,33.592339042773219],[-116.55934220407815,33.59334447071295],[-116.55936892597637,33.594343451412605],[-116.55977177748785,33.595187749821172],[-116.56087533949213,33.596181662713633],[-116.56122109155625,33.596860059906597],[-116.56135150474624,33.597432614582758],[-116.56122472897985,33.598640989064563],[-116.56126187988878,33.599298988390906],[-116.56144001701095,33.600285648907111],[-116.56224047869613,33.602906462701711],[-116.56232598824043,33.603490327418498],[-116.56220061042994,33.604044402955729],[-116.56186579409395,33.604535147403041],[-116.56097822438353,33.605143343276865],[-116.56055391184489,33.605484397656149],[-116.56013442981693,33.605915577247316],[-116.5598646896957,33.606496850044088],[-116.55975915422259,33.607066736995122],[-116.55979151013699,33.607610095041622],[-116.55996041915759,33.609353457402875],[-116.56014027792574,33.610650374916339],[-116.56014835513038,33.611085804538376],[-116.56004964481822,33.611552127829782],[-116.55961156988343,33.612504518502618],[-116.55944075619669,33.612986688972477],[-116.5594210580598,33.613464414376281],[-116.55955450761616,33.613898016319553],[-116.55984399680226,33.614352719039225],[-116.56086165693016,33.615415078325974],[-116.56140112067634,33.615877371314447],[-116.56199574774034,33.616107554688519],[-116.56247818873975,33.616370389301778],[-116.56340127852022,33.61760330003991],[-116.56379064262664,33.61802407310968],[-116.56403515263169,33.618421279696506],[-116.56413403493298,33.618829554222742],[-116.56412327176,33.619746977613687],[-116.56407885734357,33.620103250739227],[-116.563691069303,33.621193397988336],[-116.56361257996075,33.62168288230297],[-116.56373742731873,33.622183918115255],[-116.56422892249172,33.623357702256179],[-116.56441669735837,33.624023929742975],[-116.56444926099739,33.624616908707189],[-116.56434578755891,33.624968577892844],[-116.56421583294463,33.625200132009383],[-116.56382984395482,33.626644287163309],[-116.56372643572868,33.627288957125984],[-116.56374103914618,33.62810280220458],[-116.56399163049194,33.628858359811218],[-116.5645741172127,33.63007186022071],[-116.56494515989242,33.630613907448691],[-116.56528477241575,33.63094009311304],[-116.56717271895155,33.63190720211955],[-116.56756440092893,33.632244829008741],[-116.56821607059857,33.633029739809544],[-116.56849810389105,33.633269552140113],[-116.56962264386326,33.634089653136051],[-116.57006076710344,33.634530778633341],[-116.57042569116405,33.634989424729007],[-116.57054115955746,33.635310483323387],[-116.57089193264692,33.636774980675796],[-116.57108808180772,33.637794540175257],[-116.5712812928451,33.639341961837523],[-116.5713762066071,33.639811313791377],[-116.57190051118535,33.640925401901065],[-116.57193823217622,33.641276835855628],[-116.57175774832136,33.641585546853022],[-116.57042901740704,33.643185846915308],[-116.56995915740711,33.643578592561717],[-116.56953647001005,33.643807767149852],[-116.56883709770092,33.644069163192654],[-116.56807911111071,33.644267285217502],[-116.56758982072049,33.644540123978302],[-116.56729800943096,33.64492951344188],[-116.56724989873784,33.646040641608586],[-116.56731140434222,33.64665902597045],[-116.56745841137419,33.647225569347022],[-116.56739474959198,33.647675992335074],[-116.56716228173399,33.648087473651223],[-116.56682377778969,33.648504204627315],[-116.56582254440119,33.64946290403271],[-116.56569243875038,33.65013216286377],[-116.56589817637744,33.650735161258211],[-116.56617327090795,33.650927390395061],[-116.56680978008997,33.651146379898385],[-116.567190779051,33.651235484986159],[-116.56888225698884,33.652174853047683],[-116.56977989554794,33.652559377292647],[-116.57077866258022,33.652779150664728],[-116.57202179710255,33.652858246680935],[-116.5723895058553,33.652958778855123],[-116.57256545253242,33.65318436435529],[-116.5726039249116,33.65343990799677],[-116.5726069868019,33.653867841066557],[-116.57257192980316,33.654203241181158],[-116.57248910691126,33.65452111539183],[-116.57214768337803,33.655363614234936],[-116.57193821429128,33.656038641239498],[-116.57184490852966,33.65710524792199],[-116.57170226081023,33.657754368641285],[-116.57129108806942,33.659063213782218],[-116.57113425617695,33.659720922628871],[-116.57105137418374,33.660288659731847],[-116.57099202310717,33.661239811073074],[-116.5710379400098,33.662141990538842],[-116.57116035038953,33.662429127985199],[-116.57144762373188,33.662745505389076],[-116.57173974997427,33.663301193855979],[-116.57207641010811,33.664096543611457],[-116.57258283338541,33.665051265971769],[-116.57278339434602,33.665503208541963],[-116.57331155730321,33.666056994726198],[-116.57419108478533,33.666419484535147],[-116.57589949969073,33.666796900564144],[-116.57675185429096,33.6672197621048],[-116.57726207723221,33.667690072934448],[-116.57760726064885,33.668165282388458],[-116.57789291047426,33.668645733508512],[-116.57819848188309,33.669257899801345],[-116.57881218256212,33.669986570131719],[-116.57976526787867,33.670943188861663],[-116.58031479727553,33.671432726751881],[-116.58100857978337,33.671931125495632],[-116.58205202709821,33.67237211159388],[-116.58259129804516,33.672522065653659],[-116.5831283986151,33.672722426825381],[-116.58352198138684,33.672998540521988],[-116.58412221938775,33.673767653271796],[-116.58477075728216,33.675113811360745],[-116.5852765011805,33.676042229376257],[-116.58568118531697,33.676539216827514],[-116.58606728540663,33.676888154245908],[-116.58644080082611,33.677083567311534],[-116.58701294465422,33.677222641778755],[-116.58941240575206,33.677614430386882],[-116.59014959966272,33.677607865142207],[-116.5909598037149,33.677502247015674],[-116.59161787519561,33.677603278429686],[-116.59204421282733,33.677847908658883],[-116.592643077003,33.678644003218011],[-116.59313524168198,33.678965646168578],[-116.59363927790945,33.679183848187428],[-116.59450184338904,33.679225011474294],[-116.5951344927019,33.679211592537627],[-116.59562221295927,33.679158569335421],[-116.59627347754687,33.679135556825244],[-116.59701909035775,33.679011875153698],[-116.59778266865239,33.679010562113518],[-116.59814901447221,33.679200932740578],[-116.59839715691979,33.679499125720021],[-116.59896011876499,33.680001386231353],[-116.59994116140129,33.680770837847646],[-116.60032066239739,33.681181272807166],[-116.60053410802752,33.681738164871767],[-116.6005803316133,33.68262478410967],[-116.60065770302242,33.682904058296195],[-116.60086629993924,33.68309447176167],[-116.60120779440594,33.683260095538088],[-116.60155460874128,33.683521207751269],[-116.6018162422681,33.683764534587688],[-116.6021162064371,33.684167234279592],[-116.60247557267249,33.684560421897913],[-116.60305279645888,33.684937001265965],[-116.60400771156871,33.685664171826616],[-116.60412046672144,33.685653172769747],[-116.60480381199847,33.685842300999241],[-116.60524971158277,33.686010763042766],[-116.60598367602645,33.686482288082054],[-116.60639653757737,33.686792453956549],[-116.60677598250649,33.687174657517751],[-116.60702955222055,33.687653483167082],[-116.6073080561552,33.688283385649733],[-116.60760836152902,33.688647136345914],[-116.60813835449883,33.689072764397487],[-116.60900417804267,33.689512951033123],[-116.61067074189886,33.690253167951887],[-116.61099786021798,33.690574296626963],[-116.61120010981598,33.690938503623784],[-116.6112044594542,33.691191315884105],[-116.6111161326439,33.692523404593693],[-116.61097163696382,33.693378906129972],[-116.61095389109725,33.694101452161121],[-116.61109994658393,33.694746542661527],[-116.61153612539256,33.695442613412261],[-116.61190310733579,33.695794813638024],[-116.61246670768485,33.696090293629091],[-116.61361526129036,33.696607420363783],[-116.61508279450231,33.697764913595904],[-116.61579008764478,33.698185925382781],[-116.61645358583027,33.698408777859242],[-116.61704516775426,33.698555312891848],[-116.61769625653537,33.69880035324023],[-116.61817431445897,33.699149654648494],[-116.61887595125778,33.699577518263581],[-116.61973652479993,33.699789874708166],[-116.62095348086817,33.699993964291913],[-116.62130748516432,33.70021659489894],[-116.62156762227004,33.700569233396472],[-116.62217192580655,33.70186501762749],[-116.62237752148559,33.702483915396364],[-116.62232446513141,33.703648989889501],[-116.62225446391339,33.70415225789116],[-116.6223097196717,33.705687985860436],[-116.62219221327081,33.70748674372458],[-116.62218756198205,33.708101939390822],[-116.62222471250182,33.70847217312317],[-116.62238356115017,33.709302613163693],[-116.62271065686146,33.710536798409827],[-116.62319815032502,33.711426668596964],[-116.6235235493904,33.71189405020921],[-116.62379644042713,33.712485889416165],[-116.62392443632034,33.713178347308798],[-116.6238460393121,33.713949263051838],[-116.62388162453735,33.714483577616051],[-116.62405685706447,33.714985126246155],[-116.62399262407412,33.715629534172862],[-116.62408146415797,33.716101415343218],[-116.62423854263915,33.716340729787703],[-116.62472288821637,33.716727677667556],[-116.62515521011481,33.71696614969521],[-116.62566259047094,33.717089536823437],[-116.62605175465342,33.717478431216598],[-116.62655475669959,33.71838592626878],[-116.62680944150966,33.71877251482249],[-116.62744168449211,33.719987825420596],[-116.62782942675615,33.720418972322349],[-116.6280779668904,33.720633926054063],[-116.6284120549883,33.721025403537396],[-116.62849020880087,33.721273340019728],[-116.62820362907681,33.722118431387806],[-116.62816936790591,33.722416045472983],[-116.62822033908807,33.722898638418556],[-116.62930172873945,33.725710989210164],[-116.6295166429334,33.726113571798656],[-116.62973262520617,33.72638872324935],[-116.62997550175949,33.726594465088247],[-116.63105127454007,33.727233850682673],[-116.63230086765334,33.727649985230045],[-116.63301745478371,33.727828358259828],[-116.63431265169756,33.72801287437359],[-116.63542405559795,33.728275157784942],[-116.63593030305751,33.728475156124773],[-116.63708516974253,33.729136583912037],[-116.63757192129766,33.729271128796981],[-116.63807155291045,33.7293491144668],[-116.6384720562874,33.729450123840486],[-116.63887312588092,33.729609196394755],[-116.63993148368486,33.729882520484061],[-116.6411485543301,33.730072864800825],[-116.64141793133409,33.730155563277194],[-116.64150200076952,33.730391834285783],[-116.6416099568015,33.731377759238789],[-116.64185837290229,33.731986884325217],[-116.64201235620833,33.732961492565025],[-116.64209621676574,33.733275300572934],[-116.64246838180676,33.73417176471586],[-116.64264399723136,33.734485461625553],[-116.64310307423685,33.735090950970111],[-116.64344988347017,33.73577546320093],[-116.64401215724472,33.736541068604105],[-116.64459554585821,33.737063666887288],[-116.64488478146086,33.737219959762513],[-116.64566665516936,33.737540889799071],[-116.64625630671412,33.73820267364929],[-116.64644011520026,33.73832287432829],[-116.64661022273066,33.73848837156973],[-116.64704260028873,33.739160726143979],[-116.64719268253874,33.739464066857515],[-116.64725115631516,33.739716482866193],[-116.64724969633075,33.739925970576294],[-116.64720785600919,33.740507586662872],[-116.64700027180925,33.741514616517236],[-116.6470121831286,33.741893964204664],[-116.64716214877107,33.742200700770375],[-116.64765323536443,33.743016622017066],[-116.64785647474795,33.743220296602857],[-116.64840743038144,33.743618110444473],[-116.64853796500246,33.743898305098277],[-116.64870058567932,33.744471602942582],[-116.64900607398688,33.745313335065539],[-116.64904792486433,33.746540090647002],[-116.64902692565984,33.746884884362679],[-116.64877913291241,33.747869302874236],[-116.648573130618,33.748423516108225],[-116.64852521014272,33.748869893685495],[-116.64857427552349,33.749727438889309],[-116.64854689367633,33.750167086216088],[-116.64864054857367,33.750552504651814],[-116.64852867017224,33.750772808037894],[-116.64841647430957,33.751255076582048],[-116.64846920242695,33.751850494533286],[-116.64868637909674,33.752379124761319],[-116.64910804956106,33.753058477889049],[-116.64916049753748,33.753421812715267],[-116.64905475087735,33.753982663498014],[-116.64915293556909,33.754644287308579],[-116.64924407925126,33.755886844659187],[-116.64943498264486,33.756606165777079],[-116.64996087010512,33.75723982181848],[-116.65059332476847,33.757635790861926],[-116.65144944705258,33.758041742319293],[-116.65185111401786,33.758349687878088],[-116.65274575275659,33.759385028906749],[-116.65343674271097,33.759769734922926],[-116.65418727543668,33.759999427830742],[-116.65513493046836,33.760004817717459],[-116.65588568567745,33.759950266181853],[-116.6564981976551,33.759869070163951],[-116.65709731167384,33.759769421073536],[-116.65786807562948,33.759592795162462],[-116.65935564215702,33.759477862876395],[-116.65982942034924,33.759253556506053],[-116.66032987589743,33.758884800217466],[-116.66069239021544,33.758554557774133],[-116.66133776211336,33.758181877417464],[-116.66181748637122,33.757944192070568],[-116.66235053029818,33.757770388256695],[-116.6627733402964,33.75755443790986],[-116.66329918743355,33.757350831566235],[-116.66453039516702,33.757032310015731],[-116.66738083317608,33.756219133689982],[-116.66853291642046,33.755959745145681],[-116.66911937869422,33.755702878176706],[-116.66954017791278,33.755453561563712],[-116.67029106288544,33.75533828718757],[-116.67097551763226,33.755574948032368],[-116.67144931277826,33.755862376624236],[-116.67203555297752,33.755987855783189],[-116.67179794300756,33.756246235273665],[-116.67175175672311,33.756702238317857],[-116.67186357491188,33.758280096143409],[-116.67208085595823,33.759588653235106],[-116.67221231566683,33.760105713378337],[-116.67231094607311,33.760408349702217],[-116.6725486078018,33.760711110373393],[-116.67255453609971,33.761035290268708],[-116.67250148781221,33.761398321255292],[-116.67276571117486,33.761663237624155],[-116.67300842298398,33.762053849779655],[-116.67310771133555,33.762565731483086],[-116.67296291594384,33.763184916206136],[-116.67295008713249,33.764059813162838],[-116.67305521692182,33.764818032987996],[-116.67390480518213,33.766314875341443],[-116.67422007824514,33.767188376265352],[-116.6744571171804,33.768871094636914],[-116.6746018788227,33.769410248995641],[-116.67489223422133,33.770234504923771],[-116.67556979761564,33.771433600883626],[-116.67553721210466,33.772104875431609],[-116.67512883212271,33.772627240669493],[-116.67455557961466,33.773137434458114],[-116.67416034501579,33.773643549764245],[-116.674068186707,33.774583763185838],[-116.67414078866034,33.775321282154167],[-116.67406179487757,33.77591646208586],[-116.67415290086716,33.777289807893055],[-116.67410104565955,33.777961344467883],[-116.67376482860604,33.779455542009167],[-116.67352838205117,33.780897667418962],[-116.67353426853377,33.781552008389788],[-116.67387031030557,33.782085195790948],[-116.67430514817387,33.782661045472388],[-116.67450951728814,33.783195710427201],[-116.67493108940597,33.783806407750781],[-116.67586558039255,33.784830009627093],[-116.67639927869261,33.785681110413279],[-116.67843408231118,33.787842229302463],[-116.67893980932332,33.788299166379375],[-116.68051450441034,33.788871129257082],[-116.68166629432673,33.789095453111202],[-116.68260296936747,33.7893546098408],[-116.68329312181022,33.789584007692028],[-116.68434177790465,33.789821347009536],[-116.68480830399729,33.789957643858216],[-116.68531543762295,33.790277550357374],[-116.68578406423711,33.790645945770962],[-116.68638918840793,33.791310460510829],[-116.68676504249984,33.79337866720536],[-116.68717315561187,33.794798144875642],[-116.68710700692625,33.795628005971977],[-116.68690367739111,33.796073213629839],[-116.68638397601383,33.796415567914693],[-116.68588329872247,33.796891579069197],[-116.68567233736054,33.797486572975885],[-116.68525763508218,33.79841621738202],[-116.68467804290815,33.798938091799883],[-116.68280747119083,33.800038352987855],[-116.68170001716005,33.800813517746398],[-116.68091652469712,33.801462808737995],[-116.6802916930334,33.802087687170413],[-116.67978390307957,33.802731490317619],[-116.67948138121689,33.803705268095776],[-116.67951369440938,33.804584252207],[-116.67948130009735,33.805074211703015],[-116.67933596127561,33.805447775944288],[-116.67921094781423,33.806213887644184],[-116.67992228181299,33.808033051081225],[-116.68038382947984,33.808845923106496],[-116.68050906372815,33.80959479461729],[-116.68028499357088,33.810403962698274],[-116.67975100930407,33.81121195371535],[-116.67912596593794,33.81204178000241],[-116.67873682550743,33.812663969405733],[-116.67854585767658,33.813175209166765],[-116.67857227671965,33.813599197870282],[-116.67872294301719,33.814047703173031],[-116.67932287597782,33.814685861019264],[-116.67978370511712,33.815034026931237],[-116.68091788641716,33.815510445602463],[-116.68126011365052,33.815747702211723],[-116.68225405940838,33.816677349217017],[-116.68366426400044,33.817634375440541],[-116.68467902722249,33.817964314638985],[-116.68545656527412,33.817975456086849],[-116.68644408477341,33.817876012689716],[-116.68704435199604,33.817733936977135],[-116.68770889299175,33.817500713311709],[-116.68838172044258,33.817335377213666],[-116.68942812351045,33.817216191176755],[-116.69022554365162,33.817011053988402],[-116.69129284397485,33.816609961797774],[-116.69194480258328,33.816314019055476],[-116.69300585996768,33.816005731064372],[-116.69399358438245,33.81595612055375],[-116.69511332843214,33.816279175363064],[-116.69652381842914,33.817022306592584],[-116.697854777714,33.817471571603534],[-116.69909922332472,33.817946243631255],[-116.70115512462922,33.818940687402389],[-116.70178808563713,33.819131373944352],[-116.70209767793212,33.819116957724759],[-116.70244053129743,33.819187546395199],[-116.70415962492744,33.820024154075703],[-116.70524662896084,33.820648384522499],[-116.7057278260794,33.821078518747854],[-116.70701340304491,33.822749741613535],[-116.70788367651257,33.824217762816055],[-116.7083050471268,33.824608914671828],[-116.7092675857355,33.825321419942107],[-116.70976167902795,33.825784317790045],[-116.71046725323185,33.826877606188972],[-116.71080947430343,33.827719314044593],[-116.71130394440307,33.828741341814577],[-116.71224002174368,33.829621070414113],[-116.71326804856884,33.83013354074123],[-116.71415778273185,33.830390494272287],[-116.71465895345878,33.830659330573475],[-116.71493618836583,33.831034455650439],[-116.71548245719691,33.831518586328578],[-116.71629359412715,33.832050140170637],[-116.71749302516547,33.832681997682904],[-116.71921889413275,33.833413925278066],[-116.72055643881762,33.833917252975773],[-116.72151948907755,33.834199656631192],[-116.72232262255619,33.834249067057655],[-116.72282425586627,33.834247195829064],[-116.72368054956839,33.834318733974314],[-116.72507756830025,33.834642399987288],[-116.72596059934038,33.834802369310459],[-116.72664573823333,33.834805773069299],[-116.72858986523744,33.835042265544494],[-116.72921572514549,33.835147994048185],[-116.72986880176934,33.835372335879455],[-116.73056023438491,33.835509565448803],[-116.73158180676636,33.835766515526039],[-116.73291337254761,33.83629459510059],[-116.73364487551967,33.836794955828111],[-116.73483168094585,33.837892616334507],[-116.73560945239396,33.838295881189005],[-116.73671717016826,33.83871738271678],[-116.73792968955946,33.839119618504121],[-116.73874599954594,33.83921158470546],[-116.73945812343018,33.839348483987138],[-116.739925939199,33.839356282164516],[-116.7400910295332,33.83935847254493],[-116.74059861503433,33.83918812134322],[-116.74128984579801,33.839045563306982],[-116.74280556905752,33.838902119565084],[-116.74372140941364,33.838660557118033],[-116.74456325897862,33.837976451483648],[-116.74476123575452,33.837499436664288],[-116.74475471229891,33.83690377035925],[-116.74454176779108,33.835250250304718],[-116.74470020897316,33.834601532892677],[-116.74510128162771,33.834022909853076],[-116.74529870014082,33.833477360886278],[-116.74527207350305,33.833205085760433],[-116.74458602406963,33.831780459146998],[-116.74414973048113,33.831065329636239],[-116.74337864678148,33.830213170975689],[-116.74314064027872,33.829719119918536],[-116.74318684333103,33.829466689500507],[-116.74582669093652,33.826664285926583],[-116.74639944491369,33.826352518245017],[-116.74696682572439,33.826401189351351],[-116.74898288858701,33.827257429006671],[-116.74945797497294,33.827366638306664],[-116.75009657428269,33.827318106838526],[-116.75064361112327,33.82717953233162],[-116.75118392129042,33.826975646850642],[-116.75239028521723,33.826991281888354],[-116.75328252252906,33.826868778698618],[-116.75374745857664,33.826994032547873],[-116.75459324773595,33.82742703779374],[-116.75544515554606,33.827629017143295],[-116.75603410780928,33.827555658934678],[-116.75758485870806,33.827186930012033],[-116.75815448335317,33.827082243360721],[-116.75883339048207,33.827071732668394],[-116.76007761618897,33.827119963964819],[-116.7605631677942,33.827187942531218],[-116.76124778063347,33.827491683506317],[-116.76276250413488,33.828876427725568],[-116.76337377242156,33.829207110002443],[-116.76393343948659,33.829205862762038],[-116.76440549602069,33.829026189590245],[-116.76481644554686,33.828912438338008],[-116.76535961251355,33.828818824336665],[-116.76645599495156,33.82872572302297],[-116.76678125317379,33.828650119327577],[-116.76706757262141,33.828495041908624],[-116.76774158161449,33.827918754572423],[-116.76818769904111,33.827448763268848],[-116.76854983732356,33.826941992518194],[-116.76888173764443,33.826331716023091],[-116.76915184065362,33.825540925819013],[-116.76961658398154,33.824348553286022],[-116.76993525868345,33.823715353165611],[-116.7703061823055,33.823100545635455],[-116.77070733426714,33.822596835100605],[-116.77128335178884,33.822193701199119],[-116.77204699997954,33.821992688839075],[-116.77253138630114,33.822121764055858],[-116.77312457265961,33.822357165531336],[-116.77410882653997,33.822551201432397],[-116.77519115151338,33.82301505533173],[-116.77536569554991,33.823396978411836],[-116.77537888838333,33.8244808687896],[-116.77564756739518,33.825047895141573],[-116.77617579916263,33.825551226757042],[-116.77680454257211,33.825694286076484],[-116.77730731745174,33.825630178603873],[-116.77853400688042,33.825312277241764],[-116.77908696744461,33.825342362604445],[-116.77984007466721,33.825557726068695],[-116.78058809046398,33.825665510871509],[-116.78105196656306,33.825553202623482],[-116.78177615350867,33.825574863179682],[-116.78231956770496,33.825706418463497],[-116.78296414708794,33.826041616142042],[-116.7842667723437,33.826405024502932],[-116.7849025851183,33.826822852712297],[-116.78562244436189,33.827798474604769],[-116.78596909906481,33.828177360919739],[-116.78641437199363,33.828555379137661],[-116.78694528398727,33.829211836804426],[-116.78710314050966,33.829764958006749],[-116.78718182141668,33.830305712170038],[-116.78745738220894,33.830888401194372],[-116.78789467565318,33.831355561604937],[-116.78914572950384,33.832185742417217],[-116.78982200595206,33.832831086832847],[-116.79027496863118,33.833179407575486],[-116.79075170406583,33.833358110324944],[-116.79142197645545,33.833436553165235],[-116.79316048545525,33.833474698780726],[-116.79441615193687,33.833585160542235],[-116.7953996410147,33.833535413416222],[-116.79624676505645,33.833408472921427],[-116.79704185477945,33.833466180838528],[-116.7981838190728,33.833956816772336],[-116.79935412209753,33.834840458042798],[-116.80081959430503,33.835300459301607],[-116.80209332690626,33.835498778534806],[-116.80367135978409,33.835388986923235],[-116.80511023916765,33.83557104208888],[-116.80665941516959,33.836367981912673],[-116.80812626935973,33.837003865214243],[-116.8095848436384,33.837176549097997],[-116.8122953802384,33.837954726225476],[-116.8136100248818,33.838053971488648],[-116.81508978400007,33.838211934479894],[-116.81678484258022,33.838426412594849],[-116.8179334874565,33.838621856791463],[-116.81936344738185,33.838910035718477],[-116.82079474990138,33.839417316862558],[-116.8216304361469,33.840004616297321],[-116.82185343159776,33.84055781692085],[-116.82207355796702,33.841265718652153],[-116.82250352413125,33.841762405153446],[-116.82316972408405,33.842020139774796],[-116.82385724641995,33.842201768633096],[-116.8243901048041,33.842525109916764],[-116.82491363297625,33.843215584163673],[-116.82557398857676,33.844267058925368],[-116.82595550250237,33.845104937634424],[-116.82591617340707,33.845629932180266],[-116.82596796691352,33.846224858938278],[-116.82672577509541,33.84734953563467],[-116.82680445114768,33.84787217276989],[-116.82673269184913,33.848388942708624],[-116.82661072070015,33.848843945188683],[-116.82650917112804,33.849463647938869],[-116.82656763338771,33.850052549760541],[-116.82698487645801,33.851347295225807],[-116.827321738668,33.85184190810687],[-116.82857377935828,33.852968545072272],[-116.82894985427679,33.853480598754011],[-116.82969265865476,33.854131191825729],[-116.83085112582789,33.854728249339814],[-116.83149472829813,33.855123447146262],[-116.83475809043576,33.856729315077651],[-116.83551234154228,33.857171546465935],[-116.83656979257189,33.857601635538842],[-116.83738454154003,33.858010303822759],[-116.83772872590312,33.858493535498589],[-116.8380120260217,33.859055425241174],[-116.83843163193643,33.859671567844451],[-116.83910431741539,33.860211866475318],[-116.83978768798609,33.860586390836175],[-116.84017366607289,33.860988481479765],[-116.8403640346953,33.861288958544677],[-116.84073561118706,33.861755738823952],[-116.8413580495293,33.862437853843488],[-116.84196483885768,33.862970941788369],[-116.84284595535762,33.86389394797947],[-116.84355209635437,33.864706638296433],[-116.84437374521956,33.865359034702372],[-116.84505673534585,33.865745356027297],[-116.84561751018921,33.866298593956508],[-116.84596367682079,33.866936902321591],[-116.84650151184594,33.867337234196263],[-116.84711614189538,33.867565481598767],[-116.84792791649936,33.867789866146872],[-116.84882138937996,33.868210789715938],[-116.84944467289795,33.868612331471283],[-116.85018590472532,33.8690298704743],[-116.85124422170549,33.86944461008126],[-116.85196386600154,33.869666706067527],[-116.8526045947052,33.869631176499141],[-116.85329359122372,33.869757705399849],[-116.85437307277205,33.870668071578429],[-116.85484113767795,33.870946314369149],[-116.85582578691113,33.871115951762107],[-116.85675095232234,33.871345404731613],[-116.85767183207005,33.871954767859222],[-116.8580152270934,33.872751683968865],[-116.85804832713254,33.873313054953144],[-116.85789823840335,33.873790428478934],[-116.85768947590149,33.874281975619063],[-116.85745898732519,33.87510726481819],[-116.85744561322535,33.875418143266842],[-116.85758220877167,33.875569084141731],[-116.85833295565,33.87604800120824],[-116.85875637553752,33.876361923839696],[-116.85906540704458,33.876799834198536],[-116.85928697327338,33.877407041628153],[-116.85955681868195,33.877903359369071],[-116.85993135618772,33.878385645944846],[-116.86032858854583,33.87916432202794],[-116.86155483679045,33.880886078771866],[-116.86191347679203,33.881598811125933],[-116.86297227611828,33.883045285397465],[-116.86342143718483,33.88338613314891],[-116.8637849450259,33.883797631114021],[-116.8637793777964,33.884176380745977],[-116.86359727505213,33.88446454722083],[-116.86288596911146,33.885271204255574],[-116.86240634826069,33.886072689230936],[-116.86222361117223,33.887270031171404],[-116.86202498823553,33.887752547182387],[-116.86195580076276,33.888405825214058],[-116.86210939048199,33.888708617563971],[-116.86298236750314,33.889406517449693],[-116.86392566098506,33.890223930189428],[-116.86446012586858,33.890629978750852],[-116.86497611999258,33.890948420252691],[-116.86600429380651,33.891339334092976],[-116.86722305614643,33.891868278064777],[-116.86805024495023,33.892333999827507],[-116.86845140074936,33.892607522183063],[-116.86902268528615,33.892716309329536],[-116.8700581448342,33.89265181268717],[-116.87121055549594,33.892305798873387],[-116.8716402288657,33.892243487080506],[-116.87295307975862,33.892197612830401],[-116.87474953081059,33.892358983432459],[-116.87507834556379,33.892411149316146],[-116.87596679721841,33.892457307959361],[-116.87636422730731,33.892552243170698],[-116.87687250214107,33.892579776263112],[-116.87813817113488,33.892274274641053],[-116.87851312908089,33.892279236828983],[-116.87972313945134,33.892210708728335],[-116.8804844550383,33.892069249729033],[-116.88098779163214,33.891921535646297],[-116.88133491083342,33.89168212356676],[-116.88167399938389,33.891148173555585],[-116.88253264047215,33.890655859711622],[-116.88273851348303,33.890175192896578],[-116.88270737852758,33.88967902545626],[-116.88275767557049,33.889415113712012],[-116.88294069229335,33.889135960960459],[-116.88318046293467,33.888978474986935],[-116.88418646628622,33.88875884522281],[-116.88513910512017,33.888675867564338],[-116.88568786142133,33.888584343158037],[-116.88700120981611,33.888163931662525],[-116.8877299652752,33.887972757085571],[-116.88908368511396,33.887513649643651],[-116.88995634384153,33.887435795367963],[-116.89053606417572,33.88749310371206],[-116.89220902998839,33.888128102056321],[-116.89287363619344,33.888304171852987],[-116.89365161581888,33.888348003673968],[-116.89433150486155,33.888333057025456],[-116.89646862465901,33.888002709594176],[-116.89757225221099,33.887877822266439],[-116.89906524524415,33.887838248718651],[-116.90018036599393,33.888247593619354],[-116.90077262549987,33.888338447430122],[-116.90150661676215,33.888289128073858],[-116.90326841889599,33.888315471019119],[-116.90392259288319,33.888266491732495],[-116.90452456328011,33.888136013486104],[-116.90520785063516,33.887922630340604],[-116.90614129574872,33.887758623037193],[-116.90750644176562,33.887833866926293],[-116.90904096146559,33.888054079203314],[-116.90963765271164,33.888257245807608],[-116.91021370551151,33.888573158050285],[-116.91079638108083,33.888848933717689],[-116.91149933373001,33.889126848768591],[-116.9119927706727,33.889230476529058],[-116.91228984209077,33.889161008668466],[-116.9125439075293,33.889025559493142],[-116.91361718218759,33.888318380051146],[-116.91416140451864,33.888064492173207],[-116.91454421788383,33.888145114018833],[-116.91485689060158,33.888369250331415],[-116.91522307881401,33.88857231708819],[-116.91612775946697,33.888972112290851],[-116.91743461821638,33.889823173544428],[-116.91826808714455,33.890134461173737],[-116.91881528244949,33.890169051705008],[-116.91926252279809,33.890261528705402],[-116.91961522668176,33.89050761339066],[-116.92018621893173,33.891146414367952],[-116.92071996665167,33.891603772114046],[-116.92147161156106,33.892107621228483],[-116.92466283523268,33.893175706882843],[-116.92556600560987,33.893643037753677],[-116.92615281596699,33.894128037993625],[-116.9269322515067,33.894944665172986],[-116.92802716301721,33.895853840472071],[-116.92842505219423,33.896138916696941],[-116.92897014002372,33.896333228888068],[-116.92933159856433,33.89640784524741],[-116.92985765749826,33.896595449598891],[-116.93019571918485,33.896890431153494],[-116.93051377458625,33.897247187878826],[-116.93075317334124,33.897540647698641],[-116.93099175530423,33.897977285752049],[-116.93129649745119,33.898285182805999],[-116.93235196095647,33.898706961280425],[-116.93269282459171,33.898902798428125],[-116.93332040029453,33.899341191100405],[-116.93385948190327,33.899891645404864],[-116.9340770349223,33.900356491942276],[-116.93418295796488,33.900719336676772],[-116.93435713517381,33.900969587887815],[-116.93486458788202,33.901080529262899],[-116.93529397640989,33.901051539061285],[-116.93631495269493,33.900776854265366],[-116.93679744750901,33.900747590473784],[-116.93786618912529,33.900775563056428],[-116.93835343867933,33.900840846781868],[-116.93879946179169,33.901001716210033],[-116.93915896855839,33.901267648907393],[-116.93953604505673,33.901646843538963],[-116.93995657510338,33.902178572550774],[-116.9400225327105,33.902605181382633],[-116.93996681429036,33.902839348140155],[-116.93972114549284,33.903317054637036],[-116.93975027043302,33.903630749772837],[-116.9400092108814,33.903892307655326],[-116.94060375579377,33.904321304538804],[-116.94160870237293,33.904662410115108],[-116.94176222028699,33.904967054959229],[-116.94169768919251,33.905297959627077],[-116.94152725701063,33.905613617453824],[-116.94176932754813,33.906267973502089],[-116.94180829356242,33.906684836863498],[-116.94177310913797,33.907262080503642],[-116.94128780354015,33.909652249748106],[-116.94088792421969,33.910793393111639],[-116.94099284494401,33.912338955977127],[-116.94174921446691,33.915409031101682],[-116.94188736821313,33.916480568124669],[-116.94212715436623,33.919140591719369],[-116.94215566838427,33.921746575145235],[-116.94223162756849,33.923450625186781],[-116.94235561101361,33.924351749072109],[-116.94251090432333,33.924972347090595],[-116.94303179286615,33.926097117119099],[-116.94398397851505,33.928792407436667],[-116.94460618430296,33.930312579528234],[-116.94508695962878,33.931333055713488],[-116.94543687159602,33.932519052623526],[-116.9456816946051,33.933777007396181],[-116.94595703974953,33.93572756745089],[-116.94617303925632,33.936567778057352],[-116.94627677129054,33.937381010920298],[-116.94615581280038,33.937614306139828],[-116.94679908763241,33.938806062432946],[-116.94764843812844,33.940657257046382],[-116.94822436831045,33.942757615234356],[-116.94855416072377,33.94494494922121],[-116.9486653216632,33.947643959263587],[-116.94867969912963,33.950187288681455],[-116.94853203870102,33.952914862962402],[-116.94829514595324,33.955911489156726],[-116.94796775234141,33.958335390867468],[-116.94727776262987,33.960275997426905],[-116.94619050369381,33.962726556594944],[-116.94505312369017,33.964949414841847],[-116.94342782538858,33.967959129169991],[-116.94249003315532,33.96925257082836],[-116.94181232046566,33.969944421227879],[-116.94120379232683,33.970422208632947],[-116.94065008468387,33.970803335544922],[-116.94016963251336,33.971100768382314],[-116.93961745040994,33.971303254871366],[-116.93845385009412,33.971401866955141],[-116.93757218824919,33.971610660444611],[-116.93684587052603,33.971966579147299],[-116.93616609067195,33.972361211167346],[-116.93553832331348,33.972827735528369],[-116.93506980152593,33.973235681710413],[-116.93466510066025,33.973760362122398],[-116.93429579926078,33.974130392271022],[-116.93380908878345,33.974422808075374]]]},"properties":{"SHAPE.AREA":1983870825.5490799,"SHAPE.LEN":328363.62646953197,"OBJECTID":170,"HRC":"SC","HBPA":"SA","RBU":4802,"HR":4,"RB":8,"HU":2,"HRNAME":"South Coast","RBNAME":"Santa Ana","HBPANAME":"Santa Ana","HUNAME":"SAN JACINTO VALLEY","IDNUM":"4802"}},{"type":"Feature","id":175,"geometry":{"type":"Polygon","coordinates":[[[-118.09665600471736,33.756073648065296],[-118.09673418491522,33.75576187405067],[-118.0962065616349,33.75580579522569],[-118.09562504429303,33.755652153754113],[-118.09516079406812,33.755414767294312],[-118.09382396539652,33.754481942267795],[-118.09277636617399,33.753964362275447],[-118.09220280773843,33.753898672151486],[-118.0916045339259,33.753943267736695],[-118.09050882362833,33.754174517939127],[-118.09037055238937,33.754170416879269],[-118.08743357574481,33.753176740828756],[-118.08660129170813,33.754307710909622],[-118.08535265988128,33.755773033201685],[-118.08469646618467,33.756351959819497],[-118.08384352362063,33.756982384760271],[-118.08299581720476,33.757519181835058],[-118.08022441765598,33.758834770531173],[-118.07901289614811,33.759254158627478],[-118.07875647587711,33.759273238892646],[-118.07847278109192,33.759226557263261],[-118.0783219577813,33.759266599355762],[-118.07742664489625,33.759704811445211],[-118.07713067239817,33.768242305570929],[-118.07519205465812,33.769367776598671],[-118.07301682414146,33.77052307316962],[-118.07194749863609,33.771227087815362],[-118.07143377283165,33.771661425831887],[-118.07099703352162,33.771957422151452],[-118.06784260356363,33.773689174874086],[-118.06758702270719,33.773768758840987],[-118.04725911219889,33.77385380145428],[-118.04689589889701,33.776537074198465],[-118.04565954427396,33.776631679162335],[-118.04563690784993,33.777352749184764],[-118.04490749839617,33.777447893522698],[-118.04461438855886,33.779976380374364],[-118.04465899626986,33.783101353638344],[-118.0419156217543,33.783254634491747],[-118.04182006652827,33.791806316986204],[-118.04651330590811,33.796294504127083],[-118.0456895037358,33.79670974871869],[-118.04404597586478,33.797826247907622],[-118.04290185684395,33.798409620819719],[-118.042142556596,33.798730656974271],[-118.0415359038023,33.799138219696395],[-118.04132794791315,33.799332830567536],[-118.04135512009097,33.800779672993471],[-118.04057781812057,33.800765241123926],[-118.04052466916333,33.801657123834467],[-118.03964826394242,33.801621616768116],[-118.03998886560294,33.810295431439094],[-118.032812377677,33.810474926798364],[-118.03045611221722,33.810123474962076],[-118.02898897722493,33.80976892538304],[-118.02810043478071,33.809810478206671],[-118.0281431574643,33.815191276859778],[-118.02497548086296,33.815227165073487],[-118.0247427190849,33.816946092345354],[-118.02476984531464,33.817000851161716],[-118.01204018510973,33.817193543188907],[-118.00615980239684,33.813969731476014],[-118.00611910856438,33.817227410528041],[-118.0009619878998,33.817253828134028],[-117.99922092239397,33.817380958089039],[-117.99828399734044,33.81729589534045],[-117.99804431327969,33.817178421470885],[-117.99769819155391,33.816715928298443],[-117.99739406253099,33.816659934065015],[-117.99589905957933,33.816649179472051],[-117.99398610368296,33.8167931806409],[-117.99367609401786,33.816770283958668],[-117.99339170780198,33.816713981368295],[-117.99329245908126,33.81609923716919],[-117.99252023954509,33.816017185348883],[-117.99078193876221,33.816020993827699],[-117.990618469146,33.816072923593794],[-117.99045719756134,33.816223861568773],[-117.99029311963842,33.816842518072434],[-117.98971922183757,33.816796005712341],[-117.98958635637358,33.816742949087477],[-117.98903256407615,33.816118451021438],[-117.98812991022992,33.816093314890416],[-117.98648486478589,33.816145184185608],[-117.9857700387474,33.816276802173633],[-117.98557109344658,33.816510814122509],[-117.98538773520778,33.816854637479871],[-117.98509125257209,33.817145102376976],[-117.98477746798537,33.817248772504456],[-117.98438935380601,33.817265525854232],[-117.98419065348857,33.817213436708471],[-117.96771792503976,33.817323648018863],[-117.967682847334,33.817225121510873],[-117.96781134523388,33.823698807440664],[-117.96770212960547,33.824124038034213],[-117.96738105267633,33.824799935985979],[-117.96571489540931,33.824796805353643],[-117.96462659037462,33.824719171988839],[-117.96378501218081,33.824780978298385],[-117.96328896988523,33.824683677667103],[-117.96257126939184,33.82438604759929],[-117.9617205855965,33.824332432747511],[-117.96032419739825,33.824319768668225],[-117.95902180119265,33.824388259109902],[-117.95890522833862,33.825083159823357],[-117.95757561609167,33.825113500089358],[-117.95716722214738,33.824805846417057],[-117.95642605857519,33.824640563796137],[-117.95580316440603,33.82476515192009],[-117.95558221146329,33.824900410421797],[-117.95533082752986,33.825151637527718],[-117.95421080573942,33.825129375088785],[-117.9512219695675,33.825172715533029],[-117.94985442262897,33.825275058009431],[-117.9481607122632,33.825217014499323],[-117.94611987952943,33.825246501428971],[-117.94560507281616,33.825193429086553],[-117.94535921589578,33.825092430527476],[-117.94505137667919,33.824865812649321],[-117.94467803317475,33.824348543225874],[-117.94443687972853,33.824159445284096],[-117.94352472142602,33.824002064669379],[-117.94301096141461,33.823998465652394],[-117.94208415585454,33.824077832911179],[-117.9414040706904,33.82399411222282],[-117.94127292386675,33.828909009301363],[-117.93813117735155,33.828893655024132],[-117.93534052172258,33.828972244791537],[-117.934005945965,33.829079411696853],[-117.93350534507495,33.82907558487836],[-117.93300955646841,33.828989165807727],[-117.93205609968253,33.829057826091422],[-117.93113379452126,33.82904351863683],[-117.93017550183191,33.82888668780317],[-117.92899597043885,33.828545921269168],[-117.92877587740749,33.828417021860503],[-117.92809998158286,33.827606949165904],[-117.92691340631613,33.827860458978385],[-117.92655906074431,33.827304335869982],[-117.92516141294817,33.825382178081028],[-117.92382080819365,33.823970853459855],[-117.92196573513471,33.822209202978314],[-117.92114372428391,33.821335136273902],[-117.92036628316876,33.82069698481348],[-117.9190303295193,33.819186485721211],[-117.91875666196249,33.819014319696471],[-117.91812580339862,33.818764709451685],[-117.91771206556976,33.818506498888098],[-117.91754643532751,33.818459332191665],[-117.9158423524571,33.818213901627018],[-117.91531572650157,33.818221374318121],[-117.91519873934325,33.818294553381477],[-117.91506856495272,33.818676021696362],[-117.91502947995835,33.819006684742298],[-117.91515910668207,33.820770886020014],[-117.91540771528204,33.821625623334981],[-117.91579895692486,33.822373829278376],[-117.91941250428158,33.82136522948273],[-117.92021387856876,33.823747092653576],[-117.92083635855339,33.823600710070266],[-117.92140126111376,33.82353214327091],[-117.92172553685324,33.824226234583932],[-117.92236177003431,33.824107156158696],[-117.92271123749802,33.825053988114711],[-117.92305912936517,33.826237371043838],[-117.92053643598366,33.826834427742099],[-117.91863929848377,33.827119961558111],[-117.91802500714334,33.827343249477209],[-117.91786910425287,33.827444514090097],[-117.9178952923595,33.82774672495097],[-117.91833521228709,33.828923328899712],[-117.91845269434761,33.829493828633915],[-117.91853498569992,33.829646710088376],[-117.91810219610772,33.82973538094781],[-117.91964706080034,33.834246776859956],[-117.91792503329471,33.834722362907321],[-117.9173606522974,33.834818389389383],[-117.91633276107027,33.835108039989002],[-117.91568338027314,33.835232772865687],[-117.91362620921662,33.835746048196299],[-117.91336539982123,33.835870795015744],[-117.91304765356394,33.836106356809665],[-117.9127650660612,33.836445947532013],[-117.91234414048029,33.837095583196906],[-117.91054837422477,33.837517077596928],[-117.9103219730235,33.83677757126776],[-117.91011675854007,33.836417354833735],[-117.90881045065889,33.831951988741118],[-117.90832615836381,33.832096362655896],[-117.90732265701793,33.832292067065879],[-117.90656941704027,33.832489735345739],[-117.90616736597816,33.832786989067834],[-117.90565178214732,33.833322404266028],[-117.90530053097511,33.833530894851577],[-117.90505368586157,33.833380343505659],[-117.90469325451666,33.832840757654878],[-117.9013906298148,33.833635398932131],[-117.90191515703043,33.835713142568657],[-117.90126795574089,33.835942288995291],[-117.89922554816039,33.836537609072153],[-117.89721994354194,33.837005844990692],[-117.89451075805241,33.837527905878282],[-117.89272241386738,33.837993034767329],[-117.8915810854345,33.838218017012402],[-117.89008347865942,33.838414960615637],[-117.88910721951427,33.838659646075747],[-117.88909133249189,33.844518983960675],[-117.88745699335919,33.844481243374879],[-117.88457215441088,33.84449385658511],[-117.8806449006327,33.844740909297727],[-117.87768972176772,33.845172440299017],[-117.87707560279718,33.845417490796251],[-117.87674489164493,33.845669628443105],[-117.87646381687227,33.846091630848122],[-117.87631697189401,33.846632806505397],[-117.87630031926189,33.847100665875693],[-117.8764225601446,33.847913189663934],[-117.87685386420598,33.848699442996569],[-117.87750964409041,33.849510096376378],[-117.87798057771826,33.849982188670104],[-117.87904340980582,33.850726699259766],[-117.87921185392817,33.85090591107916],[-117.87927763648172,33.851218580367096],[-117.87902673180602,33.851508121157984],[-117.87733696701159,33.852934383644467],[-117.87640500177287,33.853420391613902],[-117.87588544121475,33.853779672672658],[-117.87594927801946,33.85396409919138],[-117.87573266711935,33.854005210009269],[-117.87562064362064,33.854380570511381],[-117.87564740198589,33.857053492794513],[-117.87560337205163,33.857549058204526],[-117.87549896137971,33.857605307445425],[-117.87477101221397,33.857784545462799],[-117.87345523661917,33.858245835881881],[-117.87243811096886,33.858461518634677],[-117.86921376113573,33.859385601755363],[-117.86776296758423,33.85966143132395],[-117.86478453528015,33.860340425676469],[-117.86230707279563,33.861046410756643],[-117.86109310975768,33.861308344422795],[-117.86104701036081,33.861308880193491],[-117.86003169513083,33.858570699673329],[-117.85978805259801,33.858573590141624],[-117.8595128116246,33.858653850806476],[-117.85914258313217,33.858955265712922],[-117.85868152625987,33.859719789882647],[-117.85811556062492,33.86051305085207],[-117.8572042675729,33.861524882147606],[-117.85691549865732,33.861968352817087],[-117.85687937662817,33.862166788204817],[-117.85695245156455,33.86259547365804],[-117.85756730592169,33.864639333930768],[-117.85754253233108,33.865112645036341],[-117.8572896424275,33.865346648507412],[-117.85694449613436,33.865576251235602],[-117.85579451708206,33.866117876364626],[-117.85496815714403,33.866325644447834],[-117.85346881921205,33.866529484815203],[-117.85368090421444,33.866929359579693],[-117.85360029259071,33.867991905429626],[-117.85399552304351,33.867992740951102],[-117.8555147427345,33.868238811895445],[-117.85566076369172,33.868303094482897],[-117.85576398559127,33.868560401885475],[-117.85564741900224,33.869062307207443],[-117.8556167883211,33.869579705811397],[-117.85475477175464,33.871168469211177],[-117.85398613477945,33.872442620829496],[-117.85367126126003,33.873287878295592],[-117.85335287060688,33.873929686706539],[-117.853184749283,33.874498197094702],[-117.85323969464676,33.875014567824181],[-117.85299808279407,33.875412940511524],[-117.85293104475754,33.875661711352599],[-117.8529127611535,33.876933717873904],[-117.85300074497069,33.87733975843949],[-117.85290226211696,33.878260653544203],[-117.85160566903177,33.881055275982931],[-117.85141453072498,33.881658272294253],[-117.85120404138434,33.882883673326489],[-117.85062533014157,33.884450554111091],[-117.85064590143762,33.884488770819232],[-117.8548299455454,33.885916438373457],[-117.8549470042982,33.891254747063947],[-117.85911771935174,33.891157520227416],[-117.85918354265952,33.894751416506196],[-117.85584313680249,33.894841395519123],[-117.85589362027326,33.896541721584278],[-117.85480032896903,33.896591572958407],[-117.85496615807523,33.906256133283655],[-117.85493058355168,33.906438352161267],[-117.85470427757532,33.906942782526002],[-117.85446178569609,33.907309859221769],[-117.85399974964191,33.90788948068235],[-117.85296923348588,33.909006349810994],[-117.85201483139727,33.910287182695747],[-117.85144472775185,33.911352911001281],[-117.85078935717532,33.912139180330534],[-117.85016178015769,33.912991077500152],[-117.84889895921843,33.914948232219743],[-117.84799321472583,33.916652148294176],[-117.8476851885513,33.918853386807243],[-117.84758962309624,33.919911835720185],[-117.847448479579,33.920695717023605],[-117.84738535461896,33.921731635287315],[-117.84743093721546,33.921703390031539],[-117.84744472431433,33.921730727710965],[-117.84746388470464,33.922005680068189],[-117.84747211203438,33.922985451539517],[-117.8477289691733,33.924478898039027],[-117.84769367648633,33.92558042598008],[-117.84736764667052,33.925750565010482],[-117.84717394497042,33.925940699551909],[-117.84693736926255,33.926885688818373],[-117.84661505792032,33.927226426092801],[-117.84617981117765,33.927530355592303],[-117.8451753031128,33.928646705405292],[-117.84519307557105,33.929158391588466],[-117.84533970010473,33.929833278535028],[-117.84560381159658,33.930451288260819],[-117.84571184130409,33.930868013702352],[-117.84572169342844,33.931319300721356],[-117.84559654861111,33.931629489749042],[-117.84541253314966,33.931962591904693],[-117.84508335832055,33.932292407144367],[-117.84364779605092,33.932699687670116],[-117.84277950308143,33.933109309974775],[-117.84127066246484,33.934090181845697],[-117.84041264937609,33.9349730404371],[-117.83927190333044,33.935595955053905],[-117.83810310640459,33.936445000733549],[-117.83743383906132,33.937214844647364],[-117.8369458844999,33.937525067092615],[-117.83656447278072,33.937883174094793],[-117.83640562991059,33.938160832221371],[-117.83593219840699,33.939445164270325],[-117.83562400702613,33.940137960003661],[-117.8353946285478,33.940510296090878],[-117.83509774015103,33.940812067714099],[-117.83450663161241,33.941233920471419],[-117.83357823807,33.941616839061851],[-117.83295488257484,33.941769413655138],[-117.83208542136541,33.941826627274843],[-117.83153527989745,33.942011138191809],[-117.83126286788259,33.942224454782604],[-117.83017593213862,33.943512553538881],[-117.82904078917996,33.944197398094779],[-117.82865051131361,33.944545038959845],[-117.8280408233386,33.945272890678318],[-117.82704068977924,33.946348647526783],[-117.82648117747516,33.946867360243147],[-117.85194657036674,33.94690729722204],[-117.86396043531767,33.946242214670882],[-117.87204245897998,33.945834921123883],[-117.88805864089834,33.946101961533309],[-117.9028073981153,33.946071165810125],[-117.91892805823527,33.946075390059427],[-117.94297375980071,33.946135878239154],[-117.96463577793443,33.946093629913712],[-117.97654278948507,33.946068628867131],[-117.97653373094609,33.928875770281614],[-117.97658628476313,33.909436685435011],[-117.97757999097685,33.908627233648815],[-117.9779728980983,33.908192212397246],[-117.97813877216036,33.907931104968171],[-117.97821340445797,33.907720846182855],[-117.97820333940837,33.90755584557661],[-117.97796860119763,33.907052754039341],[-117.97762903188213,33.906578714528145],[-117.97671811312578,33.905578891582543],[-117.97659102249428,33.905347496344824],[-117.9765925384922,33.904074288525486],[-117.97659405370803,33.902769957608498],[-117.9853959503381,33.902802874860086],[-117.98535273503299,33.895558027850733],[-117.99414595955339,33.895554075511853],[-117.99405938444643,33.888215129857102],[-118.00279211792439,33.88821935503438],[-118.00271425487271,33.880925606921487],[-118.01143850941418,33.880899795016497],[-118.01145848127658,33.873291584698912],[-118.0168526164985,33.873392163860323],[-118.02887813937949,33.873309602475409],[-118.02883323156924,33.868637123072276],[-118.0288084071333,33.866054552014553],[-118.0321272286086,33.866020033733299],[-118.03771468898564,33.86596171763901],[-118.03768046636328,33.862328547621672],[-118.04191645717441,33.862317176653455],[-118.04191625880723,33.85868766706816],[-118.04629147027404,33.858623310052167],[-118.04620479790987,33.853474890454429],[-118.05047518203506,33.853513946946684],[-118.05044086715871,33.849862710234092],[-118.05472874289771,33.849875424010996],[-118.05478096483439,33.84619156236139],[-118.05901719591333,33.846188567643743],[-118.0590405102414,33.838817142067754],[-118.05905177014587,33.835249472842335],[-118.06335779457744,33.831659956269128],[-118.06333067784948,33.819655817540941],[-118.07288913682574,33.814956860163633],[-118.08478154944169,33.802882049033293],[-118.08622232508387,33.796869072794905],[-118.09589880529323,33.781510155926043],[-118.09677426850263,33.779622055057104],[-118.09689956670557,33.779082140881478],[-118.09726386703495,33.777849757138604],[-118.09729089933087,33.777531701965685],[-118.09731284023755,33.773781167978399],[-118.09370483943822,33.768355495352125],[-118.09241996447881,33.764548428716402],[-118.09224602006107,33.760053973989379],[-118.09224596219219,33.758486812356011],[-118.09665600471736,33.756073648065296]]]},"properties":{"SHAPE.AREA":217120410.46720999,"SHAPE.LEN":95152.093349344097,"OBJECTID":175,"HRC":"SC","HBPA":"SA","RBU":4845,"HR":4,"RB":8,"HU":45,"HRNAME":"South Coast","RBNAME":"Santa Ana","HBPANAME":"Santa Ana","HUNAME":"SAN GABRIEL RIVER","IDNUM":"4845"}},{"type":"Feature","id":153,"geometry":{"type":"Polygon","coordinates":[[[-117.63407158121638,34.333594228751451],[-117.63459709137591,34.33207005033627],[-117.63492228457298,34.331522383334956],[-117.63543772577439,34.330834383348616],[-117.63596852773198,34.330252082960719],[-117.63658582155971,34.329108144063518],[-117.63744186942054,34.328007998981946],[-117.63784263349037,34.327662997539811],[-117.63824033079641,34.327059066364043],[-117.63867744458918,34.326511132638615],[-117.6391338308716,34.32579656321699],[-117.6394800906005,34.325348460621861],[-117.63986478440468,34.324774108543131],[-117.64068933592168,34.323854442051626],[-117.64146696022465,34.322867021295572],[-117.64214748127891,34.32207421998465],[-117.64245138623816,34.321400985259196],[-117.64253185205418,34.320893294353013],[-117.64248952152033,34.320129558448038],[-117.64269758153807,34.318596803995923],[-117.64264656172783,34.317652856260679],[-117.64243813802798,34.316916636006312],[-117.64240982663281,34.316228957563709],[-117.64247264659103,34.315913043058252],[-117.64281390485472,34.315591017590528],[-117.64344499308154,34.315135276756237],[-117.64385204658551,34.314719963904992],[-117.64419496255182,34.314013165092469],[-117.64425132976822,34.313764431753121],[-117.64406649019348,34.313221690347177],[-117.64383377231607,34.312683906390681],[-117.64353040550711,34.31163555001455],[-117.64343087625845,34.311074588111452],[-117.64341343948131,34.310166516332544],[-117.64336158049366,34.309760628244938],[-117.64294617637321,34.308784620938667],[-117.64131305088054,34.306375478181266],[-117.64088126686185,34.305839187898989],[-117.64013862554032,34.305191957877284],[-117.63976388789075,34.304967850810542],[-117.63938425716516,34.304794082476597],[-117.6384070464223,34.304578388261561],[-117.63744678451846,34.304199619053286],[-117.63698732584122,34.303968396684674],[-117.63620524237149,34.30348259564289],[-117.63605011266787,34.303219629307286],[-117.63617834014542,34.302824788979166],[-117.63724554172177,34.301130321234403],[-117.63871720073841,34.299975255668429],[-117.63934019418355,34.299424704319115],[-117.64005942913317,34.299073600701661],[-117.6415527449504,34.298568886268775],[-117.64204640696758,34.298303251875943],[-117.64290871160443,34.297750547143309],[-117.64319709855056,34.297483221411504],[-117.64412540956945,34.296387333312538],[-117.64491699214028,34.294311009129189],[-117.6453658127233,34.293007705282264],[-117.64603701089173,34.291496282416631],[-117.64611275801656,34.291110205862537],[-117.64618623038571,34.290068468358776],[-117.64617961264793,34.289455312601277],[-117.64622195758535,34.289129956194628],[-117.65952039360847,34.237121000889907],[-117.66591872917134,34.211648967719533],[-117.67398256410188,34.179521806893455],[-117.67847033354791,34.162003484179003],[-117.68140255067777,34.15633353666292],[-117.68192062203234,34.155331663962201],[-117.68214209956055,34.154903364584236],[-117.68332271823584,34.150495447469943],[-117.68673426158901,34.138251192502608],[-117.69362234894733,34.121506053931888],[-117.70515452234977,34.093453529723668],[-117.71410440579008,34.073413462573939],[-117.71792376409493,34.06405351189904],[-117.72117084106918,34.055249729607091],[-117.72626636720514,34.040233610664849],[-117.72719524077016,34.037151267465582],[-117.72799357774385,34.033991064566408],[-117.72933902031681,34.025703974922706],[-117.73016384440643,34.021545544158158],[-117.73584947025651,34.018762152144902],[-117.76752580529109,34.023485511648026],[-117.76756075252221,34.019468584814241],[-117.76697925810124,34.011278753816896],[-117.76700313988248,34.010942545972512],[-117.76536240904387,34.009896051130106],[-117.76519505317988,34.009532061223304],[-117.76543878355237,34.009034397614577],[-117.76579433344865,34.008601498828554],[-117.76614769688808,34.008317041186181],[-117.76684313292026,34.008082694745895],[-117.7679290331083,34.007855170651524],[-117.76878954548981,34.007718736488037],[-117.76912164854063,34.007461758503531],[-117.7694155535642,34.007174463165974],[-117.76996054853596,34.006897701110447],[-117.77041031557684,34.006883962381778],[-117.77091563751959,34.006515111194481],[-117.77109936615703,34.006065865562398],[-117.77118467147397,34.005537457528547],[-117.77150166277852,34.004714619740831],[-117.77180395933348,34.003929777730391],[-117.77197154770607,34.003128797029042],[-117.77297239515752,34.00174077827576],[-117.77366603434784,34.00114114166967],[-117.77410447079707,34.000375871250597],[-117.77419896384094,34.000132550644622],[-117.77484301188434,33.999640992629523],[-117.77500664935074,33.999405228471907],[-117.7749293820966,33.999031171999953],[-117.77454552282214,33.998749742204978],[-117.77405515647082,33.998511881983475],[-117.77371811285363,33.998213893577123],[-117.77360186798194,33.997806937901373],[-117.77386219596922,33.9973701529441],[-117.77426708832706,33.996983824896311],[-117.77456038876613,33.996564877108007],[-117.77460100134402,33.996204112968286],[-117.77456207049531,33.995857011315955],[-117.7742708089787,33.995279529283486],[-117.77386451736629,33.994827155166],[-117.7733300420327,33.994505577434232],[-117.77304473755552,33.994221285556691],[-117.77280443389027,33.993755828709311],[-117.77298485913346,33.993350723634002],[-117.77345156671879,33.993154134204907],[-117.77400937104041,33.993030927548517],[-117.77446865685218,33.992868577320095],[-117.77474287656064,33.992705967874443],[-117.77495306276597,33.992468582269488],[-117.77506940822714,33.992259779355877],[-117.77511517704903,33.991980246826259],[-117.77496281444169,33.991696877348666],[-117.77447845065554,33.991176766757562],[-117.77430434377293,33.990668355210659],[-117.77428144300343,33.990213633977476],[-117.77447448244698,33.989858360323169],[-117.77488595106489,33.989472433307164],[-117.77506433028773,33.989173829164045],[-117.77513773222611,33.988832578082892],[-117.77532606137775,33.988373527292289],[-117.77542027126944,33.987989299602837],[-117.7752738379772,33.987729426443565],[-117.77482272412516,33.987525022344798],[-117.77436701561064,33.987220204454147],[-117.77395060453161,33.98689388005733],[-117.77305851462711,33.98632435756398],[-117.77210496261284,33.985546478536655],[-117.77191223195219,33.985279506527448],[-117.77189351650109,33.984911925537865],[-117.77196078183712,33.984559861111229],[-117.77196729172996,33.984250562603421],[-117.77187836494417,33.983793399405798],[-117.77142466954666,33.983070399561065],[-117.77127179449199,33.982541542600337],[-117.77105528197754,33.982157693175601],[-117.77070028594646,33.981773660194484],[-117.77071284445289,33.981676686258218],[-117.7707320393834,33.981529957980094],[-117.77096273938506,33.981260270718693],[-117.77125223269191,33.981010905268576],[-117.77156550317096,33.980878099973481],[-117.77212972984178,33.980759239169366],[-117.77266578259876,33.980708602084825],[-117.77340474147353,33.98072023953123],[-117.77365775853312,33.980618662238633],[-117.77384545868253,33.980218494804497],[-117.77384635723467,33.979262582168751],[-117.77402551782696,33.978594244776005],[-117.77417684681396,33.978332028928513],[-117.77449195098653,33.978133594422125],[-117.77483751640116,33.978012123680379],[-117.77513953684523,33.977779910424218],[-117.77536431279125,33.977485866570149],[-117.77550237290264,33.977196313891582],[-117.7757045915987,33.977012013764501],[-117.77626856111567,33.976893977132619],[-117.77682361741886,33.976901149026268],[-117.77720433946945,33.976677800174201],[-117.77774563877239,33.976097682658768],[-117.77793082974949,33.975791871260654],[-117.77778437065801,33.974913416659149],[-117.7778205950396,33.974166445351671],[-117.77778405723468,33.973697931117925],[-117.77783044711359,33.973395595056175],[-117.77802136383546,33.97310821579098],[-117.7782724916276,33.972224835407459],[-117.77823043465119,33.971988700470995],[-117.77800089894572,33.971604310004132],[-117.77798554127412,33.971417454477958],[-117.77818334307739,33.971118370239807],[-117.77895736150315,33.970464166289275],[-117.77966935202554,33.969621340820908],[-117.78011241915567,33.969260255340792],[-117.78039944258862,33.969138751685229],[-117.78069688584797,33.969103128539658],[-117.78169958944396,33.969168617525732],[-117.78249920208472,33.969136611863277],[-117.78315180670224,33.969172712550858],[-117.7837383669989,33.969254323417793],[-117.78430997490091,33.969404381763361],[-117.78486042057406,33.969881499408572],[-117.78554867075769,33.970733613155289],[-117.78578950134118,33.970907661393674],[-117.78632195322076,33.971026233019238],[-117.78680658803269,33.970883200563044],[-117.78719689433404,33.970587845976674],[-117.78728962849091,33.970253458462366],[-117.78723621599079,33.969956509155438],[-117.7869433535155,33.969478208826708],[-117.78678834441203,33.968980038697069],[-117.78647560905605,33.967860196823061],[-117.7864826840979,33.967528648636701],[-117.78657620593546,33.967166923205689],[-117.78693691269207,33.96673204984036],[-117.7876453441484,33.965703378815128],[-117.78763020837643,33.965471426553862],[-117.78740484605967,33.964902295077557],[-117.78737031824723,33.964395754329914],[-117.78751790565661,33.963956732558884],[-117.78783571941243,33.963621068233742],[-117.7881306611731,33.963409532584095],[-117.78846219598537,33.963315081645952],[-117.78897631968304,33.963390733554952],[-117.79007702409044,33.963776518365457],[-117.79078874948841,33.963867839310034],[-117.79150511058279,33.963714936282557],[-117.79197226484368,33.963457107654193],[-117.79262971013223,33.963324755209044],[-117.7930383184797,33.963339997188896],[-117.79328558871568,33.963514174521571],[-117.79335197432533,33.963813904693993],[-117.79337556456164,33.964210321438706],[-117.79351502322996,33.964520481620923],[-117.79378833655977,33.964640863560639],[-117.79388015709584,33.953963549803426],[-117.78331537448192,33.946401117573004],[-117.80086811993999,33.946699960289251],[-117.81754376286248,33.946846819865151],[-117.82648117747516,33.946867360243147],[-117.82704068977924,33.946348647526783],[-117.8280408233386,33.945272890678318],[-117.82865051131361,33.944545038959845],[-117.82904078917996,33.944197398094779],[-117.83017593213862,33.943512553538881],[-117.83126286788259,33.942224454782604],[-117.83153527989745,33.942011138191809],[-117.83208542136541,33.941826627274843],[-117.83295488257484,33.941769413655138],[-117.83357823807,33.941616839061851],[-117.83450663161241,33.941233920471419],[-117.83509774015103,33.940812067714099],[-117.8353946285478,33.940510296090878],[-117.83562400702613,33.940137960003661],[-117.83593219840699,33.939445164270325],[-117.83640562991059,33.938160832221371],[-117.83656447278072,33.937883174094793],[-117.8369458844999,33.937525067092615],[-117.83743383906132,33.937214844647364],[-117.83810310640459,33.936445000733549],[-117.83927190333044,33.935595955053905],[-117.84041264937609,33.9349730404371],[-117.84127066246484,33.934090181845697],[-117.84277950308143,33.933109309974775],[-117.84364779605092,33.932699687670116],[-117.84508335832055,33.932292407144367],[-117.84541253314966,33.931962591904693],[-117.84559654861111,33.931629489749042],[-117.84572169342844,33.931319300721356],[-117.84571184130409,33.930868013702352],[-117.84560381159658,33.930451288260819],[-117.84533970010473,33.929833278535028],[-117.84519307557105,33.929158391588466],[-117.8451753031128,33.928646705405292],[-117.84617981117765,33.927530355592303],[-117.84661505792032,33.927226426092801],[-117.84693736926255,33.926885688818373],[-117.84717394497042,33.925940699551909],[-117.84736764667052,33.925750565010482],[-117.84769367648633,33.92558042598008],[-117.8477289691733,33.924478898039027],[-117.84747211203438,33.922985451539517],[-117.84746388470464,33.922005680068189],[-117.84744472431433,33.921730727710965],[-117.84743093721546,33.921703390031539],[-117.84738535461896,33.921731635287315],[-117.847448479579,33.920695717023605],[-117.84758962309624,33.919911835720185],[-117.8476851885513,33.918853386807243],[-117.84799321472583,33.916652148294176],[-117.84889895921843,33.914948232219743],[-117.85016178015769,33.912991077500152],[-117.85078935717532,33.912139180330534],[-117.85144472775185,33.911352911001281],[-117.85201483139727,33.910287182695747],[-117.85296923348588,33.909006349810994],[-117.85399974964191,33.90788948068235],[-117.85446178569609,33.907309859221769],[-117.85470427757532,33.906942782526002],[-117.85493058355168,33.906438352161267],[-117.85496615807523,33.906256133283655],[-117.85480032896903,33.896591572958407],[-117.85589362027326,33.896541721584278],[-117.85584313680249,33.894841395519123],[-117.85918354265952,33.894751416506196],[-117.85911771935174,33.891157520227416],[-117.8549470042982,33.891254747063947],[-117.8548299455454,33.885916438373457],[-117.85064590143762,33.884488770819232],[-117.85062533014157,33.884450554111091],[-117.85120404138434,33.882883673326489],[-117.85141453072498,33.881658272294253],[-117.85160566903177,33.881055275982931],[-117.85290226211696,33.878260653544203],[-117.85300074497069,33.87733975843949],[-117.8529127611535,33.876933717873904],[-117.85293104475754,33.875661711352599],[-117.85299808279407,33.875412940511524],[-117.85323969464676,33.875014567824181],[-117.853184749283,33.874498197094702],[-117.85335287060688,33.873929686706539],[-117.85367126126003,33.873287878295592],[-117.85398613477945,33.872442620829496],[-117.85475477175464,33.871168469211177],[-117.8556167883211,33.869579705811397],[-117.85564741900224,33.869062307207443],[-117.85576398559127,33.868560401885475],[-117.85566076369172,33.868303094482897],[-117.8555147427345,33.868238811895445],[-117.85399552304351,33.867992740951102],[-117.85360029259071,33.867991905429626],[-117.85368090421444,33.866929359579693],[-117.85346881921205,33.866529484815203],[-117.85496815714403,33.866325644447834],[-117.85579451708206,33.866117876364626],[-117.85694449613436,33.865576251235602],[-117.8572896424275,33.865346648507412],[-117.85754253233108,33.865112645036341],[-117.85756730592169,33.864639333930768],[-117.85695245156455,33.86259547365804],[-117.85687937662817,33.862166788204817],[-117.85691549865732,33.861968352817087],[-117.8572042675729,33.861524882147606],[-117.85811556062492,33.86051305085207],[-117.85868152625987,33.859719789882647],[-117.85914258313217,33.858955265712922],[-117.8595128116246,33.858653850806476],[-117.85978805259801,33.858573590141624],[-117.86003169513083,33.858570699673329],[-117.86104701036081,33.861308880193491],[-117.86109310975768,33.861308344422795],[-117.86230707279563,33.861046410756643],[-117.86478453528015,33.860340425676469],[-117.86776296758423,33.85966143132395],[-117.86921376113573,33.859385601755363],[-117.87243811096886,33.858461518634677],[-117.87345523661917,33.858245835881881],[-117.87477101221397,33.857784545462799],[-117.87549896137971,33.857605307445425],[-117.87560337205163,33.857549058204526],[-117.87564740198589,33.857053492794513],[-117.87562064362064,33.854380570511381],[-117.87573266711935,33.854005210009269],[-117.87594927801946,33.85396409919138],[-117.87588544121475,33.853779672672658],[-117.87640500177287,33.853420391613902],[-117.87733696701159,33.852934383644467],[-117.87902673180602,33.851508121157984],[-117.87927763648172,33.851218580367096],[-117.87921185392817,33.85090591107916],[-117.87904340980582,33.850726699259766],[-117.87798057771826,33.849982188670104],[-117.87750964409041,33.849510096376378],[-117.87685386420598,33.848699442996569],[-117.8764225601446,33.847913189663934],[-117.87630031926189,33.847100665875693],[-117.87631697189401,33.846632806505397],[-117.87646381687227,33.846091630848122],[-117.87674489164493,33.845669628443105],[-117.87707560279718,33.845417490796251],[-117.87768972176772,33.845172440299017],[-117.8806449006327,33.844740909297727],[-117.88457215441088,33.84449385658511],[-117.88745699335919,33.844481243374879],[-117.88909133249189,33.844518983960675],[-117.88910721951427,33.838659646075747],[-117.89008347865942,33.838414960615637],[-117.8915810854345,33.838218017012402],[-117.89272241386738,33.837993034767329],[-117.89451075805241,33.837527905878282],[-117.89721994354194,33.837005844990692],[-117.89922554816039,33.836537609072153],[-117.90126795574089,33.835942288995291],[-117.90191515703043,33.835713142568657],[-117.9013906298148,33.833635398932131],[-117.90469325451666,33.832840757654878],[-117.90505368586157,33.833380343505659],[-117.90530053097511,33.833530894851577],[-117.90565178214732,33.833322404266028],[-117.90616736597816,33.832786989067834],[-117.90656941704027,33.832489735345739],[-117.90732265701793,33.832292067065879],[-117.90832615836381,33.832096362655896],[-117.90881045065889,33.831951988741118],[-117.91011675854007,33.836417354833735],[-117.9103219730235,33.83677757126776],[-117.91054837422477,33.837517077596928],[-117.91234414048029,33.837095583196906],[-117.9127650660612,33.836445947532013],[-117.91304765356394,33.836106356809665],[-117.91336539982123,33.835870795015744],[-117.91362620921662,33.835746048196299],[-117.91568338027314,33.835232772865687],[-117.91633276107027,33.835108039989002],[-117.9173606522974,33.834818389389383],[-117.91792503329471,33.834722362907321],[-117.91964706080034,33.834246776859956],[-117.91810219610772,33.82973538094781],[-117.91853498569992,33.829646710088376],[-117.91845269434761,33.829493828633915],[-117.91833521228709,33.828923328899712],[-117.9178952923595,33.82774672495097],[-117.91786910425287,33.827444514090097],[-117.91802500714334,33.827343249477209],[-117.91863929848377,33.827119961558111],[-117.92053643598366,33.826834427742099],[-117.92305912936517,33.826237371043838],[-117.92271123749802,33.825053988114711],[-117.92236177003431,33.824107156158696],[-117.92172553685324,33.824226234583932],[-117.92140126111376,33.82353214327091],[-117.92083635855339,33.823600710070266],[-117.92021387856876,33.823747092653576],[-117.91941250428158,33.82136522948273],[-117.91579895692486,33.822373829278376],[-117.91540771528204,33.821625623334981],[-117.91515910668207,33.820770886020014],[-117.91502947995835,33.819006684742298],[-117.91506856495272,33.818676021696362],[-117.91519873934325,33.818294553381477],[-117.91531572650157,33.818221374318121],[-117.9158423524571,33.818213901627018],[-117.91754643532751,33.818459332191665],[-117.91771206556976,33.818506498888098],[-117.91812580339862,33.818764709451685],[-117.91875666196249,33.819014319696471],[-117.9190303295193,33.819186485721211],[-117.92036628316876,33.82069698481348],[-117.92114372428391,33.821335136273902],[-117.92196573513471,33.822209202978314],[-117.92382080819365,33.823970853459855],[-117.92516141294817,33.825382178081028],[-117.92655906074431,33.827304335869982],[-117.92691340631613,33.827860458978385],[-117.92809998158286,33.827606949165904],[-117.92877587740749,33.828417021860503],[-117.92899597043885,33.828545921269168],[-117.93017550183191,33.82888668780317],[-117.93113379452126,33.82904351863683],[-117.93205609968253,33.829057826091422],[-117.93300955646841,33.828989165807727],[-117.93350534507495,33.82907558487836],[-117.934005945965,33.829079411696853],[-117.93534052172258,33.828972244791537],[-117.93813117735155,33.828893655024132],[-117.94127292386675,33.828909009301363],[-117.9414040706904,33.82399411222282],[-117.94208415585454,33.824077832911179],[-117.94301096141461,33.823998465652394],[-117.94352472142602,33.824002064669379],[-117.94443687972853,33.824159445284096],[-117.94467803317475,33.824348543225874],[-117.94505137667919,33.824865812649321],[-117.94535921589578,33.825092430527476],[-117.94560507281616,33.825193429086553],[-117.94611987952943,33.825246501428971],[-117.9481607122632,33.825217014499323],[-117.94985442262897,33.825275058009431],[-117.9512219695675,33.825172715533029],[-117.95421080573942,33.825129375088785],[-117.95533082752986,33.825151637527718],[-117.95558221146329,33.824900410421797],[-117.95580316440603,33.82476515192009],[-117.95642605857519,33.824640563796137],[-117.95716722214738,33.824805846417057],[-117.95757561609167,33.825113500089358],[-117.95890522833862,33.825083159823357],[-117.95902180119265,33.824388259109902],[-117.96032419739825,33.824319768668225],[-117.9617205855965,33.824332432747511],[-117.96257126939184,33.82438604759929],[-117.96328896988523,33.824683677667103],[-117.96378501218081,33.824780978298385],[-117.96462659037462,33.824719171988839],[-117.96571489540931,33.824796805353643],[-117.96738105267633,33.824799935985979],[-117.96770212960547,33.824124038034213],[-117.96781134523388,33.823698807440664],[-117.967682847334,33.817225121510873],[-117.96771792503976,33.817323648018863],[-117.98419065348857,33.817213436708471],[-117.98438935380601,33.817265525854232],[-117.98477746798537,33.817248772504456],[-117.98509125257209,33.817145102376976],[-117.98538773520778,33.816854637479871],[-117.98557109344658,33.816510814122509],[-117.9857700387474,33.816276802173633],[-117.98648486478589,33.816145184185608],[-117.98812991022992,33.816093314890416],[-117.98903256407615,33.816118451021438],[-117.98958635637358,33.816742949087477],[-117.98971922183757,33.816796005712341],[-117.99029311963842,33.816842518072434],[-117.99045719756134,33.816223861568773],[-117.990618469146,33.816072923593794],[-117.99078193876221,33.816020993827699],[-117.99252023954509,33.816017185348883],[-117.99329245908126,33.81609923716919],[-117.99339170780198,33.816713981368295],[-117.99367609401786,33.816770283958668],[-117.99398610368296,33.8167931806409],[-117.99589905957933,33.816649179472051],[-117.99739406253099,33.816659934065015],[-117.99769819155391,33.816715928298443],[-117.99804431327969,33.817178421470885],[-117.99828399734044,33.81729589534045],[-117.99922092239397,33.817380958089039],[-118.0009619878998,33.817253828134028],[-118.00611910856438,33.817227410528041],[-118.00615980239684,33.813969731476014],[-118.01204018510973,33.817193543188907],[-118.02476984531464,33.817000851161716],[-118.0247427190849,33.816946092345354],[-118.02497548086296,33.815227165073487],[-118.0281431574643,33.815191276859778],[-118.02810043478071,33.809810478206671],[-118.02898897722493,33.80976892538304],[-118.03045611221722,33.810123474962076],[-118.032812377677,33.810474926798364],[-118.03998886560294,33.810295431439094],[-118.03964826394242,33.801621616768116],[-118.04052466916333,33.801657123834467],[-118.04057781812057,33.800765241123926],[-118.04135512009097,33.800779672993471],[-118.04132794791315,33.799332830567536],[-118.0415359038023,33.799138219696395],[-118.042142556596,33.798730656974271],[-118.04290185684395,33.798409620819719],[-118.04404597586478,33.797826247907622],[-118.0456895037358,33.79670974871869],[-118.04651330590811,33.796294504127083],[-118.04182006652827,33.791806316986204],[-118.0419156217543,33.783254634491747],[-118.04465899626986,33.783101353638344],[-118.04461438855886,33.779976380374364],[-118.04490749839617,33.777447893522698],[-118.04563690784993,33.777352749184764],[-118.04565954427396,33.776631679162335],[-118.04689589889701,33.776537074198465],[-118.04725911219889,33.77385380145428],[-118.06758702270719,33.773768758840987],[-118.06784260356363,33.773689174874086],[-118.07099703352162,33.771957422151452],[-118.07143377283165,33.771661425831887],[-118.07194749863609,33.771227087815362],[-118.07301682414146,33.77052307316962],[-118.07519205465812,33.769367776598671],[-118.07713067239817,33.768242305570929],[-118.07742664489625,33.759704811445211],[-118.0783219577813,33.759266599355762],[-118.07847278109192,33.759226557263261],[-118.07875647587711,33.759273238892646],[-118.07901289614811,33.759254158627478],[-118.08022441765598,33.758834770531173],[-118.08299581720476,33.757519181835058],[-118.08384352362063,33.756982384760271],[-118.08469646618467,33.756351959819497],[-118.08535265988128,33.755773033201685],[-118.08660129170813,33.754307710909622],[-118.08743357574481,33.753176740828756],[-118.09037055238937,33.754170416879269],[-118.09050882362833,33.754174517939127],[-118.0916045339259,33.753943267736695],[-118.09220280773843,33.753898672151486],[-118.09277636617399,33.753964362275447],[-118.09382396539652,33.754481942267795],[-118.09516079406812,33.755414767294312],[-118.09562504429303,33.755652153754113],[-118.0962065616349,33.75580579522569],[-118.09673418491522,33.75576187405067],[-118.09665600471736,33.756073648065296],[-118.11239175506907,33.747467616618849],[-118.11306560451615,33.746519799702845],[-118.11343259485943,33.745837864098092],[-118.11380552937207,33.744587537578326],[-118.1140939922936,33.744256062779236],[-118.11421885251707,33.74399741922997],[-118.11442707158551,33.743276484955487],[-118.11453882766375,33.74302323855747],[-118.11472882255218,33.742748479099312],[-118.1149193266357,33.742255327929406],[-118.11470213061978,33.742205813587404],[-118.11453746691546,33.742112672018052],[-118.11404989892074,33.741728761477269],[-118.11355585795157,33.741410853918644],[-118.1131212445995,33.741219305513837],[-118.1121799531625,33.740990302173266],[-118.1117848983816,33.740848155856135],[-118.11139655924558,33.740766451135563],[-118.11099512780631,33.740734291917192],[-118.11048168727362,33.740614368014064],[-118.10967835401918,33.740258611401757],[-118.10892783176277,33.740007175600525],[-118.10773595250716,33.739437718694781],[-118.10666916383644,33.738895478188134],[-118.10699085040217,33.738454902118733],[-118.10642460646487,33.738214098404264],[-118.10581899941229,33.738050348428082],[-118.10550952111674,33.737908001527948],[-118.10492998532389,33.737573718359862],[-118.10423883280295,33.737393659703237],[-118.10383068243245,33.737245982462127],[-118.1027838121958,33.736802661435121],[-118.10208586215113,33.736468617065306],[-118.10192112597937,33.736303947330313],[-118.101723535118,33.736188862096995],[-118.10153904078663,33.736013257698133],[-118.1008737179275,33.735497666613476],[-118.10072864668543,33.735277980115669],[-118.10022128339932,33.734789580177377],[-118.09997829641436,33.735092506552625],[-118.0996888170863,33.735109564615605],[-118.09949791143619,33.735032955002623],[-118.09866209044282,33.734891649192306],[-118.0981684388917,33.734749629150038],[-118.09746398955109,33.734454035354943],[-118.09683862360835,33.734240803981528],[-118.09666722225887,33.734010177348345],[-118.09653550313507,33.733922437845109],[-118.09544476063404,33.734892395061543],[-118.09389306740506,33.73397028701649],[-118.09448426709176,33.733281695295268],[-118.09443802764484,33.73314979885761],[-118.09397676962236,33.733703174475941],[-118.09343187666889,33.73350926887484],[-118.09285237730977,33.733136461239944],[-118.09259576227763,33.733114984009482],[-118.09246409363176,33.73304925994146],[-118.09185165187957,33.732643509975048],[-118.09063357246983,33.731969514278518],[-118.09040303662022,33.731771982202908],[-118.09022507354095,33.731530372261197],[-118.09010615779972,33.731151155138221],[-118.09011899492489,33.730914660960508],[-118.09019107785522,33.730683542609881],[-118.0906441724419,33.730044735359677],[-118.09065707464067,33.729841234392389],[-118.08943394413247,33.730289084702136],[-118.088498974621,33.729718976706387],[-118.08812353366586,33.729395246938594],[-118.08762969478178,33.729077259148248],[-118.08735320938327,33.728951303136959],[-118.08691203535412,33.728644194090982],[-118.08647071300209,33.72825459929863],[-118.08608885274677,33.728029860633931],[-118.08587811547146,33.72785978889668],[-118.08539071048101,33.72740978096202],[-118.08487059807995,33.727108331447909],[-118.08468618336757,33.726949194417763],[-118.08411969158419,33.726367351698883],[-118.08370484015445,33.726054688318889],[-118.08300667013245,33.725407085230827],[-118.08269032609144,33.72494575011843],[-118.0818342332595,33.724237961742013],[-118.08120212093782,33.723777209048663],[-118.08083324214522,33.723381943136253],[-118.08037893604131,33.723047335738514],[-118.07962812927735,33.722328324393949],[-118.07908829969956,33.721999393242363],[-118.07865360036445,33.721560238827848],[-118.07788971375327,33.720885254013908],[-118.07739577458321,33.720396708687524],[-118.07677033918405,33.719985420031414],[-118.07652014166062,33.719787891702396],[-118.0758549504022,33.719079725244072],[-118.0756113028839,33.718854688462677],[-118.07546646445303,33.718761453050902],[-118.07529521876454,33.718563802401519],[-118.07484092062897,33.718223665186471],[-118.07451180696138,33.718042803089091],[-118.07350459655237,33.717362709862911],[-118.07299106908063,33.716956680267494],[-118.0727671652426,33.716737107686654],[-118.0722406086995,33.716435614206119],[-118.07204307881304,33.716265460878397],[-118.07162177913341,33.715991265650935],[-118.07139118876712,33.715667221134758],[-118.0711739500363,33.715513633781484],[-118.07092383494539,33.71536560119511],[-118.07065404595217,33.715267073942179],[-118.06996945984814,33.71482287102608],[-118.06973254835489,33.714729778107788],[-118.06946270971703,33.714576289165151],[-118.06731677565024,33.713078750013018],[-118.06589481144958,33.711915380609824],[-118.0651771888592,33.711245706649976],[-118.06461762733458,33.710795732327178],[-118.06428855281516,33.710592836959165],[-118.063623712563,33.710060534128537],[-118.06336046178752,33.709912499145481],[-118.06214276055566,33.70902369972405],[-118.06125401643146,33.708194805691903],[-118.06027984143338,33.707421044333167],[-118.05871963819864,33.705905837891635],[-118.05784400704461,33.704944904171271],[-118.05686980021817,33.704050125680475],[-118.05634982562495,33.703622046675832],[-118.05574435145697,33.703177571856514],[-118.05517164840039,33.702568095744581],[-118.05468456136468,33.702145430845135],[-118.05338114816003,33.700717712847492],[-118.05300599281193,33.700382864008212],[-118.05268996392878,33.699976428225433],[-118.05201207456075,33.699411069787736],[-118.0504191023808,33.697615326786021],[-118.0499122900431,33.697126680076792],[-118.04976744363428,33.696923434164532],[-118.04936600269922,33.69656661550637],[-118.04857618232519,33.69573195507747],[-118.04809576905915,33.695281753767297],[-118.04702943228229,33.694029558857231],[-118.04666087190124,33.693656188782462],[-118.04648323359802,33.69354645942002],[-118.04609499602326,33.693217103626566],[-118.0456405971388,33.692348888199263],[-118.04454165432928,33.691360702799585],[-118.04418626684247,33.690976281313418],[-118.04398221187061,33.690690608444577],[-118.04360058957757,33.690383248278231],[-118.04321233278915,33.689982386654179],[-118.04264630381469,33.689317805057378],[-118.04186979025046,33.688483059427732],[-118.04134339086903,33.687988911464792],[-118.04081702704467,33.687555263432522],[-118.03994846461318,33.686698644927191],[-118.03898772742272,33.68564419284565],[-118.03839561668136,33.685183124085178],[-118.03777056686405,33.684612096842748],[-118.03757316605292,33.684375924354214],[-118.03694815469602,33.683832381852632],[-118.03632966264969,33.683162364140621],[-118.03603359775036,33.682920820803758],[-118.03582963582384,33.682701157589811],[-118.03531651141905,33.682283929873876],[-118.03491514494506,33.681828068518179],[-118.03391511016321,33.68087260693467],[-118.03321780503992,33.680263182270963],[-118.0327243321683,33.679675433267107],[-118.03255334169694,33.679604184071032],[-118.03220473106484,33.679346217103273],[-118.03088237635421,33.677978713214593],[-118.03032329990744,33.677572539907679],[-118.02956022628871,33.676897193927211],[-118.0294352047847,33.676732372673442],[-118.02879056455961,33.676133826982209],[-118.02830392207083,33.675870544603463],[-118.02760665592459,33.675266567797301],[-118.02674492428727,33.674360327697016],[-118.02644895610187,33.674102278316177],[-118.02608719307889,33.673805800693735],[-118.0256860247207,33.673553361451013],[-118.02522559018949,33.673136038973752],[-118.02381814896961,33.672071061959358],[-118.02277898877878,33.671154043656024],[-118.0221279410391,33.670698463702124],[-118.02195690934721,33.670528192256292],[-118.02122693131328,33.66996823374329],[-118.02080608951245,33.66975432050446],[-118.01953027384735,33.668749592902827],[-118.017623326562,33.667580691288933],[-118.01674216532885,33.66696039656081],[-118.01606485280853,33.666400325487288],[-118.01543352877547,33.665785169982733],[-118.01513763121389,33.66554907314071],[-118.01449323606806,33.665181444653648],[-118.01421708624019,33.66498929117617],[-118.01378306938963,33.664560887882168],[-118.0132636292529,33.664226073219346],[-118.01223118556946,33.663149461399406],[-118.01175119974333,33.662765080295728],[-118.01065971492322,33.661974511143818],[-118.01000889002756,33.6617278430572],[-118.00924616403404,33.661074332738565],[-118.00884509186714,33.660777841478463],[-118.00841765977538,33.660200901522202],[-118.00786532497472,33.659613098399959],[-118.00748401391043,33.659327590519602],[-118.00638609055146,33.658635978998859],[-118.0054787901113,33.657878136517972],[-118.00468323925934,33.657103631658408],[-118.00351960325803,33.656186566621081],[-118.00249402968134,33.655302332371043],[-118.00217746811055,33.655063154110216],[-118.0016567802068,33.654737532823184],[-118.0009758938883,33.654481743458554],[-118.00050681765082,33.654338764347699],[-117.99932852891477,33.653849492482266],[-117.99862781362437,33.653462332960082],[-117.99827067641917,33.653244004647242],[-117.99798575879896,33.653008790769981],[-117.99751630875788,33.652735987612559],[-117.99735713997725,33.652588219624576],[-117.99715253785202,33.652512217427748],[-117.99649714555827,33.652036722148203],[-117.99611366513412,33.65181302463467],[-117.99549112198585,33.651331859538679],[-117.99522713853197,33.651234129334632],[-117.99484385943494,33.651032452863916],[-117.99393716542404,33.650404120108504],[-117.99356099537889,33.650262922569603],[-117.99317762850687,33.650050227433752],[-117.99250929313489,33.649596795347925],[-117.99227140500118,33.64947141993801],[-117.99204609623952,33.649279923323064],[-117.99148402204106,33.648941527641888],[-117.99108687024486,33.648657340816285],[-117.99061775870086,33.64841754609693],[-117.99014799717182,33.648100696944972],[-117.98875961984272,33.647287629734706],[-117.98815754456669,33.646883381345262],[-117.98793221612966,33.646686369727931],[-117.98709879957106,33.646151192364272],[-117.98701158990967,33.645953474020118],[-117.98674147598787,33.645905311928885],[-117.98614544761591,33.64543496301976],[-117.98590084861237,33.64529308493956],[-117.98554307555337,33.644992173467486],[-117.9852192088716,33.644812155363091],[-117.98470449046297,33.644616602306719],[-117.98381149003406,33.644032136773255],[-117.98259491855281,33.643295207598484],[-117.98206045840749,33.643099733628091],[-117.98170324482196,33.642859343436555],[-117.98145138017615,33.642634926252342],[-117.97975895021577,33.641625120591364],[-117.97907851789296,33.641276233131109],[-117.97816554007292,33.64065330385624],[-117.97773589098205,33.640402258384377],[-117.97731323860233,33.640200683515985],[-117.97692971630696,33.639960416744707],[-117.97662666458558,33.639901369077435],[-117.97587945967007,33.639431714678459],[-117.97529057252942,33.639016302208205],[-117.97495355988536,33.638830844498102],[-117.97449859605179,33.638695487364338],[-117.97364680687734,33.638297884725858],[-117.97342849334915,33.638144845530213],[-117.97315123616322,33.638025115034907],[-117.97280711293337,33.637773621815477],[-117.97245676733549,33.637566190545542],[-117.97134688529853,33.636977199755897],[-117.97076465397683,33.636567238860316],[-117.97008389399136,33.636168773896856],[-117.96979377338491,33.636082115205141],[-117.96849233522715,33.635389449808713],[-117.9676923161754,33.634886993583237],[-117.96727651833879,33.634712882519771],[-117.9667147325424,33.634379865123613],[-117.96640353560105,33.634128184396516],[-117.96563094862324,33.633757657789666],[-117.96535281096713,33.633527833027003],[-117.96490310057655,33.633227285562427],[-117.96458655602872,33.633124249153617],[-117.96439502783218,33.633026101186829],[-117.96420297850277,33.632867417875268],[-117.9637671519487,33.632654855150243],[-117.96309891042134,33.632173726107723],[-117.96268295150745,33.631977589963107],[-117.9618161608869,33.631343302633482],[-117.96132063868886,33.63106499102566],[-117.96075149550859,33.630632891216067],[-117.96043999771918,33.63034268391835],[-117.96015602511979,33.63020094211884],[-117.95998396601695,33.630069659145896],[-117.95936787215756,33.62952771840154],[-117.95883033046486,33.630532005300097],[-117.95817201557303,33.631245153803206],[-117.95796925292514,33.631378216440076],[-117.95770157411303,33.631616157439083],[-117.95738404323455,33.631991025898323],[-117.95710784701706,33.632097580174722],[-117.95692625584819,33.63234084126443],[-117.95682703144313,33.633050394819165],[-117.95650352372769,33.634483150655697],[-117.9564108005987,33.635193687792508],[-117.95614437285046,33.636372933347381],[-117.95567189412715,33.638081638706979],[-117.95528117440091,33.639344083329014],[-117.95498257682384,33.640611569405607],[-117.95408646441891,33.643593852697542],[-117.95397272779864,33.643363240424954],[-117.95390489560998,33.643115868817858],[-117.95378503862997,33.642940312841922],[-117.95378310752184,33.642703646431102],[-117.95524673517309,33.637577344395758],[-117.9557060287198,33.635863210044256],[-117.95652003176224,33.632517989352458],[-117.95655026154769,33.632198575953687],[-117.95667528244134,33.631719784833251],[-117.95675074644225,33.6309875754716],[-117.95735730352084,33.62881483636685],[-117.95681071934348,33.628729465358028],[-117.95563548410303,33.628173827944636],[-117.95507947884441,33.62774173115983],[-117.95424644835941,33.627211915877858],[-117.95341459386414,33.626825190616444],[-117.95228503100701,33.626219755349226],[-117.95196178257792,33.626100246728441],[-117.9509117836441,33.625571450472705],[-117.95052175487803,33.625325667057105],[-117.95019844409579,33.625195140515494],[-117.94986886348653,33.625103187607785],[-117.94860089064403,33.624454338908478],[-117.94774183236056,33.623946615001607],[-117.94741198882311,33.623821615270302],[-117.94716828207702,33.623773261698574],[-117.9464614973552,33.623391392032126],[-117.94571561819355,33.623053722936774],[-117.94320659516897,33.621816354880309],[-117.94282324147288,33.621576022311771],[-117.94257790633635,33.621329512809162],[-117.94237288640763,33.62118187891646],[-117.94216178428681,33.621100332944451],[-117.94134284846689,33.62066940671987],[-117.93960975410455,33.619411712240293],[-117.93880108020011,33.618617421341042],[-117.9384368947232,33.618305420854547],[-117.93670010709953,33.616579798355254],[-117.93585116526737,33.61567561116631],[-117.93480232309334,33.614447599263727],[-117.93455714643625,33.614212047043814],[-117.93433786559648,33.613926878224781],[-117.93399802111225,33.613367024244987],[-117.93313552796945,33.612407820130308],[-117.93290275182477,33.612078650015398],[-117.93248461924513,33.611590710403227],[-117.93229275123947,33.611443000298948],[-117.93173461881531,33.61071903624368],[-117.93155423036849,33.610362089260555],[-117.93122223046194,33.609956347221058],[-117.93106891092125,33.609692828657693],[-117.93086319283624,33.609457119384942],[-117.93027730900096,33.608546121897106],[-117.93009807618547,33.608332290446526],[-117.92903391850481,33.606807018272178],[-117.92862902155051,33.606324512799659],[-117.92832470633265,33.606089247511783],[-117.92778315309677,33.605783549147283],[-117.92537286644892,33.60528292597121],[-117.92360222795922,33.605021447104356],[-117.92263537572559,33.604970912206269],[-117.92202962812146,33.604858137463879],[-117.92173286959797,33.604743901059749],[-117.91997422500548,33.604333721569425],[-117.91969811753073,33.604335003417503],[-117.91947384566549,33.604242472424765],[-117.91887459770955,33.604118621818493],[-117.91855906988312,33.604125587385418],[-117.91829511005471,33.604000193901086],[-117.91742562267581,33.603789533725866],[-117.9171486550968,33.603680711592972],[-117.91686578025922,33.603659986004125],[-117.91621326988742,33.603448302107225],[-117.91558755872593,33.60330255101487],[-117.91486266978197,33.603085720141443],[-117.91444135985179,33.603016081057888],[-117.9140459232687,33.602891284904487],[-117.91378291757978,33.602886992107983],[-117.91277476178755,33.602594346700172],[-117.9118469495815,33.602488473808812],[-117.9114582656298,33.602385669011753],[-117.91113596659596,33.602365106863829],[-117.91090522068852,33.602283580170905],[-117.9095492504086,33.602069569317166],[-117.90918670309652,33.60194460569425],[-117.90805451584565,33.60176259097279],[-117.90688874788255,33.601487118328905],[-117.90651393542728,33.601477803204695],[-117.90602691010282,33.601408431994734],[-117.90394539171346,33.600878339908775],[-117.90320029516748,33.600589924189059],[-117.90264066620483,33.600482351136876],[-117.90198133925716,33.600232081289285],[-117.90101285750647,33.59996118275896],[-117.90038009218708,33.59974382204198],[-117.90008388678515,33.599695590939902],[-117.89987296894162,33.599624977553646],[-117.89970779569448,33.599515617493978],[-117.89937152345529,33.599384993386785],[-117.8986736321818,33.599250482187799],[-117.89721663887532,33.598706469104656],[-117.89662947158496,33.598428351579344],[-117.89378925433553,33.597527091645532],[-117.89131059516404,33.59661320545699],[-117.89096714375081,33.59640001606941],[-117.89054574702254,33.59630827919613],[-117.88924658567295,33.595757973651743],[-117.88880423570994,33.595501175685534],[-117.88838298840045,33.595431457454488],[-117.88749937515311,33.595066498930272],[-117.88699210682965,33.594920080713948],[-117.88647122939439,33.594713153660713],[-117.8858388212856,33.594534239264448],[-117.88510039489752,33.5942401705938],[-117.88468573217014,33.594170413540667],[-117.88375704722337,33.593926694660404],[-117.8834997805683,33.59380670023247],[-117.88273624028452,33.593672375834757],[-117.88234095124379,33.593552993017148],[-117.88193963666868,33.593510673193769],[-117.88092222640689,33.593106351862389],[-117.8775795536141,33.592367817782474],[-117.8775261920988,33.592403253199144],[-117.87724592966163,33.592589415903404],[-117.87588114249479,33.59293099761716],[-117.87464914768522,33.592984879544076],[-117.87427431620362,33.592970393772966],[-117.87364257556673,33.592885820343639],[-117.87296437396022,33.592735516758886],[-117.87270046017264,33.592604988367889],[-117.87230523450614,33.592497137613044],[-117.87214687021304,33.592415504657524],[-117.87226390203557,33.59223343614633],[-117.87178444030849,33.591940118879236],[-117.87172394567467,33.591853138152331],[-117.87168356947197,33.59169456864749],[-117.87145035526939,33.59155053508259],[-117.8713169286106,33.591281848853967],[-117.8711651421557,33.591200190248074],[-117.87086079112326,33.590926902276976],[-117.87058737046218,33.590389551890866],[-117.87042181907125,33.590219979105136],[-117.87020452968994,33.590171656587827],[-117.86952735284945,33.590164287405486],[-117.86890092956347,33.589898214940462],[-117.86843848212645,33.589581792395073],[-117.86819955087589,33.58926416467601],[-117.86759065357465,33.588690091100233],[-117.86756163944639,33.58831087930713],[-117.86722327395717,33.587878315116214],[-117.86663656124496,33.587645016223426],[-117.86597577906346,33.587164685396452],[-117.86512085190736,33.586196037956391],[-117.8646201059141,33.58603373045716],[-117.86436280207573,33.585903157795165],[-117.86428957866201,33.58577158731665],[-117.86420088101907,33.585315712775213],[-117.86435599710961,33.584946495695924],[-117.86427559512842,33.584732493121081],[-117.86400551555919,33.58465145521135],[-117.863591093624,33.584609652901101],[-117.86303747952009,33.584409145547532],[-117.86238561641336,33.584253138296923],[-117.8621141137844,33.583968655595285],[-117.86198741284304,33.583716415792409],[-117.86165339047702,33.583888610815599],[-117.86144940088602,33.583856707866282],[-117.86096811197152,33.58365581996388],[-117.86069601509843,33.583288859337053],[-117.86046720447227,33.583466014745113],[-117.86032309753141,33.583538251292694],[-117.86015876792206,33.583539116546596],[-117.85969772866365,33.583409576234878],[-117.85911772978088,33.583192696736504],[-117.85842507924316,33.582844435347042],[-117.85820689858761,33.582664145865152],[-117.85677596551072,33.582017351092638],[-117.85541521310822,33.581067752907991],[-117.85482855720684,33.580828902638643],[-117.85451175513927,33.580643613032706],[-117.85402138477158,33.580079834514898],[-117.85390180667737,33.579899003712114],[-117.85373636751579,33.579740436244627],[-117.85343975957835,33.579621027747187],[-117.85297870441451,33.579485952317427],[-117.85232061583758,33.57937390880425],[-117.85168859179825,33.579228727850762],[-117.85114150790504,33.579006148054503],[-117.85036991238,33.57863625029816],[-117.84881516918917,33.578127460555855],[-117.84731886212289,33.577508361404284],[-117.84594694375438,33.576817127898281],[-117.84572909310502,33.576680775816392],[-117.84537316610447,33.576534181454072],[-117.84501090290728,33.576426064214729],[-117.8436974152447,33.575619045894442],[-117.84345949171028,33.575427817084744],[-117.84315586233922,33.575242430505995],[-117.8424638846197,33.574971036151318],[-117.84117717354965,33.57422985104305],[-117.84081370615856,33.573940286456541],[-117.84061506042734,33.573726851749498],[-117.84048869395812,33.573507571542606],[-117.84002559438431,33.573064551236264],[-117.83949585357585,33.572484429122071],[-117.83918374628395,33.572013171860377],[-117.83899838072698,33.571816154969866],[-117.83878674950756,33.571624807438731],[-117.83818600968276,33.571231957315312],[-117.8379406057994,33.570903303831017],[-117.83767611620888,33.570668205558334],[-117.83734607081055,33.570455449160839],[-117.83695573941255,33.570078032435518],[-117.83638803471811,33.56970703377965],[-117.83614969448654,33.569449815106644],[-117.83598363573961,33.569192223029233],[-117.83580337360965,33.56877526799471],[-117.83513177493811,33.568591705746371],[-117.83486128072012,33.56843911628512],[-117.8344712404197,33.568094677520413],[-117.83392715300921,33.567327645529701],[-117.83369252022365,33.566641554637435],[-117.83362473903985,33.566333973333656],[-117.83350447842757,33.56604316228286],[-117.83300187577123,33.565578323673257],[-117.8324089303453,33.565355876995646],[-117.83226378008298,33.5652686164701],[-117.83196631331501,33.565011695377841],[-117.83146509599982,33.564750295206842],[-117.83118204806769,33.564680216268805],[-117.83091844537805,33.564571577182335],[-117.83055538379634,33.564331465418896],[-117.83028513642621,33.564211851005943],[-117.82896877609632,33.563905016875708],[-117.82854175916225,33.56392913867235],[-117.82810117099318,33.563830196154989],[-117.827085982082,33.563414042693168],[-117.82648550968999,33.563043136204982],[-117.82589191473163,33.56272167525222],[-117.82516539462888,33.562169936989591],[-117.82447290276976,33.561793979259917],[-117.82375356531269,33.561335681383348],[-117.82285543160607,33.560663809241895],[-117.82255862601561,33.560500315545134],[-117.8222285000944,33.560221081888422],[-117.82234400584701,33.56187953517022],[-117.82218893732662,33.562428884569563],[-117.82169755247199,33.563151083716349],[-117.82126066850844,33.563688500290944],[-117.8212179935086,33.56418304532388],[-117.82130877034767,33.565153852233962],[-117.82127020151519,33.565891806909178],[-117.82081593509706,33.566124116291526],[-117.82017128583325,33.566268738160154],[-117.81931578520836,33.56663907959026],[-117.81893966202034,33.566844986475282],[-117.818098022013,33.567220094406167],[-117.81721929374798,33.567890805237838],[-117.81658451323412,33.568574125558833],[-117.81593041434029,33.569096628548259],[-117.81552044951209,33.569595644884359],[-117.81536427346911,33.570263954787606],[-117.81546356413277,33.570996657465152],[-117.8156604821901,33.571789041789174],[-117.81571447522435,33.572523418156436],[-117.81567024796281,33.573073765411479],[-117.81571187758473,33.573754908635834],[-117.81605532490177,33.574268743904611],[-117.81620085184043,33.574966266667971],[-117.81602591609922,33.575569891311559],[-117.81586125069174,33.576502481543478],[-117.81577288883663,33.576821062609312],[-117.81520392902743,33.577537199236218],[-117.81499618929595,33.577998687749911],[-117.81486681515403,33.578589958701009],[-117.81482969590985,33.579199067530617],[-117.81463366875852,33.579901540061712],[-117.81397784148304,33.58072171781059],[-117.81352819584187,33.581210087792911],[-117.81294654963374,33.581761886966106],[-117.81252888458557,33.582262714616739],[-117.81230834921037,33.582796120862128],[-117.81209909059255,33.583629426691417],[-117.81189246507783,33.585617330164467],[-117.81168434873076,33.586286300235962],[-117.81112209114488,33.586798699652476],[-117.81062021673992,33.587147337219598],[-117.80917965967478,33.587712094474874],[-117.80833019336323,33.588007743851463],[-117.80753067618723,33.588680752448447],[-117.80728489739093,33.589079161654936],[-117.80705743461984,33.589594645077803],[-117.80679619239942,33.590313885384504],[-117.8064793606822,33.591370658200468],[-117.80534417062132,33.593858444577577],[-117.80508974755632,33.594489545306914],[-117.80456003642793,33.595920255747735],[-117.80439134459822,33.596529329049503],[-117.80438652577736,33.597172622101766],[-117.80445492283468,33.597656622440596],[-117.80464075885327,33.598185194123786],[-117.80478027164605,33.59890428760027],[-117.80479403423455,33.599690322169245],[-117.80471079382264,33.600204896804676],[-117.80396042124256,33.602174313315828],[-117.80383173361284,33.602700457551379],[-117.80384632041724,33.603261789628924],[-117.80400131101061,33.603652736048041],[-117.8042156485065,33.603967304620205],[-117.80450818464602,33.604296895951485],[-117.80474143923279,33.604705433553292],[-117.80484327805586,33.605113398981999],[-117.80486701416577,33.605502924785625],[-117.80421723390573,33.60535132118973],[-117.80326641324071,33.605335404122897],[-117.80232027025276,33.605460547763293],[-117.80160223396921,33.605670469461238],[-117.80017429910038,33.606196717362778],[-117.79972582568007,33.606398044904047],[-117.79910839372164,33.606482767630808],[-117.79844102736175,33.60618727988583],[-117.79723574673565,33.605010731241734],[-117.79699668077559,33.604503675373905],[-117.7968955593649,33.603998194981436],[-117.7967672838505,33.603573631589462],[-117.79646161539591,33.603210468333245],[-117.79598330957549,33.6030982582364],[-117.79538654784085,33.603056741083407],[-117.79499189724483,33.603108549293069],[-117.79467113371778,33.603057198150154],[-117.7944823890478,33.602949754476427],[-117.79368553529862,33.603167107493064],[-117.79324326868395,33.603422945454298],[-117.7928598060263,33.603768173826104],[-117.79251758702084,33.603907541464324],[-117.79203864004283,33.603933435326837],[-117.7912820199215,33.604059356734751],[-117.790215854476,33.604395760851851],[-117.7895392643027,33.604512516447883],[-117.7890795659966,33.604499879952563],[-117.78831202833575,33.604401166792051],[-117.78750611585286,33.604248115348675],[-117.78662220267377,33.603958485285325],[-117.78568630732488,33.60360186865956],[-117.78503703558725,33.603470174053406],[-117.78425092985833,33.60318666997275],[-117.78347807874015,33.603049738562447],[-117.78211878961481,33.603080945185717],[-117.78053289877744,33.602775532499606],[-117.77902664596024,33.602277688787098],[-117.77752749911116,33.601682719537152],[-117.7770886206723,33.60162447201261],[-117.77676689363591,33.60165143016274],[-117.77659621542304,33.601704173706821],[-117.77611471078303,33.601894043983719],[-117.7759882900362,33.602140518893691],[-117.77589230277603,33.602682761220265],[-117.7758518446233,33.603584990580991],[-117.77592017563741,33.604876466579753],[-117.77587624554195,33.605440331747651],[-117.77554697722171,33.606389338813365],[-117.77544918912425,33.607151435992499],[-117.77522227491457,33.607595539278442],[-117.7751793079354,33.60797444962634],[-117.7752471867686,33.608513441453404],[-117.7752306640661,33.608910073054759],[-117.77508298195421,33.609332045110229],[-117.77481120888757,33.609730994420133],[-117.77452534465628,33.610048478820687],[-117.77422845774281,33.610298637943089],[-117.77393223457221,33.610374000274668],[-117.77276600178114,33.610047985506746],[-117.7723394694693,33.610003507422874],[-117.77034948171855,33.609314757567724],[-117.76987956787372,33.609053753802989],[-117.77000324977556,33.608252391504209],[-117.76988892258707,33.607912659100542],[-117.76961527648569,33.607645634997532],[-117.76925947877609,33.606925046277951],[-117.76890144364496,33.606631265292187],[-117.76776057362507,33.60639929998932],[-117.76707784050524,33.606313663359494],[-117.76636231929305,33.606359042186845],[-117.76544993363638,33.60635287842355],[-117.76301639853067,33.606115349869967],[-117.76233479438757,33.605912415053794],[-117.76183043175756,33.605800376766268],[-117.76146881603457,33.605824821617134],[-117.76104737441865,33.605983370314185],[-117.76067109907927,33.606264629566304],[-117.76034673656076,33.606610087369113],[-117.75924980366297,33.607451085520474],[-117.75836625292237,33.607878202510811],[-117.75757105665679,33.608072775444256],[-117.75697306542527,33.608145792278115],[-117.75634986755486,33.608086362569395],[-117.75467788130643,33.6078195138859],[-117.75411284616004,33.607798438013752],[-117.75384999015047,33.60783579340923],[-117.75355526554677,33.607817251185374],[-117.75329326730279,33.607712811671263],[-117.75288832108842,33.607435804498614],[-117.75239685765203,33.607289871897763],[-117.75197766326406,33.607220093250532],[-117.75169007462868,33.607026045653555],[-117.75153447767032,33.606778245868263],[-117.75133227290594,33.606689641516525],[-117.75116999685115,33.606713486513407],[-117.7507792185536,33.607006823333258],[-117.75042318947037,33.60721373037245],[-117.75012734361293,33.607234069395645],[-117.74968743420573,33.607324564832112],[-117.74909428912088,33.607535493264869],[-117.74792695116352,33.608194260131029],[-117.74738059801611,33.608274443600926],[-117.74681018229396,33.608140459252667],[-117.74583073472121,33.607501240863989],[-117.7445060578945,33.607251836283744],[-117.74388231913707,33.607176233302546],[-117.74355712356511,33.606867522723618],[-117.74329137754201,33.606361497510669],[-117.74294379037461,33.606271679294608],[-117.74184461992242,33.606623307202348],[-117.74153182647851,33.607049281521689],[-117.74136987467762,33.607593542816105],[-117.74097477865979,33.608639550208871],[-117.74073550158811,33.608907107248726],[-117.74022206209422,33.609042900769609],[-117.73966592850144,33.608856986499198],[-117.73910391233032,33.608540707507053],[-117.73830936547978,33.608409224605204],[-117.73709979346167,33.608545763959661],[-117.73647679882397,33.608519746032705],[-117.73513543524891,33.607799916322818],[-117.73479802427248,33.607395335520749],[-117.73484624405046,33.60713834229886],[-117.73509262951131,33.606699508874456],[-117.7355869260401,33.605648185799936],[-117.73567554490499,33.605185333621876],[-117.73555309510965,33.604910531583897],[-117.73510800914549,33.604798709124523],[-117.73464930290625,33.604602892485147],[-117.73421178145588,33.604303453284203],[-117.73417247353092,33.604170148494134],[-117.73385719453971,33.604311857140978],[-117.73346112889188,33.604558209199951],[-117.73294565229646,33.604989119761399],[-117.7325733063021,33.605541887633507],[-117.732351719245,33.606168108986573],[-117.7321574382637,33.606556688538539],[-117.73163190889234,33.606591260954765],[-117.73121322144361,33.606462750331538],[-117.73076248730631,33.606136241802133],[-117.73022128466393,33.60558238560052],[-117.7297451153518,33.605245218511136],[-117.7290968865744,33.604966920775041],[-117.72851928972952,33.60500860090935],[-117.72727799984234,33.60573080738213],[-117.72670514571956,33.605982621516269],[-117.72605953152933,33.60621859590497],[-117.72471214920859,33.607139655150604],[-117.72428808561841,33.607539104861843],[-117.72363026650758,33.607788326737996],[-117.72280913921364,33.607716841584796],[-117.721950083404,33.607540801232041],[-117.72028295641417,33.607406002161653],[-117.71942807182873,33.607571206513633],[-117.71834627078717,33.608098601574447],[-117.71750014874166,33.608824988473444],[-117.71716664281783,33.609403857823359],[-117.71677869219262,33.61023140085512],[-117.71603556106189,33.611232223205469],[-117.71500165752427,33.61229849235071],[-117.71374452780898,33.613373768419926],[-117.71247492876761,33.614356023321065],[-117.71083773341938,33.61538467287162],[-117.70968937252582,33.616042600194717],[-117.70832492655072,33.616650171100112],[-117.70542846884284,33.618183828302499],[-117.70447853969084,33.618648944450086],[-117.70393582869448,33.61908110846953],[-117.70304547377549,33.620285518213315],[-117.70228369806539,33.621061167746838],[-117.70109741137632,33.621505364552704],[-117.70017001761093,33.621713740223228],[-117.69928687176348,33.621993515341522],[-117.69877176476933,33.62232586687248],[-117.69672882242614,33.623840595191908],[-117.69564890821754,33.624214709707509],[-117.69435896137799,33.624474322617729],[-117.69359553007133,33.624717856134581],[-117.69325094368551,33.624963433291825],[-117.69239809228417,33.625831058546616],[-117.69206620754318,33.62627705033885],[-117.68997814157379,33.628627234588215],[-117.68942639896601,33.629439487045829],[-117.68912476885978,33.630325648389942],[-117.68899688875999,33.630831075166491],[-117.6885839453423,33.631577642876181],[-117.68783474021318,33.632432083218859],[-117.68686265240045,33.633203328467424],[-117.68619658840205,33.633464875392832],[-117.68395083798845,33.633786299952106],[-117.68232806130601,33.635361511784865],[-117.68131605153981,33.63624493165586],[-117.68070433669071,33.637111154238895],[-117.68044221214126,33.638006003943417],[-117.68005337347731,33.639099540499004],[-117.67948894953429,33.639752172926308],[-117.67859931770504,33.639984574971713],[-117.67756522465751,33.640112220041686],[-117.67686540540279,33.640528370623855],[-117.67640120657306,33.640988817479538],[-117.67576033837589,33.64149073787037],[-117.67552581429945,33.642028063741783],[-117.67571324175964,33.642471449305631],[-117.67605373688518,33.642846341863965],[-117.67642629556836,33.643150885719614],[-117.67666632512183,33.64367906527081],[-117.6765780887395,33.64411481583663],[-117.67648708276977,33.64497901612755],[-117.67637127024385,33.645505252232049],[-117.67659055211377,33.646155651393606],[-117.67658891574823,33.647499003303764],[-117.67674848607356,33.648123084526041],[-117.67693668966804,33.648689958115575],[-117.67736349665611,33.649609893255793],[-117.67762544044047,33.649908466242536],[-117.67794573275441,33.65019809120782],[-117.6783329432253,33.650446221687758],[-117.67852112356219,33.650755696246705],[-117.67863583334545,33.651366159199071],[-117.67851294951295,33.651955400502636],[-117.67821506418761,33.652338368973638],[-117.67786997861261,33.652635193080997],[-117.67751963712736,33.652853550293692],[-117.67715782921825,33.65295072535136],[-117.67647981747288,33.652952320393609],[-117.67572941988689,33.653025998694098],[-117.67470728189194,33.653291143587452],[-117.67370037854258,33.65318109805326],[-117.6726374536747,33.652774991690322],[-117.6719432097654,33.652336692324802],[-117.67128357368564,33.65254952288543],[-117.67086552226526,33.653059668808595],[-117.67067014297396,33.653723237711432],[-117.6706818128783,33.654834827717757],[-117.67042585818564,33.65573172406495],[-117.67004611665804,33.656507085683387],[-117.66959928171867,33.657296308048025],[-117.66912748058844,33.657977593528955],[-117.66811469738941,33.65891217293543],[-117.66761628843882,33.659471108354985],[-117.66711352012938,33.659886742541225],[-117.66606876438783,33.660659106737818],[-117.66549265697219,33.661184855493609],[-117.66516210214533,33.661426140914813],[-117.66467946603318,33.661631846040414],[-117.66338251573465,33.661631041791225],[-117.66226520728624,33.661421324578093],[-117.6614245904875,33.661193659117487],[-117.66068143601484,33.661127837673241],[-117.66031225760342,33.661181665022433],[-117.66007443871806,33.661345348173938],[-117.65978300972982,33.661653404903205],[-117.65949715210009,33.662092091744377],[-117.6593285256421,33.66265693503361],[-117.65894198629992,33.664245768334546],[-117.65888428848707,33.664956443069443],[-117.65864578126008,33.665296296882303],[-117.65824256168133,33.66547627114555],[-117.65787354404507,33.665523904543413],[-117.65752310202544,33.665775453789443],[-117.65701809693974,33.666519999755614],[-117.65668602928355,33.66681083693878],[-117.65617529812532,33.667457983489506],[-117.65558508453228,33.668126060389127],[-117.65509937143241,33.668911569048745],[-117.65482686121373,33.669262276006833],[-117.65449604719828,33.669476456564816],[-117.6539946469909,33.669550916865717],[-117.65351466131277,33.669481483565136],[-117.65309934997025,33.669562249589696],[-117.6526099631587,33.669885067582968],[-117.65210904204116,33.670124446742285],[-117.65168014013581,33.670225508266753],[-117.65006672845865,33.670306790404965],[-117.64965818237708,33.670448858438569],[-117.64928720216757,33.670777776756623],[-117.64910675680215,33.671044669682544],[-117.64890248779761,33.671172091107792],[-117.64852675803442,33.671257301667168],[-117.64808424283129,33.671453643666133],[-117.6478254458163,33.671743444076178],[-117.64735229307327,33.672539895042242],[-117.6470944695831,33.672649295469235],[-117.64687136657595,33.672576152833038],[-117.64658293133743,33.672338139849387],[-117.64627492068922,33.672213605605769],[-117.64598548454418,33.672269061932582],[-117.64552200416769,33.672512866668924],[-117.6449596170917,33.673005517989132],[-117.64361971401797,33.674369493052268],[-117.64281281635138,33.674998592143012],[-117.64229143348209,33.675233271021682],[-117.64175024216237,33.67533561669763],[-117.64084813322805,33.675358296602703],[-117.64037214038228,33.675624378720912],[-117.64018040145868,33.6758396952685],[-117.63963389359695,33.676662797175851],[-117.63931710018994,33.676946583857259],[-117.63834393372873,33.677611909412228],[-117.63797994530543,33.677918376176486],[-117.63774709131877,33.678172332711171],[-117.63755461090001,33.678479546756073],[-117.63716373882831,33.678783750410197],[-117.63690569057219,33.67893879536178],[-117.63656328849893,33.67906894836694],[-117.63569229985221,33.679233744307822],[-117.63536255384427,33.679374855354759],[-117.63505753844082,33.67972566600195],[-117.63499632803548,33.679902293010223],[-117.63481181548343,33.680913341566423],[-117.63455841016778,33.681386189307091],[-117.6339868167431,33.682144440839771],[-117.63381283987943,33.682479119560384],[-117.63362722108819,33.682736861496387],[-117.63332137843605,33.683047353381689],[-117.63298901555818,33.683562520097389],[-117.63262843409339,33.684261466402766],[-117.63224829989039,33.684892344108576],[-117.63196907270846,33.685281485223641],[-117.63174809434832,33.685785727759189],[-117.63151603943335,33.686005561909923],[-117.63117403922193,33.686014468572708],[-117.63030573656944,33.685906096509662],[-117.62982461593765,33.686018953771544],[-117.62947974241804,33.686264322476575],[-117.62909606964956,33.686471668070325],[-117.62856206784957,33.686622877886052],[-117.62796815455634,33.686862217024661],[-117.62754363232212,33.687279289341539],[-117.62754811921361,33.68763572574516],[-117.62768931519595,33.688104123462672],[-117.62799667593976,33.688431666313356],[-117.62913437382949,33.689483077055627],[-117.62939481489506,33.689858409618346],[-117.62953774741713,33.690167265067522],[-117.6295132657761,33.690766677719814],[-117.6295963853877,33.691052591089864],[-117.62977909360802,33.691400910371513],[-117.63013706919298,33.691946852140411],[-117.63055455555434,33.69241230026816],[-117.63082974823857,33.692622727014211],[-117.6310603420325,33.692738604623912],[-117.63170347510507,33.692946872218506],[-117.63198581557523,33.693097122333334],[-117.63216882117902,33.693289545424435],[-117.63220375544432,33.693851287760197],[-117.63229533097467,33.693967657484237],[-117.63285862184762,33.694389047269247],[-117.63297573909571,33.694620683316309],[-117.63302666729932,33.694868156045118],[-117.63337746109191,33.695475384321803],[-117.63358447355992,33.696015350841641],[-117.63389625859138,33.696556931259316],[-117.63424944195607,33.696976475238422],[-117.63490322177778,33.697546049237104],[-117.63509767915255,33.697971275037489],[-117.63500277370218,33.698406831761332],[-117.63486148349385,33.698730345537406],[-117.63484706223441,33.698998992425253],[-117.63500274563948,33.699271188898308],[-117.63595383638905,33.699824972457805],[-117.63618922941909,33.70003569882455],[-117.63633817014075,33.700427565712019],[-117.63647775607784,33.701105089193568],[-117.63667724780065,33.701756240276474],[-117.63664962705052,33.701959485224421],[-117.63673957527304,33.702305853384395],[-117.63614418835047,33.703607981016283],[-117.63585223096037,33.703920167205446],[-117.63548212863128,33.704139103004152],[-117.63511890930189,33.704273878040937],[-117.63452408731008,33.704579168509859],[-117.63370990002028,33.705146586882663],[-117.63325564156122,33.705151457989544],[-117.63268355481273,33.704982765994473],[-117.63190159878896,33.704797566657845],[-117.63125810182615,33.70449178441806],[-117.63099503712387,33.704411553517737],[-117.63068669478268,33.704334643355338],[-117.6298448339215,33.704203418687044],[-117.62941201721507,33.703959821923213],[-117.62922229261916,33.703704107675911],[-117.6290741988439,33.703352840591698],[-117.6289175420697,33.703107683188406],[-117.62860882906735,33.702936312910687],[-117.62782619647353,33.702921598602025],[-117.62724686282732,33.7028482999754],[-117.62687803734082,33.702883718467156],[-117.62630223598717,33.70320008074615],[-117.62605100740356,33.703304748017494],[-117.6259394465622,33.703280998317112],[-117.62572146143967,33.703322380699085],[-117.62521577169062,33.70370588628802],[-117.62495700000144,33.703847639576132],[-117.62456013611535,33.703986184185887],[-117.62426633733915,33.704290395305151],[-117.62396883234342,33.704424831103303],[-117.62347608249958,33.704382094744389],[-117.62232472784929,33.704358779736616],[-117.62128978732557,33.704045836312638],[-117.62077957120219,33.703832156163429],[-117.62030158662434,33.703724571320926],[-117.61991317591907,33.70372626328124],[-117.61817852689532,33.704055195481367],[-117.61787560205111,33.704045448422441],[-117.61671509622262,33.70378731931936],[-117.61606676890693,33.703571563325475],[-117.61559665458716,33.70328116116336],[-117.61521159141792,33.703099667389381],[-117.61468864014456,33.702912739305916],[-117.61432972838408,33.702685308337877],[-117.61403149001222,33.702346083181546],[-117.61351016061272,33.702032884736845],[-117.61320143754941,33.701969442326288],[-117.61239315027628,33.701944233482415],[-117.61219568753128,33.70190849893482],[-117.611350526655,33.701714766288696],[-117.61099122622318,33.70154030381839],[-117.60987000445022,33.70080396990808],[-117.60946996265082,33.700689243013031],[-117.60916309444515,33.700525746194344],[-117.60883973296544,33.700198668641939],[-117.60776507344308,33.699423534733882],[-117.60710459644103,33.698718621901854],[-117.60646533109566,33.698311000671978],[-117.60624584642122,33.698078024563422],[-117.60588865998486,33.697727663964734],[-117.60423187573008,33.696725654637447],[-117.60344232252515,33.696301017833648],[-117.60264820865487,33.695736731524079],[-117.60169559420008,33.695170784721228],[-117.60118580551011,33.695013685981166],[-117.60061215313752,33.695079325189319],[-117.60013300444729,33.695446953447153],[-117.59982674486538,33.695725770176601],[-117.5994078647261,33.696023632415596],[-117.59907243699614,33.695991122763914],[-117.59875191914428,33.695850715608074],[-117.59837984274881,33.695638157201834],[-117.59697288111236,33.694727057786558],[-117.5963527093692,33.694403494455997],[-117.59514138829839,33.694016945808244],[-117.59438081152459,33.693844609193299],[-117.59215518192609,33.693539366026002],[-117.59155620424183,33.693550878422393],[-117.59112981521372,33.6935237651157],[-117.59072343486406,33.693408853463488],[-117.59028584436957,33.693151456129229],[-117.58932259620393,33.692477737829144],[-117.5872023638014,33.691729775312858],[-117.58670513437578,33.691588378399942],[-117.58579730720606,33.691576377153289],[-117.58480038995532,33.69137383094543],[-117.58372878267812,33.690896258140995],[-117.58313153778154,33.690779761364972],[-117.58262545480162,33.690791507548653],[-117.58123975680769,33.691025240433909],[-117.58032800162762,33.690860592487262],[-117.57976328723616,33.690849383242828],[-117.57851424625181,33.691205245225035],[-117.57784856927506,33.691314493953676],[-117.57711863768037,33.691271804547192],[-117.57654273608956,33.691058490323073],[-117.5760596863051,33.690839824194974],[-117.57558377592494,33.690530794844115],[-117.57466154032718,33.689723632779],[-117.57424570160354,33.689423236248594],[-117.57376740138982,33.689264985423314],[-117.57277479186287,33.689204245759719],[-117.57214640443358,33.689015705750222],[-117.57183220460338,33.688886329814615],[-117.5709778855132,33.688433002359979],[-117.57041992651425,33.687882574987135],[-117.56896069585575,33.686547662522699],[-117.56800769318909,33.686004801355821],[-117.56647966917899,33.685294532276394],[-117.56537811381126,33.685062514659194],[-117.56492290538831,33.684713289465101],[-117.5645125919102,33.684449315426555],[-117.56417079499319,33.684445626803026],[-117.56380030231264,33.684569323072857],[-117.56314179228194,33.68466060688074],[-117.56234636404474,33.684607395592074],[-117.56156318898014,33.684649188198051],[-117.56083758849064,33.684747181383003],[-117.56009212171202,33.684931561731567],[-117.5591719547991,33.685289804165073],[-117.55881851330312,33.685631205201474],[-117.55852674513902,33.686207638787572],[-117.55827285925096,33.686468298840914],[-117.55804069966381,33.686581432547186],[-117.55761194923167,33.686669727784547],[-117.55701113195897,33.686846230797066],[-117.556680614961,33.686896898109609],[-117.55642250166005,33.687015658416598],[-117.55589618220846,33.687470885671495],[-117.55521271082912,33.688299651504352],[-117.55483188548271,33.688686417333962],[-117.55461286372856,33.688793600996902],[-117.55426088901619,33.689047626798143],[-117.55391681800528,33.689154937003494],[-117.55361080051787,33.689389093233451],[-117.55320388886646,33.689785433596356],[-117.5529070947828,33.690244474799393],[-117.55267702131596,33.690709464135416],[-117.55201253472242,33.691587395616565],[-117.55155259580192,33.692401232933221],[-117.55119075337487,33.692838003765488],[-117.55087124583112,33.693126272493728],[-117.55027426338081,33.693421771428135],[-117.54984710189532,33.693806667678182],[-117.54965590778842,33.694267132040146],[-117.54958385082746,33.694716647500805],[-117.54945284778574,33.695116407073314],[-117.54915465871723,33.695652081652227],[-117.54844105396171,33.696300563443891],[-117.54791653794301,33.697042500087363],[-117.54744450649075,33.697377934547809],[-117.54615012125501,33.698107689459178],[-117.54580362741663,33.69839508151982],[-117.54542721458357,33.69895161022221],[-117.54487932394618,33.699923937324819],[-117.54457759043771,33.700333515360661],[-117.54419250921744,33.700995274769355],[-117.54363319417116,33.701845535079315],[-117.54181020230024,33.703614799703544],[-117.54091622453647,33.704407328773542],[-117.53927229363343,33.705655499490717],[-117.53661411410195,33.706940231250179],[-117.53587914740429,33.707261439357431],[-117.53551789639506,33.707641484900691],[-117.53520043815598,33.708200384873955],[-117.53482669794455,33.708982466440219],[-117.53451791304607,33.709788536424533],[-117.53390128779844,33.710947889324196],[-117.5335583560008,33.711432085763811],[-117.53321456947928,33.711731338903824],[-117.53261470163504,33.712010606117289],[-117.53213248879916,33.712143609784256],[-117.531734169826,33.712359620486431],[-117.53079581818045,33.713080614847264],[-117.5303717482259,33.713289574811647],[-117.52954691072894,33.713446677517226],[-117.5286209133989,33.713694575556623],[-117.52793215707767,33.714055630431886],[-117.52716123539203,33.714525964626809],[-117.52689433308021,33.714742866508601],[-117.52562532226611,33.716410317383279],[-117.52529141592848,33.716736809868905],[-117.52473103674889,33.716786043914929],[-117.52342450113488,33.71661398933086],[-117.52270074248474,33.716571958450558],[-117.52163688589816,33.71643422981181],[-117.52102222496207,33.716213289826342],[-117.52056638295183,33.715922822696903],[-117.52004622568614,33.715101211056108],[-117.51986311053675,33.714606397410456],[-117.51979594184645,33.714237020610341],[-117.51955408254545,33.713723701183582],[-117.51926865513836,33.713434129578637],[-117.51838188627777,33.71295095975502],[-117.51699450405432,33.711606247618057],[-117.51652520817221,33.711326183020915],[-117.51546608213623,33.710906851990444],[-117.51507932040727,33.710854401626676],[-117.51473676708142,33.710871131986899],[-117.51446737729295,33.710829142011683],[-117.51274445580547,33.710380853434955],[-117.51096548675289,33.709657845847005],[-117.51041407204346,33.709588220803596],[-117.51007858017994,33.709589886456243],[-117.50989352076586,33.70964248675827],[-117.5095377807032,33.709666246583801],[-117.50903039723059,33.709269136209542],[-117.50866930258293,33.708808152623661],[-117.50829893289209,33.708063912474181],[-117.5079312763915,33.707613774601811],[-117.50728587836521,33.707210812159566],[-117.5068271104129,33.706705381600734],[-117.50654649316314,33.706537654923856],[-117.50625599317544,33.706615274227971],[-117.5054995273792,33.707030818558628],[-117.50496420286682,33.707624308602547],[-117.5046848171435,33.70783015148259],[-117.50436621247528,33.707975656083562],[-117.50393014235952,33.70811942302322],[-117.50265102172384,33.708280700565531],[-117.50224096735816,33.708386105414533],[-117.50185388917623,33.708344318396776],[-117.50144252314,33.708186390589653],[-117.50096005672226,33.707849856933791],[-117.50084788542399,33.707713192796959],[-117.50063118945205,33.707673162615819],[-117.50020918025321,33.707713482845122],[-117.49996552177051,33.707673706642467],[-117.49950216465223,33.707282898919168],[-117.49927955540807,33.70718945087792],[-117.49914869609104,33.707095514016423],[-117.49860251827351,33.706423203433665],[-117.49837107971395,33.705964176779013],[-117.49816212736488,33.705198093513644],[-117.49791746407247,33.704682975531583],[-117.49735406547514,33.703836896760123],[-117.49689678125428,33.703419992353169],[-117.49673013921088,33.703098024338303],[-117.49602635859806,33.702394852976511],[-117.49577619262513,33.702353242017189],[-117.49550343028673,33.702589104370844],[-117.49486895593185,33.702798643492699],[-117.49416778800391,33.702968089511572],[-117.49294129547044,33.703136055840979],[-117.49190987030588,33.703381066206489],[-117.49148859292404,33.703398810628194],[-117.49080282006207,33.703491882352971],[-117.49035274702584,33.70359918549385],[-117.49000154232446,33.703756621910074],[-117.48973140580699,33.703802815865131],[-117.48817816527752,33.703626008880711],[-117.48729393735181,33.703784870546443],[-117.48654905270648,33.703833464429778],[-117.48610761633552,33.703774065916527],[-117.48407748781791,33.703328401519776],[-117.48292334755139,33.702846340964477],[-117.48247627942114,33.702694606857875],[-117.48193122655027,33.702602145828841],[-117.48128272282891,33.702843169432029],[-117.48089805068369,33.703034772831927],[-117.48043550494846,33.703194213554873],[-117.47996116378006,33.703115158267877],[-117.47946919113663,33.702950016307852],[-117.47903552083572,33.702848175048317],[-117.47660939767269,33.702437816901593],[-117.47612452333949,33.70221868275118],[-117.47577177679629,33.701979079794029],[-117.47548654405931,33.701519671064716],[-117.4753987366047,33.701128106584839],[-117.47535826088667,33.700636364756697],[-117.47555085369801,33.699977559944628],[-117.47557324296514,33.69971362615648],[-117.47550451696179,33.699399993935636],[-117.47515174732933,33.699199021343539],[-117.47470705569091,33.698830211545072],[-117.47453447061949,33.698427443880426],[-117.47439543222556,33.697882213312802],[-117.47435360184355,33.697566370536897],[-117.4742563487403,33.697402941703835],[-117.47380402046193,33.697210443128476],[-117.47332201310745,33.69727271649429],[-117.47241297514154,33.697265120962541],[-117.47173641998323,33.697101184441593],[-117.47150015549498,33.697004843468072],[-117.47116191245915,33.696681535387562],[-117.47087674007892,33.696290900060156],[-117.470550836356,33.695924445612931],[-117.46946150368923,33.695039403653901],[-117.46908169546995,33.694809038806831],[-117.46862272511183,33.694657276827527],[-117.46686075665986,33.693762520574026],[-117.465847177391,33.693683192445192],[-117.46543413005993,33.693513246926962],[-117.4651524133681,33.693347383045108],[-117.46495061545606,33.693185818999432],[-117.46464604018129,33.692791922939236],[-117.46451277752573,33.692305430015338],[-117.464515198703,33.692129569402894],[-117.46455542543167,33.692014880406312],[-117.46485100818305,33.691610150740502],[-117.46492550932977,33.691372749743337],[-117.46486287093661,33.691102385730005],[-117.46467388665496,33.690940275831395],[-117.4641739446047,33.69082730233643],[-117.4639302882558,33.690857934360892],[-117.46369978452273,33.690845458856309],[-117.46346990136134,33.690782518866321],[-117.46314926113726,33.690621967542903],[-117.46285135216053,33.690156321993591],[-117.4625464620292,33.689778467464798],[-117.46221984335023,33.689568169719799],[-117.46197860168755,33.689354406496562],[-117.4616039778322,33.688691094195512],[-117.46121258891579,33.688319759767175],[-117.4602732505284,33.688113778236676],[-117.45964962279561,33.687915679842753],[-117.45877884636147,33.68749016819703],[-117.45837343571156,33.687183361578569],[-117.45804375059309,33.686701467437011],[-117.45793729028486,33.686221771529837],[-117.45779717103106,33.685814339915773],[-117.45763040015473,33.685465232081967],[-117.45735708373623,33.685144182660132],[-117.45707690068295,33.684937441482703],[-117.45531627166865,33.683942724887693],[-117.4547933580434,33.68360168778522],[-117.45471235739542,33.683469052929148],[-117.45431219361755,33.68360327653707],[-117.45398255915377,33.683661000798814],[-117.45249143857322,33.683312549793484],[-117.45160764288548,33.68335667961955],[-117.45076719392561,33.683772791232883],[-117.44961401071608,33.683746841127537],[-117.44915878969996,33.683848230680468],[-117.4478502608202,33.684695875898647],[-117.44724907786696,33.684943964487999],[-117.44651522258921,33.685125056732808],[-117.44611127612193,33.685308794933015],[-117.44593833635876,33.685456572632887],[-117.44561402149458,33.686081647129541],[-117.44542109363877,33.686310178620722],[-117.44502863390093,33.686539550705085],[-117.44472509557748,33.686623778001376],[-117.44435368413315,33.68686886568625],[-117.44405270058226,33.687204044234477],[-117.44356392763169,33.68791562419765],[-117.44305157181732,33.688350646133671],[-117.44266687994526,33.688572868371089],[-117.44203423290826,33.688556889197713],[-117.44158074301362,33.688436419393632],[-117.44112281811861,33.688192644857857],[-117.4405396996836,33.687978171688961],[-117.43928148898655,33.687894758843967],[-117.43882806637623,33.687808682952152],[-117.43802522042638,33.687786857241313],[-117.4373885745358,33.687561290688969],[-117.43653622114505,33.687205660749285],[-117.43588563655445,33.687144989312046],[-117.43528449818639,33.687223288432612],[-117.43475126744411,33.687203033060761],[-117.43423328739733,33.687076010637227],[-117.43318017775441,33.686924725933025],[-117.43196878955892,33.686930814183299],[-117.43152600939777,33.687047085969247],[-117.43104175235656,33.687346518435248],[-117.43052273902735,33.687749757754197],[-117.43008453457628,33.688026543085684],[-117.42923658859419,33.688398924434892],[-117.42882443291522,33.68866642922211],[-117.42818670693698,33.689144769652529],[-117.42786897814607,33.689297141941452],[-117.42729438835116,33.689386995312283],[-117.42663358270053,33.689574145087775],[-117.4258982684302,33.689896603716427],[-117.42538033245411,33.690234713159832],[-117.42496259880926,33.690445408911025],[-117.42339231765632,33.690701241701397],[-117.423020643372,33.690853186851349],[-117.42285472520108,33.691016314118436],[-117.42265140439116,33.691495522012509],[-117.42225257270665,33.691787528821983],[-117.42178227567159,33.69198716906152],[-117.42130753494742,33.69202316867905],[-117.4208532571416,33.691963183476233],[-117.41986991241251,33.692115884391875],[-117.41938692794361,33.692275463985645],[-117.41906752828636,33.692576622237659],[-117.41884504510544,33.692948775895331],[-117.41857112918066,33.693281695368995],[-117.41825105285471,33.693566779442257],[-117.41787354081742,33.69373241379099],[-117.41674730106755,33.693702238231097],[-117.41624661816026,33.693742133825701],[-117.41574428359007,33.69386317628026],[-117.4152874121487,33.694047852593307],[-117.41498383558444,33.694131999987306],[-117.41400672937853,33.694289301140046],[-117.41284077904031,33.69425252688221],[-117.41099986406049,33.694472133825883],[-117.41000902056315,33.694755375381156],[-117.40936899291908,33.69483464493689],[-117.40800038854401,33.694629114694763],[-117.40759839236884,33.694686712926298],[-117.40737253432941,33.694831244666673],[-117.40709726393833,33.695265339986463],[-117.40680927082309,33.695624996235104],[-117.40650271477894,33.695865236725041],[-117.40585952789374,33.696200649603256],[-117.4039677714738,33.696818483275869],[-117.40360947906488,33.697089938931512],[-117.40285867331144,33.69751395939668],[-117.40236058189865,33.697901197241961],[-117.40200018000995,33.698303432865067],[-117.4014537996737,33.698779208508164],[-117.40090206428245,33.699120958050315],[-117.4004446814517,33.69935489589141],[-117.39922624033845,33.699893639962319],[-117.39681997562822,33.701062512609695],[-117.39496706378984,33.701640754430379],[-117.39343040951883,33.701853528786359],[-117.39265676231743,33.701565068647305],[-117.39163528864964,33.70103803792405],[-117.39100292432389,33.701040684375926],[-117.39037518719908,33.701138995338709],[-117.38952796501664,33.700921007546],[-117.38871055889639,33.700451936447763],[-117.38796989625172,33.700110066283834],[-117.3873926022154,33.699951569573436],[-117.38622872129974,33.699752456171304],[-117.38580091367541,33.699737249182519],[-117.38529139051708,33.699849825220973],[-117.38522076625334,33.699931359701004],[-117.38495420985549,33.699999929513666],[-117.38460451894646,33.700002853919784],[-117.38395500467385,33.699811077596344],[-117.38310652148265,33.699698458558437],[-117.38211587955358,33.69941309891076],[-117.38148706037593,33.699049249827688],[-117.38125509882146,33.698662436669373],[-117.38112862873921,33.698210121333872],[-117.38101909433458,33.697576902341986],[-117.3810011003572,33.696881794458641],[-117.38084186090869,33.696411777169928],[-117.380623132658,33.696012573489199],[-117.38007648003941,33.695514457353632],[-117.37958977469691,33.695421148644996],[-117.37833115891796,33.69551468865189],[-117.37775097262917,33.695475896496518],[-117.37660358528211,33.695076052538283],[-117.37617034530328,33.694966783082911],[-117.37571479459996,33.695205192688384],[-117.37542415378768,33.695253430760303],[-117.37506806170036,33.69528747692636],[-117.37454908625328,33.695190867576848],[-117.37404694157991,33.694851618850933],[-117.3735467319365,33.694291391383743],[-117.37299988157007,33.693765574214332],[-117.372483972621,33.693485494373611],[-117.37204458263096,33.693332922293052],[-117.37141243409818,33.693366763074124],[-117.37093167120769,33.693455977418189],[-117.37048398192529,33.693457138359513],[-117.36996631527168,33.693255662435675],[-117.36959592001567,33.692943987540566],[-117.36929056085852,33.692557141500551],[-117.36883913130281,33.691762588850906],[-117.36843154411513,33.691236044781235],[-117.36766849939922,33.690568743324313],[-117.36708854040745,33.69016843392901],[-117.36640762565527,33.689854889926565],[-117.36569708609088,33.689327501198584],[-117.36536907268174,33.688613625053584],[-117.36529610098594,33.688147284405112],[-117.36504031271771,33.687506979960119],[-117.36451196326364,33.687112104943026],[-117.36387069092173,33.686286317965191],[-117.36265338903027,33.685203239860911],[-117.36228691952363,33.685003267205794],[-117.36131713691961,33.684682114372372],[-117.35983967942936,33.68444921610201],[-117.35897390984294,33.68424860962574],[-117.35836819593203,33.684300453604507],[-117.35789373313257,33.684393990839226],[-117.35749961652274,33.684341378700523],[-117.35700769334677,33.684184711119393],[-117.3564237230773,33.684069315382878],[-117.35608379682216,33.683878108138423],[-117.35591006255819,33.683559127541301],[-117.35589337174579,33.683317129209136],[-117.35574448614423,33.683056506429544],[-117.35404172643072,33.682436513327808],[-117.35373560046555,33.682171383908901],[-117.35352999709538,33.681773273583815],[-117.35324969547214,33.681512127077198],[-117.35250280682718,33.681271101710422],[-117.3521828967592,33.681095593143532],[-117.35175006773142,33.6809772186215],[-117.35139052657665,33.680732544495179],[-117.35120345707082,33.680455815004372],[-117.35026014576391,33.679572139471368],[-117.34981369767321,33.679443257525527],[-117.34946792426474,33.679301817715483],[-117.34924172748052,33.67897088008479],[-117.34909368219522,33.678624567916785],[-117.34836606318038,33.677868573357252],[-117.34805771849534,33.677837945514753],[-117.34776746546436,33.677870637554712],[-117.34695214554786,33.677807553742745],[-117.34657622500508,33.677891507156616],[-117.34566464868601,33.67818678410616],[-117.34539534354114,33.678213179647344],[-117.34505391466553,33.678133006486213],[-117.34471496573342,33.677883156482359],[-117.34391767385661,33.676929803643873],[-117.34348777865085,33.676563349187923],[-117.3430035355175,33.676305577919315],[-117.34108619327971,33.676076486424009],[-117.34046210112176,33.675903947519117],[-117.33972945525353,33.675597185274327],[-117.33878638658602,33.675259255885884],[-117.33810873918078,33.675236296335086],[-117.33758933428081,33.675258201054952],[-117.33693438297821,33.675011893698063],[-117.3357084939033,33.674104222255437],[-117.33535932874712,33.673679303620467],[-117.3349610616733,33.672855109795151],[-117.33458109404781,33.671647046011742],[-117.33425531733204,33.670335670446924],[-117.33379123188733,33.668934449971715],[-117.3332662893575,33.667774552890393],[-117.33249923860105,33.666504939154812],[-117.33218870564282,33.666084555523931],[-117.33182483412621,33.665717645662795],[-117.33143876786072,33.665554317375801],[-117.33079425915253,33.66551572113967],[-117.33008940120054,33.665598354545637],[-117.3293201007866,33.665613480036285],[-117.32769015848933,33.665538953257055],[-117.32722422546415,33.665380211933254],[-117.32643964915415,33.665049310970275],[-117.32584204658902,33.664989231999911],[-117.32446137263028,33.66541678371425],[-117.3228748722687,33.666037093610313],[-117.32177129154428,33.666495385426998],[-117.31911857118989,33.667708457889205],[-117.31848798048586,33.668150008919206],[-117.31809556066635,33.668498228017619],[-117.31702753979143,33.669209112631364],[-117.31614856240179,33.669630391753351],[-117.31565585997777,33.670039937776046],[-117.3149867602995,33.670945217215632],[-117.31470933169236,33.671559494565116],[-117.31452497507266,33.672162432980322],[-117.31451986510775,33.672601583283814],[-117.3144143040367,33.673136764556581],[-117.31415061585622,33.673633218404461],[-117.31404163158697,33.673985055675942],[-117.31398437230008,33.674337527780153],[-117.31380171560068,33.674730190480297],[-117.31360181967766,33.674965383594234],[-117.31345043967083,33.675454353719417],[-117.31320201737773,33.675913120779136],[-117.31297524119826,33.67617557637876],[-117.31284023860998,33.676405285433709],[-117.31271795099538,33.677273865121442],[-117.31271926295291,33.677648345673468],[-117.31290038561833,33.67800196122429],[-117.31314135708941,33.678623738515725],[-117.31368499189004,33.680498024997185],[-117.31373781095552,33.680978308167361],[-117.3137079420335,33.681253617751509],[-117.31338632168848,33.681738566542023],[-117.31301122916027,33.682208960813739],[-117.31266724826098,33.682399307021683],[-117.31237025874732,33.682440747749929],[-117.31140014996609,33.682199512435574],[-117.31085928458134,33.682311289504341],[-117.31042278853708,33.682461369500587],[-117.31007274171597,33.682640828507282],[-117.30976646080077,33.682861643579812],[-117.30934748850312,33.683289280090051],[-117.30907484635087,33.683472273998419],[-117.30878401041538,33.683619875625602],[-117.30787533029562,33.683699213582067],[-117.30733603363369,33.683699942813924],[-117.30654741699387,33.683548678104252],[-117.30550760627668,33.683578926218928],[-117.30515960668907,33.683539090379043],[-117.30511875973478,33.683119417469356],[-117.30527392897193,33.682808176361455],[-117.30531720601505,33.682516835031578],[-117.30522215782059,33.68223938795348],[-117.3048887638801,33.682082602751926],[-117.30385768151832,33.681925550836858],[-117.30353599230361,33.681835836541104],[-117.30319495730171,33.681809685730911],[-117.30287820810052,33.681866984041882],[-117.30242268537721,33.68200133666771],[-117.30206158633563,33.681965669218364],[-117.30166135624778,33.681840819655818],[-117.30102995474451,33.681790544158773],[-117.30053676380561,33.681798528996126],[-117.29967785114046,33.681558991358443],[-117.29925772226682,33.681544469202095],[-117.29891334843033,33.681646220382078],[-117.29834022616352,33.681690354012524],[-117.29784257587853,33.681576416228687],[-117.29709127664144,33.68115248675597],[-117.29584625126493,33.680248748371042],[-117.29530657403782,33.679693380255614],[-117.29519857154692,33.679919186198028],[-117.29451607169624,33.680892518447855],[-117.29426493241881,33.681456926791128],[-117.29418670450683,33.681916889081172],[-117.29419497707724,33.682336621517955],[-117.29437016221064,33.683019451345906],[-117.29471651981738,33.683710580191061],[-117.29483071022486,33.684062366878528],[-117.29489153897698,33.684492369912491],[-117.2950372414673,33.684900156289167],[-117.29525470467122,33.685387187104674],[-117.29551295814403,33.685785833300869],[-117.29585036558143,33.686199874782602],[-117.29584966109442,33.686695259251138],[-117.29573362021635,33.687063241519709],[-117.29580297521157,33.687273267734049],[-117.29603647854017,33.687572059773167],[-117.29629779044576,33.687722641446776],[-117.29687348520034,33.687985342254478],[-117.29762184409343,33.688625717223807],[-117.29809977719168,33.688809379756748],[-117.2987008331957,33.689119755907988],[-117.29860060003286,33.689276937780775],[-117.29832962326476,33.689379882487493],[-117.29744763569401,33.689400295565328],[-117.29678947369661,33.689371902542867],[-117.29664783696482,33.689699528936053],[-117.29666775860026,33.690222454283884],[-117.29642913476644,33.690863822951975],[-117.29641926399825,33.691089141506467],[-117.29655523703185,33.691278176085461],[-117.29680355597885,33.691394909114415],[-117.29727059118738,33.691459338117106],[-117.29853931724298,33.691514979061786],[-117.29917635555861,33.691625747601179],[-117.29957559684732,33.691809504266089],[-117.29978354735169,33.691978538880342],[-117.30001235227236,33.692099585271919],[-117.30030594445186,33.692317481013951],[-117.30074322328238,33.692557959612273],[-117.30103366568883,33.693021619612033],[-117.30122250030121,33.69368812366308],[-117.30126450145136,33.694103293593983],[-117.30124901766435,33.694746324060908],[-117.30123386830135,33.694903852019578],[-117.30113964103836,33.695107131230458],[-117.30082903749341,33.696215116359248],[-117.30088466840543,33.696512207368528],[-117.30107236667202,33.69679634984297],[-117.30129273340991,33.697011924617733],[-117.30156428988313,33.697432577458834],[-117.3014716805357,33.698503993143248],[-117.30146283655935,33.69917395185967],[-117.30134682554433,33.699541934936342],[-117.30119110492939,33.700437050721121],[-117.30094262272783,33.700799069747532],[-117.30042188843542,33.700914954291918],[-117.29957910279911,33.700889240591337],[-117.29884806839529,33.700973037785459],[-117.29836622197431,33.70108869421118],[-117.2979084869242,33.701353812755507],[-117.29746968532582,33.701789943901389],[-117.29717229393701,33.702409025423684],[-117.29700884156702,33.702837345399708],[-117.29634705912665,33.703608170351593],[-117.2955496622087,33.704247763929125],[-117.29469366986699,33.704795710759804],[-117.29402318770342,33.705286920922873],[-117.29329943990641,33.705757675743634],[-117.29313715981566,33.706086794955183],[-117.29311113283667,33.706626351857238],[-117.29301990397001,33.707086285463433],[-117.29260652118327,33.707468015460783],[-117.28894194073479,33.708937560619248],[-117.28891328849451,33.709179627178237],[-117.28969427877118,33.70937311633341],[-117.29042670217943,33.709660429546318],[-117.29081170111093,33.709981746744553],[-117.29111606339835,33.710892345010926],[-117.29100472770038,33.712349275792043],[-117.29106072596079,33.715257668827817],[-117.29096867320538,33.716781865492315],[-117.29084087198639,33.717522284420923],[-117.2904975795401,33.718602903316636],[-117.29056125844417,33.719324505298687],[-117.29119736508173,33.721584178466777],[-117.29198138147227,33.723616766127485],[-117.29251908091719,33.724776237660549],[-117.29316801017031,33.725557740566444],[-117.29387091609182,33.726146558974335],[-117.29451077202764,33.726586701157935],[-117.29502363610597,33.727117707866874],[-117.29528551307671,33.72773010041287],[-117.29520769725838,33.728176801186855],[-117.29496033526348,33.728531766590358],[-117.29458702624271,33.728907135934584],[-117.29425355264881,33.729191533512854],[-117.29306288021998,33.729641268136525],[-117.292661551099,33.730144799333083],[-117.29258034962355,33.730848555251228],[-117.29261962306538,33.731371899824374],[-117.29273712085455,33.732009615641573],[-117.29307999172858,33.732457322187109],[-117.29340618895282,33.732702218889763],[-117.29358716578618,33.732997211738322],[-117.29376664535468,33.733400145225552],[-117.29397539701144,33.734017753256474],[-117.29401630403186,33.734464456659836],[-117.29410939609457,33.734898880388947],[-117.29434577845684,33.735433133346014],[-117.29492730982068,33.736324658790018],[-117.29496742472057,33.736759793806009],[-117.2948428741137,33.737246540400726],[-117.29483794608879,33.737647878647877],[-117.29495109200339,33.738028642388677],[-117.29482665465655,33.738512009807856],[-117.29420574890027,33.739216961897021],[-117.29417469018205,33.739622183968592],[-117.29438819942801,33.739879037727185],[-117.29452590902811,33.739989745076478],[-117.29487274841628,33.740608663660353],[-117.29507046395176,33.741110708104351],[-117.29535109490214,33.742404703276037],[-117.29608812451328,33.744024451638033],[-117.29640932780354,33.744575386155262],[-117.29659547188295,33.74500185852775],[-117.29675517784939,33.745921366715493],[-117.29704886862362,33.746612319992764],[-117.29721056077189,33.746875819950063],[-117.29727982283273,33.747119361147753],[-117.29721526383358,33.747464306717013],[-117.29678220072867,33.748450867503962],[-117.29660455154634,33.749005998979811],[-117.29656805618757,33.749759270364365],[-117.29658460817073,33.750000427603617],[-117.29681401251823,33.750459799107581],[-117.29744302984589,33.751258824440129],[-117.29764603091989,33.751671336991542],[-117.29770350615536,33.752232033339524],[-117.29763275364439,33.753860750082481],[-117.29757846708259,33.754408638680836],[-117.29732544052014,33.755338328243624],[-117.29724255433864,33.756343942548021],[-117.29725419718135,33.757174198619225],[-117.29742224144434,33.757944216845665],[-117.29744665723317,33.758746858471696],[-117.29766894172781,33.759005589200221],[-117.29811613296799,33.759252512964267],[-117.29859499735652,33.759673548794268],[-117.29903477230232,33.760173153305722],[-117.29980047599678,33.761429028737609],[-117.30043776919997,33.761865410891886],[-117.30091136630323,33.762096008304496],[-117.3023440959701,33.762600061714302],[-117.3030004142296,33.763270581479176],[-117.30320995884912,33.763646557937697],[-117.30310358410313,33.764075087950225],[-117.30279965666014,33.764474698675095],[-117.30260789543469,33.764969133019513],[-117.30260559010662,33.765512044457296],[-117.30295266093844,33.766129258314201],[-117.30323475861002,33.766406616484012],[-117.30355720374625,33.766608240085631],[-117.30465558527131,33.766886925751088],[-117.30514218874504,33.767052980856022],[-117.30541896801746,33.767009948491904],[-117.30584123095186,33.766499276650059],[-117.30630999714981,33.766049476392475],[-117.3068632840196,33.76584694633295],[-117.3074625056832,33.765847628565851],[-117.30802857110879,33.765711373070161],[-117.30854331035111,33.765432077171859],[-117.30929331744436,33.765218960289118],[-117.3100185503758,33.765164844468451],[-117.31055773255491,33.765089389265142],[-117.31088075816947,33.765144696461114],[-117.31128153599848,33.765359979497802],[-117.31187909017137,33.765762094903124],[-117.31272644148765,33.766468636680337],[-117.31362642419609,33.767151346099446],[-117.31461849634918,33.767631258524204],[-117.31594704200768,33.768158033170295],[-117.3170042860207,33.768885874945042],[-117.31760832101767,33.769506288939446],[-117.31802224771717,33.769783048208055],[-117.31846884210545,33.769921881751003],[-117.32022016731958,33.770052355286019],[-117.32060726549464,33.770448580590376],[-117.32075758892262,33.770887119641152],[-117.32099277168031,33.771405758374847],[-117.32142491979467,33.771972760116874],[-117.32214852669787,33.772286707796475],[-117.32274159963549,33.772309721649279],[-117.32325529063866,33.772256717164524],[-117.3237419923171,33.772327691004477],[-117.32378669906944,33.772696925562805],[-117.32358838654585,33.773168674852805],[-117.32362005779297,33.773509426473218],[-117.32491001264985,33.773485736289182],[-117.32569336036282,33.773534929657494],[-117.32625214544876,33.77361490787959],[-117.3267655045058,33.773631513653854],[-117.32723309348584,33.773693837137891],[-117.32732462640354,33.773896156699998],[-117.32725142519826,33.774176071995349],[-117.32651301110289,33.774654000020746],[-117.32630047664826,33.775317414275534],[-117.32635932171449,33.775653428035675],[-117.32664770903897,33.775841523270493],[-117.32729258468717,33.776155261432486],[-117.32761475293849,33.776497754301936],[-117.32762551689881,33.776914683440083],[-117.32753908429638,33.777266174031169],[-117.32730786471438,33.777657670833712],[-117.32733897937325,33.778430840477064],[-117.32797537981055,33.779026584516053],[-117.3294686810417,33.779414696419479],[-117.33000118243514,33.779634706991807],[-117.33048052860444,33.780086068415379],[-117.33071696470988,33.780665326207128],[-117.33091191664089,33.781638848705683],[-117.33124530756619,33.782320742501],[-117.33181771008147,33.782639803772781],[-117.3325929248638,33.782933182880839],[-117.33315200996842,33.783231619611023],[-117.33267779253069,33.783334076690608],[-117.33186049520853,33.783613401631882],[-117.33099120240837,33.783967338436227],[-117.33054885663626,33.784275500485705],[-117.33040967857126,33.784589667105259],[-117.33028348526855,33.785099200165583],[-117.32970211236614,33.785687127461969],[-117.32864116631309,33.786244880379577],[-117.32792156248532,33.787051670836057],[-117.32730739331616,33.787590038530766],[-117.3268990723346,33.787879237345706],[-117.32618663763483,33.788318862006854],[-117.32543424814084,33.788911752456698],[-117.32524795980527,33.789471204196332],[-117.32493065960267,33.789977074355306],[-117.32453471265087,33.790508173652981],[-117.32372731938989,33.791838648288703],[-117.32330504667328,33.792349076213569],[-117.3231520739992,33.792655849124181],[-117.32344669869381,33.793430456215169],[-117.32383303481643,33.794108253764037],[-117.32471313508712,33.79526566296709],[-117.32502785233899,33.795447024089889],[-117.32528358715963,33.795804871384682],[-117.32527557216201,33.796326231484976],[-117.32510373582004,33.796776887536815],[-117.32390251813217,33.797644197397702],[-117.32311066573932,33.798482519917279],[-117.32262871892802,33.798646219494508],[-117.32207637731189,33.79846545320359],[-117.32137185157194,33.798412744796885],[-117.3204824674163,33.798646869862473],[-117.31979653716593,33.799032114823163],[-117.31959856798872,33.799201639623064],[-117.31916395599288,33.799117529498403],[-117.31878964681185,33.798847912690455],[-117.31816431834721,33.798655260075492],[-117.31748073351307,33.798521824828242],[-117.316848484389,33.798503497424875],[-117.31634042325288,33.798739566324528],[-117.31551429504863,33.799880089760705],[-117.31530274130481,33.800254801275997],[-117.31491281159231,33.800704826822987],[-117.31426141033029,33.800643466034444],[-117.31352521798885,33.800151290459276],[-117.31282143546383,33.800006633904353],[-117.31226063959556,33.800269351668895],[-117.31165992039288,33.80075326399087],[-117.31114458152921,33.801357029206152],[-117.31074109926746,33.801916645381446],[-117.31035817846839,33.802283074402624],[-117.30989706635202,33.802343181743453],[-117.30934486955881,33.80212825288212],[-117.30868754677097,33.801664982026971],[-117.30753114324978,33.800700483857412],[-117.30691344468514,33.800506250693587],[-117.30644461836648,33.800664558732052],[-117.3062070704308,33.800949569145281],[-117.30578470740109,33.801329143749911],[-117.30535556695128,33.801625658553633],[-117.30518412800002,33.801872496611672],[-117.30508913546886,33.802724431201035],[-117.30481152046883,33.803169717789615],[-117.30424338146803,33.803705687923454],[-117.30349841145639,33.804111122286812],[-117.30245053817201,33.804143179455217],[-117.30118059733601,33.804035171814192],[-117.30041592279346,33.804226436394458],[-117.29962491040231,33.804674739364266],[-117.29895255376522,33.804750930136727],[-117.29828698571582,33.80469364920787],[-117.29758322025916,33.804583022905881],[-117.29680783493629,33.804167622946295],[-117.29615027838214,33.80387598021283],[-117.29558441845899,33.803680944201901],[-117.29502501631602,33.803549483844129],[-117.29468315203835,33.803532319633334],[-117.29483393766409,33.80367405132985],[-117.2950428602894,33.80400548398724],[-117.2950485229417,33.804314298995642],[-117.29494975019172,33.804517460554315],[-117.29515860846274,33.805078091517586],[-117.29546660776253,33.805420345408422],[-117.29563673387365,33.805687685787873],[-117.29570770125366,33.806332692690198],[-117.295673670583,33.806696115108394],[-117.29524299475229,33.807761314531568],[-117.29468794848411,33.808291913474278],[-117.29337421210766,33.809052740985464],[-117.2926564388937,33.809415355247886],[-117.29224017841744,33.809870013449448],[-117.29154959765589,33.811390774894612],[-117.29122530372477,33.812028029976339],[-117.29101195180299,33.813088270711717],[-117.29050744381088,33.814221057389254],[-117.28920027123085,33.815200215501129],[-117.28845370904095,33.815986942286244],[-117.28689456724858,33.817411078135393],[-117.28635365592704,33.817653562000608],[-117.28531909030363,33.817893254529857],[-117.28461960260817,33.818314043343946],[-117.28390572340668,33.819124928443557],[-117.28306556746954,33.820279519805702],[-117.2825149512547,33.821398451245351],[-117.28195823253668,33.822601828317858],[-117.28155189793647,33.823957929839985],[-117.2813579951705,33.824948422320823],[-117.28086451639754,33.826667766343093],[-117.28033430116876,33.827726591282726],[-117.2797393904861,33.828500814167477],[-117.27903835120513,33.829533276608437],[-117.27849438480425,33.830548604482175],[-117.27833220052112,33.831778591697542],[-117.2783473842434,33.833065277879108],[-117.27849600280663,33.83402167851191],[-117.2791712555605,33.835061732935038],[-117.27929409886521,33.83585933458501],[-117.27884328834217,33.836649433241199],[-117.27831443485088,33.837194333027057],[-117.2774879588988,33.838257874767898],[-117.27715654505654,33.83884530091489],[-117.27692449321361,33.839086978304465],[-117.27661396054802,33.839597366483837],[-117.27617515734069,33.84063579489613],[-117.27606138373076,33.841399823191843],[-117.27584195665932,33.842058728484169],[-117.27556896706804,33.842641046736617],[-117.27558789756259,33.843130607136153],[-117.27590849238318,33.843515191674776],[-117.27642162251946,33.843928926856087],[-117.27676873476784,33.844363193514837],[-117.27664944701606,33.844846334215546],[-117.27599408869261,33.845831067997295],[-117.27609809135652,33.846297283518524],[-117.27655463714703,33.847507152102757],[-117.27664444515908,33.848228966555297],[-117.27664657354683,33.849766194625545],[-117.27686738742989,33.850510361481454],[-117.27690471442648,33.851152547624508],[-117.27683128246167,33.851779718372846],[-117.27683521187605,33.852322728423815],[-117.27687345961373,33.852659115897715],[-117.27710341445648,33.853043495156371],[-117.27750977296235,33.853484531849169],[-117.27777240020461,33.853892249239145],[-117.27818851321091,33.855713671882796],[-117.27846201087107,33.856467812060643],[-117.27890266495166,33.856890764372316],[-117.27949486823096,33.85717361753909],[-117.28117246187787,33.857803790131825],[-117.28305384388636,33.859016970721719],[-117.28360017006138,33.8591616829016],[-117.28433032641661,33.859304580618414],[-117.28531772935453,33.85960414726943],[-117.28573123107076,33.860248310660381],[-117.28591942617051,33.861034768175614],[-117.28594320572145,33.861882416230188],[-117.28530614106022,33.863342897238105],[-117.28501364982819,33.864212025018169],[-117.28493890510478,33.864721592043736],[-117.28506989116849,33.865122462623617],[-117.28500057446951,33.866167194970828],[-117.28531544779948,33.866630245301543],[-117.28602654047533,33.866955914213264],[-117.28648655060867,33.867254428460335],[-117.28684599261003,33.868151524253747],[-117.28752876762374,33.869175586247707],[-117.2878698357471,33.869598666174831],[-117.287993619131,33.869930027126323],[-117.28822953484327,33.870237850570284],[-117.28878816846589,33.870848214740448],[-117.28917504488425,33.871354424085574],[-117.28953581107986,33.871933293395344],[-117.28983122495166,33.872274934737099],[-117.29069475458878,33.87240827670356],[-117.29216526251287,33.872181752178079],[-117.29296811733273,33.87247967075394],[-117.2939883118303,33.872932451682303],[-117.29531774256859,33.87335368050271],[-117.29603566106486,33.873700855147426],[-117.29670528467291,33.874511428474847],[-117.29684738625268,33.875162582064057],[-117.29731597848189,33.876162300661449],[-117.29763234554096,33.877063700342845],[-117.29779778069836,33.877917523083866],[-117.29797498191317,33.879277314726941],[-117.29845643552994,33.879649585817972],[-117.29963085532074,33.879962771169865],[-117.30086555894209,33.880377150711084],[-117.30280505640511,33.88108001106815],[-117.30374178846249,33.881384406132682],[-117.30453368885567,33.881531456311386],[-117.30525927580769,33.881627031746419],[-117.30596530780151,33.881879992946743],[-117.30683000033252,33.882270309196628],[-117.30779331749417,33.882847041351582],[-117.30851209140512,33.883550461945909],[-117.30942941731743,33.884272378567452],[-117.31009567502504,33.884618251365012],[-117.31070321388664,33.885065588855312],[-117.31077567718843,33.88579595972648],[-117.31073548280999,33.886406710061067],[-117.31063078418553,33.886941763590926],[-117.31058468473459,33.887502754527461],[-117.31061076093944,33.888007651046223],[-117.31032091972433,33.889246432083979],[-117.3101036084332,33.890007145159707],[-117.3093188291043,33.89390782385442],[-117.30908092170966,33.894160960171853],[-117.30762862853722,33.895018713656938],[-117.30645428133579,33.896252847344542],[-117.30579510308311,33.897001133633928],[-117.30524669354871,33.898019216583428],[-117.30510900557388,33.898375638053665],[-117.30516838647448,33.898855125491856],[-117.3053992805505,33.899378396239186],[-117.30546554928689,33.899813785168277],[-117.30515490715844,33.900648099721259],[-117.30509621467877,33.901006652006409],[-117.30491698308299,33.901535454905748],[-117.30455429648818,33.902150922080764],[-117.30421778704664,33.903202801477647],[-117.30405933829249,33.904231840100906],[-117.30397968424346,33.904393601235668],[-117.3038292747386,33.904699083242136],[-117.30326155644046,33.904919294843864],[-117.30215944356119,33.904946395759218],[-117.30138701618182,33.904732171808405],[-117.30059564982294,33.904468133234857],[-117.29972454156005,33.904451965577408],[-117.29827242353899,33.904973875408452],[-117.2977314939869,33.905106470317811],[-117.29709068707095,33.905342666050231],[-117.2965168716854,33.905641338187749],[-117.29611993682649,33.905926740346999],[-117.29553272705357,33.906241160201915],[-117.29375143871057,33.907120497836743],[-117.29305100841006,33.907394432060151],[-117.291646301028,33.907763212961264],[-117.29031251896919,33.907990189292526],[-117.28892686002149,33.90818264315164],[-117.2873618846874,33.90899516330073],[-117.28655677972347,33.909574648991438],[-117.28608227348515,33.909848576863311],[-117.28542876179698,33.909915858184213],[-117.28454351124779,33.909865949902617],[-117.27960117979536,33.909435444419003],[-117.27676886894014,33.909511097179383],[-117.2758118591522,33.909881376775488],[-117.27506599864329,33.910843315873592],[-117.27458360205041,33.911750662250689],[-117.27370588054504,33.91314407588883],[-117.27286070635265,33.914155746415695],[-117.27187753908939,33.915409342544066],[-117.27069497315765,33.917452746154702],[-117.27008089661092,33.918754919951638],[-117.26963073283081,33.920483274435149],[-117.26939985031157,33.921843411913486],[-117.26891026534416,33.923048498320902],[-117.26818436708642,33.924301750515298],[-117.26735173967111,33.925507598498534],[-117.26642061757171,33.92621781681428],[-117.26570839971502,33.926667730996861],[-117.26506014751142,33.927169942091417],[-117.26472345416764,33.927832986396645],[-117.26480881137773,33.928775661247236],[-117.2645974041846,33.929100918943057],[-117.26426102143631,33.929754639585688],[-117.26431381814614,33.930573354824993],[-117.26442563011803,33.931064808561906],[-117.26471590566378,33.931679795314103],[-117.26557303870713,33.932577872961446],[-117.26598261596919,33.933248998729376],[-117.26617409496104,33.933782948495995],[-117.26621952335968,33.934625698729171],[-117.26618577963177,33.935351831074328],[-117.26576379997682,33.936480154517056],[-117.26571698519942,33.93708054380776],[-117.26584244581684,33.938272476831095],[-117.2656696880225,33.93873088770502],[-117.26563720172078,33.939136829673082],[-117.26576269313264,33.939731773552829],[-117.26605899636623,33.940360139423206],[-117.26633594897947,33.941239187534542],[-117.26646086491986,33.942036755637197],[-117.26640130612208,33.942697442410982],[-117.26628214273381,33.943263669717048],[-117.26603126285418,33.944039548018182],[-117.26609738043884,33.944723241673152],[-117.26625478480629,33.945554874713984],[-117.26636063419211,33.946341285180935],[-117.26635340746535,33.94720981912922],[-117.26645853075702,33.948144763219837],[-117.26668285176767,33.948854810319908],[-117.26686745491494,33.949208203383947],[-117.26708539424226,33.949448812296716],[-117.26745542554116,33.950077515960466],[-117.2676670049066,33.950374605928921],[-117.26907891580245,33.951041021163427],[-117.26937660744679,33.951322146548094],[-117.26951508263343,33.951635801342611],[-117.26949466560995,33.951850085275161],[-117.26943535490936,33.951971278456085],[-117.26942847229526,33.952170389249922],[-117.26952772380366,33.953055863077402],[-117.26961923231967,33.953319623387429],[-117.27006834043331,33.953726406951482],[-117.27038557802413,33.953912442220187],[-117.2707688514482,33.953968707134798],[-117.27125675366997,33.953913620028267],[-117.27167373580622,33.953968714162791],[-117.27193713116473,33.95411202067573],[-117.27233962270164,33.954459064825009],[-117.27331723065787,33.954855991381478],[-117.27425500513957,33.95477925796785],[-117.27460518204884,33.954888525226885],[-117.27479661693286,33.95508001143596],[-117.27509943461384,33.95602698841931],[-117.27517882573517,33.95654948381528],[-117.27518607058694,33.956996141214177],[-117.27496085298559,33.958162157060187],[-117.2750659393535,33.958410184184046],[-117.27508531959167,33.959197050111946],[-117.27524396970057,33.959367706972778],[-117.27561451359392,33.959450710765296],[-117.27737051213391,33.960066345684695],[-117.27810989138138,33.960281616588553],[-117.27869827503014,33.960232559146256],[-117.27919313594519,33.960348966847164],[-117.28026207155627,33.961839361633594],[-117.2805992454513,33.962449749982213],[-117.28096883403828,33.96347412390999],[-117.28126635984295,33.963886264885637],[-117.28186745378473,33.964475340406608],[-117.28195943580084,33.964883435110622],[-117.28192616027613,33.96525129758259],[-117.28194620215338,33.965582954964646],[-117.28213115617909,33.965712796958584],[-117.28252707011177,33.965718598815549],[-117.28339273364183,33.965509286056864],[-117.28376801822289,33.965548966672515],[-117.28440894961514,33.965890663980375],[-117.28471976681477,33.965950506458782],[-117.28563759096463,33.965917163540759],[-117.28621234754426,33.966078004024773],[-117.28639034543048,33.966440212100899],[-117.28628399705404,33.967079194073207],[-117.28611287344525,33.967491683034332],[-117.28544532527027,33.968647444398265],[-117.28498287653305,33.969253395198599],[-117.28485715743483,33.969697701903975],[-117.28490332725778,33.970903758317107],[-117.28500251278049,33.971388657363192],[-117.28514774929103,33.971793472760616],[-117.28522714755627,33.972224627018015],[-117.28520722200672,33.972553387554768],[-117.2851349946082,33.972824210780864],[-117.28475856713882,33.973510548902141],[-117.28470513170583,33.97386922717255],[-117.28475825705725,33.974277200010242],[-117.28487010496933,33.974831741328984],[-117.28506825345742,33.975273079945374],[-117.28535197401874,33.975585663700848],[-117.28564259243464,33.976042709945673],[-117.28577496564989,33.976473149112273],[-117.28582119889364,33.976894790744865],[-117.28597294124677,33.977297799506729],[-117.28644215712055,33.978292925964894],[-117.28619034892692,33.97840419434398],[-117.2859531128842,33.978441093102965],[-117.28570862463444,33.978594797549214],[-117.28553677272193,33.978870279989316],[-117.28554273396612,33.979134802854389],[-117.28572843239508,33.979751706522549],[-117.28594625634035,33.980186177065683],[-117.28626938890139,33.980642867764416],[-117.28665876824869,33.981061682436724],[-117.28718156606134,33.981286089274803],[-117.28870051744009,33.981634314691057],[-117.28925519632486,33.981968858319149],[-117.28955187581968,33.982536806847179],[-117.28959863571713,33.983032285700823],[-117.28979033895226,33.983439895141537],[-117.29000777778066,33.983764423828575],[-117.29029889345817,33.984114940912221],[-117.29067474585489,33.984677714322018],[-117.29101866995182,33.984810196316552],[-117.29125667023156,33.985008092617434],[-117.29123598236222,33.985326099087985],[-117.29112365942875,33.985601896726678],[-117.29116354079574,33.9858942662527],[-117.29127548829842,33.98619625701393],[-117.29125673714935,33.986520497024813],[-117.29119738992624,33.98680067720278],[-117.29105101093438,33.987152595995525],[-117.29091966675408,33.987351284763676],[-117.29070843819592,33.98751225564996],[-117.29057604108935,33.987490225496479],[-117.29017950307473,33.987213873891172],[-117.28936649542015,33.986547666056417],[-117.28876589181195,33.986316892113322],[-117.28810497458181,33.986267043496603],[-117.28766879503738,33.986421520427477],[-117.28720049527519,33.987224917126539],[-117.2868961551449,33.987638748124624],[-117.28636125618779,33.987858784584347],[-117.28617664650901,33.987973335979532],[-117.28576009386367,33.988087988101945],[-117.28538281806141,33.988039237719839],[-117.28505982541189,33.988050427327835],[-117.28478235920701,33.988247857547577],[-117.28455061301935,33.988561379735579],[-117.28442549139595,33.988864202323924],[-117.28424665352961,33.989155047827708],[-117.28368552741716,33.989788199695148],[-117.2829117726309,33.990784401245691],[-117.28261528903363,33.991032684636053],[-117.2823641462162,33.991187053110522],[-117.28219790288151,33.991455642505272],[-117.28203375037586,33.99191338887406],[-117.28144550114104,33.992616366531863],[-117.28098278457796,33.992847134523515],[-117.28034168270358,33.993006568674524],[-117.27977993789929,33.993061909143698],[-117.27836642453221,33.992952285545428],[-117.27730306450799,33.993139671328997],[-117.27649701103886,33.99334218298555],[-117.27559131675341,33.993387312216178],[-117.27448140907248,33.993765767901422],[-117.27383459696469,33.994216447817536],[-117.27323898998692,33.994718241496962],[-117.27261143248172,33.995174732347913],[-117.27221503717379,33.995585485399289],[-117.27191784399736,33.996004230484104],[-117.27183792245278,33.996378311895207],[-117.27183823819759,33.996996140060844],[-117.27191731310459,33.997557210330392],[-117.272095982477,33.998183820145663],[-117.27219373871627,33.998738318232803],[-117.27173206843167,33.998971604167757],[-117.27135553768299,33.999306137600506],[-117.27113771722372,33.999405479061018],[-117.27093186109965,33.999658453461635],[-117.27066794914322,33.999740637365207],[-117.27019842147337,33.999696109160254],[-117.26896312367481,33.999405770366359],[-117.26862646564999,33.99940472801061],[-117.26834236399473,33.999542223006117],[-117.26809862618501,33.999608519937127],[-117.26694796598099,33.999591031805885],[-117.26641339376745,33.999427412939873],[-117.26623563163305,33.999337455555832],[-117.26590431844754,33.998991272485924],[-117.26554794631286,33.998430018463921],[-117.26482900171736,33.997146380944749],[-117.26443917685852,33.996868126577958],[-117.26345392142366,33.996707474158612],[-117.26247021376537,33.996376306334447],[-117.26206026519901,33.996332068796598],[-117.26164475575055,33.996199459298587],[-117.26072627028158,33.996172846179384],[-117.26043528965145,33.995947401420985],[-117.26028348042107,33.995485754085436],[-117.26009857281468,33.995105007344542],[-117.25961075821606,33.994560293161705],[-117.25920031988387,33.994685691065108],[-117.2589952979335,33.994880019902944],[-117.25862531027308,33.99499571376311],[-117.25819014012252,33.994932789555413],[-117.25706011032985,33.99466938332889],[-117.25643941241016,33.994706841094434],[-117.25596316855759,33.994856574409461],[-117.25546055514744,33.994894048259482],[-117.25505142041727,33.994700428071553],[-117.25484737975462,33.994276948119193],[-117.25475508124855,33.993914791111912],[-117.25452420576821,33.993358205443073],[-117.25427954190948,33.992891481309769],[-117.25349998431804,33.991921970290669],[-117.25325676135108,33.991662710294023],[-117.25301843895444,33.991601709495001],[-117.2524307069957,33.991844565759777],[-117.25221203871162,33.991750235400303],[-117.2520871873722,33.99132670288494],[-117.25173063302682,33.990555946996217],[-117.25139393097926,33.990308795220351],[-117.25088806555716,33.99006658784171],[-117.25072030944831,33.99009410213003],[-117.25048214028547,33.990028887990547],[-117.25039281913736,33.990198937817148],[-117.25019695295654,33.991004245999306],[-117.25012297089424,33.991078282845088],[-117.25000313449476,33.991128657964722],[-117.2494231089135,33.991090939688874],[-117.24913873520036,33.991109444711036],[-117.24885331100886,33.991187364335346],[-117.24804142256747,33.991152215558756],[-117.24774057778603,33.991022344933818],[-117.24754093530294,33.990783853446153],[-117.24754135709968,33.990432095470915],[-117.2476133791567,33.989827866604756],[-117.24749991195006,33.989573431110529],[-117.24715983969503,33.9894183382374],[-117.24698245204797,33.98938247888109],[-117.24623232485915,33.9892504509085],[-117.2458946762429,33.989278353284163],[-117.24556892782542,33.989396719996677],[-117.24512218566255,33.989632257279759],[-117.24481578225173,33.989724879345275],[-117.2440286467413,33.989785299139079],[-117.24369272502665,33.989763641218701],[-117.24336143989706,33.989793371182607],[-117.24237645882739,33.990185220768637],[-117.241978790362,33.990255914427209],[-117.24109320305827,33.990282341596547],[-117.2402937637156,33.990259297689462],[-117.23963273983969,33.99033709813439],[-117.23929690588632,33.9902494680681],[-117.23888005757482,33.989968747535826],[-117.23850685200335,33.989527625918626],[-117.23792776172155,33.988221253505209],[-117.23772057881465,33.987982560113231],[-117.23733566334354,33.987784658232414],[-117.23700087304478,33.987663779060554],[-117.23677754142466,33.987643966287685],[-117.23654538716481,33.98768426658792],[-117.23627827246131,33.987833917974179],[-117.23602945428247,33.988039833938238],[-117.23562283732534,33.988491631222004],[-117.23526964629266,33.98868344651919],[-117.23486666259467,33.988658987598711],[-117.23460776432574,33.988413693406308],[-117.23443216466354,33.987988313028012],[-117.23357102842616,33.986573890001296],[-117.23335765538151,33.986328830870285],[-117.23305080853062,33.98615817335773],[-117.23264935318194,33.986120222205955],[-117.23182261138273,33.98616688544945],[-117.23146138797171,33.986095810483967],[-117.23109466759851,33.98595893429772],[-117.23065947080035,33.985898709483571],[-117.2303398346092,33.985716742540376],[-117.22986185123442,33.985241728918233],[-117.22961995713705,33.984820949627363],[-117.22937588630923,33.984491975666188],[-117.22891685751884,33.983996582740957],[-117.22844152417846,33.983384068363542],[-117.22810198902873,33.9831863889072],[-117.22750405978601,33.983068083254715],[-117.22682285255912,33.983139128933033],[-117.22630609548804,33.982901030540056],[-117.22586309545349,33.982288479502699],[-117.22557629817125,33.981822595135597],[-117.22512758218275,33.98146892886566],[-117.22455048729076,33.981312213876777],[-117.22406582321882,33.981119145396804],[-117.22290378347938,33.980787776862229],[-117.22265696069618,33.980634624729618],[-117.22234215960115,33.980225549497526],[-117.22220201111534,33.979689145205079],[-117.22221904095819,33.978863431995116],[-117.22212911520172,33.97846692029065],[-117.22178954842646,33.977349215343274],[-117.22144076594719,33.976646177289055],[-117.22114861423314,33.976146639099859],[-117.22079076355809,33.975240445082811],[-117.22071112852201,33.97436980696331],[-117.22058761760007,33.973971048874944],[-117.22036249581505,33.973692128209997],[-117.22003567061637,33.973505445275173],[-117.21916121189219,33.973037589057412],[-117.21868350715776,33.97282748559703],[-117.21818431686614,33.972708161090409],[-117.21776553857369,33.972553598703946],[-117.21748198517844,33.972243373385702],[-117.21729658491722,33.971941182204084],[-117.21714035128041,33.971521631702146],[-117.21708994510574,33.97108039769045],[-117.21725431940747,33.970500687753081],[-117.21726286141853,33.97013306519986],[-117.21716804526483,33.969905258754082],[-117.21676224435757,33.96947477977578],[-117.21639271606863,33.968810962187824],[-117.21620826584666,33.968516124397148],[-117.21608518173714,33.96838035403367],[-117.21554983530235,33.968735360228166],[-117.21520952868357,33.968869651591966],[-117.2147654255847,33.969582879455572],[-117.21474045273372,33.970136962251324],[-117.21484653758996,33.970414680836875],[-117.21517486090117,33.970529265228357],[-117.21527285075992,33.970882575394697],[-117.21505728697188,33.971072066133253],[-117.21490610608122,33.971367702326106],[-117.21468923517887,33.97162310506053],[-117.21437377071715,33.971849050159655],[-117.213889348021,33.971958103806038],[-117.2133940792737,33.971973015445066],[-117.21283721544231,33.972045913838642],[-117.21224703710091,33.972175736330591],[-117.21146321152607,33.972697696625985],[-117.21104273012358,33.972921907918249],[-117.2097873002463,33.973281470346492],[-117.20920078361023,33.973522438616492],[-117.20887926014643,33.973737229146593],[-117.20812545187873,33.974083182266646],[-117.20794743388042,33.974371943801401],[-117.20774040395561,33.974807121516307],[-117.20742238964469,33.975166296358623],[-117.20709535500413,33.975354162219617],[-117.20655638019291,33.975499602221795],[-117.20619002707569,33.975698913114726],[-117.2059205575931,33.97624416081959],[-117.20592400109246,33.976668174745441],[-117.20601574148958,33.976981604840709],[-117.20601665961348,33.977290273574866],[-117.20596330323266,33.977608304436458],[-117.20576195817988,33.978035156976389],[-117.20549535891601,33.979115472352184],[-117.204491103233,33.98005052130214],[-117.20400281104128,33.980324613189687],[-117.20361411122539,33.98060002418103],[-117.20354794629668,33.980911254604308],[-117.20355410138475,33.981224539609784],[-117.20349547656791,33.981504405343706],[-117.20329157504838,33.9817592541457],[-117.2028203552204,33.98189086284431],[-117.20249650752167,33.98189191446064],[-117.20185186398363,33.982086325768179],[-117.20142033931616,33.982777546704881],[-117.20115524312332,33.983445503291954],[-117.2008280157886,33.983938868549991],[-117.20065956764331,33.984108912633914],[-117.20050775116387,33.984149435478216],[-117.20020040967376,33.984233751161199],[-117.19958440304045,33.984020148626314],[-117.19911748920705,33.983662254319896],[-117.19885145428071,33.983135373597527],[-117.19848876337613,33.982524965298992],[-117.19815727100415,33.982255223142502],[-117.19744540956245,33.982179060432323],[-117.19700314616529,33.982161681579115],[-117.19605033622261,33.981981192681282],[-117.19520494317787,33.982277995601933],[-117.1946279755015,33.982399888968374],[-117.19437016039801,33.982704707561616],[-117.19413082213708,33.983074798740617],[-117.19382496023785,33.983179157291417],[-117.1934761480384,33.983126313422076],[-117.19122987883543,33.982261057350314],[-117.19080702665691,33.9822776784697],[-117.19052083149278,33.982381387084303],[-117.19032649777503,33.982517509642399],[-117.19018865838025,33.982768333313757],[-117.19004660818067,33.983536836307529],[-117.18971090478949,33.984119328517572],[-117.18920450722841,33.9845958415128],[-117.18860958476705,33.984641452869731],[-117.18735893390436,33.984458888694085],[-117.18652551720675,33.98420939829645],[-117.18608164047876,33.983994344260793],[-117.18564188110105,33.98387721705592],[-117.18505295411461,33.983603598489381],[-117.18382563751345,33.982648709406966],[-117.18301397843668,33.982334617237626],[-117.18154149390922,33.982032061206908],[-117.18082733755534,33.981778998086838],[-117.17968316805081,33.981591079949915],[-117.17908182883835,33.981603232710974],[-117.17772290457917,33.981512581162356],[-117.17673415386612,33.981128086362581],[-117.17637783095226,33.98082696179371],[-117.17564732082693,33.980094573640955],[-117.17413310021696,33.978388322896848],[-117.17336833912596,33.977764162059678],[-117.17264517990613,33.977310399459064],[-117.17227460419942,33.977044131917907],[-117.1718793998766,33.976686201990255],[-117.17139793706086,33.976375741706654],[-117.17075830853743,33.976036796310623],[-117.16976053506973,33.975449077195933],[-117.16892701122509,33.974634608744253],[-117.16818191550406,33.974006390719239],[-117.16705153640704,33.973164751005967],[-117.16652317549968,33.972865494747715],[-117.16606202219808,33.972532111089109],[-117.16588778221983,33.972320309113506],[-117.1656711729018,33.971960338593924],[-117.1654711311815,33.971741686242403],[-117.16479399088803,33.971639118655595],[-117.16440336525591,33.971391201347124],[-117.16392507395949,33.970602723928124],[-117.163575095387,33.970344253083027],[-117.1628071019513,33.970139066430633],[-117.16251228580067,33.970029949109033],[-117.16234933810429,33.969923843590969],[-117.16215722955859,33.969640286215487],[-117.16201358053993,33.969297625476308],[-117.16179350629979,33.969067474784445],[-117.16124172630346,33.968964632474453],[-117.16031441076065,33.968505706600268],[-117.1600673375811,33.968302789813443],[-117.15988117022277,33.968060255327565],[-117.15970998232068,33.967759999056163],[-117.15951572714424,33.967564883451658],[-117.15877498109184,33.967035918874799],[-117.15849367768983,33.966965753522025],[-117.15795895638814,33.966935196603984],[-117.15696434169276,33.966814765089673],[-117.15650388434865,33.966731951937319],[-117.15604828198047,33.966730425816458],[-117.15553526410582,33.966970133443304],[-117.15517845986048,33.967287598263404],[-117.15482459990747,33.967437720683876],[-117.15454876979507,33.967394744457764],[-117.15393120094066,33.967231311854945],[-117.15282511288609,33.967135116907826],[-117.15234223200156,33.967167011662625],[-117.15181672808652,33.967330838183067],[-117.15118088418738,33.967430201149668],[-117.15018256189724,33.967497352227696],[-117.14965217504138,33.967290139627309],[-117.14921204648134,33.966916330459576],[-117.14872636124728,33.966754474983787],[-117.1483956248272,33.966770419701682],[-117.1478248178955,33.966904940305987],[-117.14676665522538,33.967279770400829],[-117.14642146543564,33.967368626898569],[-117.14577353496257,33.967736559314055],[-117.14547379516313,33.967858972476506],[-117.14499515249101,33.967979443821442],[-117.14451598970147,33.968180476704312],[-117.14419128197703,33.968207293150662],[-117.14378607749039,33.968036723331053],[-117.14272161522136,33.967210891340031],[-117.14185837374119,33.96683543808367],[-117.14174973004985,33.96666865435207],[-117.14175731955062,33.966365841550868],[-117.14159274838373,33.966005409336177],[-117.14103465246579,33.965573646664787],[-117.14084782333836,33.965090901361982],[-117.14073941253908,33.964908623666652],[-117.14031879776354,33.964809824888434],[-117.14000570803618,33.964665515024095],[-117.13934271987453,33.964468440152373],[-117.1388939254213,33.963896215664789],[-117.13860029379272,33.96374732961749],[-117.13791216963277,33.963507052862525],[-117.13709170081066,33.96299847050939],[-117.1362553508727,33.962890872002497],[-117.13568848821772,33.962889270231535],[-117.13513921945233,33.96292392708142],[-117.13494866749804,33.962899398621488],[-117.1342330524201,33.962690234665914],[-117.13367967844133,33.962670656389662],[-117.13319891611691,33.962887710491174],[-117.13304146019263,33.963133749449725],[-117.1328327649954,33.963338484946199],[-117.13241566716469,33.96340461262394],[-117.1320068930083,33.963370919723353],[-117.13172783981049,33.963119490843816],[-117.13145916236374,33.962767979779585],[-117.131138609568,33.962652790820883],[-117.12970919292366,33.962492111211589],[-117.1291653982873,33.962330402766767],[-117.128748481019,33.962064771972116],[-117.12816633189991,33.961823452356903],[-117.12781503341844,33.961567658051599],[-117.12778040825721,33.961357340965748],[-117.12765500936035,33.961057374303664],[-117.12717794453914,33.9608739361068],[-117.12684901329976,33.96050681445022],[-117.12660091062661,33.960073772755742],[-117.12632550086799,33.959722373009328],[-117.12601490801755,33.959454614349198],[-117.12584845288407,33.959242109990555],[-117.12583993225101,33.959122949013498],[-117.1256431663748,33.959055686440941],[-117.12494013615363,33.959189281999379],[-117.12478267142835,33.959176249727292],[-117.12435556615553,33.959070742026498],[-117.1236203262043,33.95919760382229],[-117.12339524246845,33.959192760852083],[-117.12280596452622,33.959268020276191],[-117.12233098179162,33.959288422921119],[-117.12161933692563,33.959185551101612],[-117.12129297231064,33.958998862951518],[-117.12089813453805,33.958629777144964],[-117.12079852371659,33.958365681566619],[-117.12087853435507,33.957979834930015],[-117.12088291651,33.957739209026819],[-117.12083598730513,33.957486311274643],[-117.12066211328739,33.957236406447443],[-117.12031937721289,33.957229705377479],[-117.11970131978877,33.957408812673577],[-117.11868403047038,33.957756526981456],[-117.11803769987016,33.95776438695983],[-117.11767634426523,33.957637945961721],[-117.11745639261052,33.957464657116383],[-117.11717260131921,33.9574177290176],[-117.11619720094069,33.957359712520656],[-117.11528870423388,33.957248169443787],[-117.11481648990591,33.957081980054078],[-117.11458933218699,33.956874974410226],[-117.11431069944187,33.956288930043101],[-117.11383844664361,33.955504024712575],[-117.11359566719923,33.95544628705229],[-117.113316641515,33.955529407903626],[-117.11295320377464,33.955552583734281],[-117.11238045261966,33.955769174827111],[-117.11208873142158,33.955810240202666],[-117.1117397136955,33.955799695964338],[-117.11143065168875,33.955723349208888],[-117.11087001486965,33.955727968985308],[-117.11060265199382,33.955575167164795],[-117.11031361534314,33.955460440707348],[-117.10957844369435,33.955262183673661],[-117.10915410635711,33.955377678682446],[-117.10890905812921,33.955742957297396],[-117.10882042561587,33.956187193089242],[-117.10857452295187,33.956602344192419],[-117.10829183320554,33.956877311016349],[-117.10807137464477,33.957282116440474],[-117.10792908314887,33.957473552812061],[-117.10766212353262,33.957613604468769],[-117.10719720853126,33.957710862103959],[-117.10632255458189,33.95759842702774],[-117.10541559195796,33.957712600512409],[-117.10522328364569,33.957764362073185],[-117.10403569553293,33.957709023688068],[-117.10329427986707,33.957182194087054],[-117.10256726592195,33.95654945151194],[-117.10227747290354,33.956215670712822],[-117.10215109564365,33.955945203257649],[-117.10200090597287,33.955853149670148],[-117.10162670795049,33.955727215996205],[-117.10127699020352,33.955431344613636],[-117.10073504693941,33.954834875558468],[-117.10040276964297,33.954571311440404],[-117.10006893413502,33.954460736339378],[-117.09977553743305,33.954611955552657],[-117.09945263624888,33.955208062565042],[-117.09928968061486,33.95540882652417],[-117.09860659596463,33.955882984766703],[-117.0981775459381,33.955887259812613],[-117.09786200437625,33.95582227459937],[-117.09754463709449,33.955852229694884],[-117.09725422658376,33.956161369772303],[-117.09658827780413,33.956463711847384],[-117.09611262320234,33.956797990367072],[-117.09575272063076,33.956926626692251],[-117.09531865066054,33.956874956220304],[-117.09510592965175,33.956625144748223],[-117.09504455087834,33.956408773764494],[-117.09494260816754,33.95623760428893],[-117.09436882527049,33.956186018783114],[-117.09368163577562,33.955915879129641],[-117.09332341323127,33.955999458360161],[-117.0928617384173,33.956283631424512],[-117.09262331547875,33.956319821138315],[-117.09194868904864,33.955736265825848],[-117.09154795943081,33.955632988436371],[-117.09082404118385,33.955534133699686],[-117.08978595214533,33.954984400802019],[-117.08945714403973,33.95459093506016],[-117.08922242669514,33.954471318780946],[-117.08884728198318,33.954399425404304],[-117.08822039516046,33.954375192970367],[-117.08784465879818,33.954318779957525],[-117.08762428313635,33.954167975588945],[-117.0868692005027,33.953007575066898],[-117.08683382570686,33.952820626791215],[-117.08698829724567,33.952657716595354],[-117.08702471458442,33.952486425105768],[-117.0869268339582,33.95215101477951],[-117.08624644474915,33.95149681697356],[-117.08589231491449,33.951413887471531],[-117.08549853727497,33.95126114692431],[-117.08527865180768,33.951087794070808],[-117.08507820948807,33.950864489064976],[-117.08477348941376,33.950287262661199],[-117.08461018814235,33.94987265884064],[-117.08381927626553,33.948869164834434],[-117.08370575262133,33.948637371120128],[-117.0834053837811,33.948446450795991],[-117.08234925570044,33.948122531164259],[-117.08182741764297,33.94814970797573],[-117.08128182179836,33.948041843247999],[-117.080250394817,33.947773772486975],[-117.07986752316063,33.947774655623867],[-117.07918895027858,33.947714093230253],[-117.07858737350242,33.947766270241203],[-117.07823805533641,33.947728274027988],[-117.07779137590437,33.947606862116935],[-117.0774945279873,33.947613605537242],[-117.07718751852768,33.947812319303168],[-117.07686786017948,33.948225236487929],[-117.07666117555016,33.948344525108361],[-117.0764896011173,33.948302040937698],[-117.07614471649588,33.948117271811313],[-117.07582764318231,33.947792561613305],[-117.07560246255294,33.947508009835083],[-117.07503989474557,33.946972318316817],[-117.07477982906036,33.946451462482806],[-117.07457899617329,33.946266735824352],[-117.07424408309912,33.946196677072543],[-117.0738748032274,33.946168276904508],[-117.07375139143087,33.946057715975016],[-117.073648988427,33.945608581565835],[-117.07352152680565,33.945360881220623],[-117.07315271507819,33.945009485065469],[-117.07260016009808,33.944588478983661],[-117.07210295034632,33.944398943218452],[-117.07096743222132,33.944404059408626],[-117.0700126510864,33.944296312684664],[-117.06967904850504,33.944127312123328],[-117.06936216884323,33.943825992070984],[-117.06915710065832,33.943519369303779],[-117.0690980274249,33.942897141768356],[-117.06914133627465,33.942723222930091],[-117.0692157926471,33.942612380618989],[-117.06908110613294,33.942423122256493],[-117.06882270403149,33.942150370725493],[-117.06761116125131,33.941380307121555],[-117.06651930787275,33.940885042959913],[-117.06605410478501,33.940735763985487],[-117.06557949347717,33.940657843265818],[-117.06509509472177,33.940506346820193],[-117.06476219817593,33.940319041473494],[-117.06410488409554,33.940189308993915],[-117.06297058449192,33.940135759001429],[-117.06272356878057,33.939967014812282],[-117.06252538670601,33.939648991331467],[-117.06238206302808,33.939256292436212],[-117.06234855836328,33.938965928796883],[-117.06220516754119,33.938566152237762],[-117.0619851649415,33.938343995056542],[-117.0615597007905,33.938172594690229],[-117.06108704529559,33.938078355973317],[-117.06044163525425,33.938265452788386],[-117.06013235705139,33.938552312085555],[-117.05973711101922,33.939141095193641],[-117.05936893351469,33.939384143321007],[-117.05878175739733,33.939396019406821],[-117.05824342803031,33.939240585535778],[-117.0577887320254,33.939218641437719],[-117.05726516923828,33.939292767363092],[-117.05685132943105,33.939545340338313],[-117.05658223530048,33.939760204418796],[-117.05627670641341,33.939828128444866],[-117.05586362280324,33.939732565668699],[-117.05559649082394,33.939559903959683],[-117.05518348678005,33.939399239994721],[-117.05468370130339,33.939371072401812],[-117.05428143688754,33.939302847702614],[-117.05335045619279,33.939048710283359],[-117.05296559860956,33.938805026833698],[-117.05285795734868,33.938589421464307],[-117.05282811879627,33.938111420579816],[-117.05296681083982,33.937820158930251],[-117.0530522171953,33.937497644164409],[-117.05295106173941,33.937308420643198],[-117.05266785583058,33.937276528168269],[-117.05243672210526,33.937290561705112],[-117.05188564420793,33.93715081972563],[-117.05167934299897,33.936916305313616],[-117.05149460974745,33.936583109566698],[-117.05122668678122,33.936458890695221],[-117.05032490773611,33.936637600247522],[-117.04986838456719,33.936691724802394],[-117.04949202788522,33.936718868954486],[-117.04902459731355,33.936657967459048],[-117.04850297516455,33.936308983536648],[-117.04821195375276,33.936052219058347],[-117.0480358942838,33.935668809083296],[-117.0480116408353,33.935240828455235],[-117.04782898739232,33.934834690186626],[-117.04723110090922,33.934699897843132],[-117.04670238906813,33.935066999902816],[-117.04631784817161,33.935457279302291],[-117.04526349761724,33.93598126659051],[-117.04479784666738,33.936170988863566],[-117.04461287766472,33.93613460947045],[-117.04406818765023,33.935363842050599],[-117.04334474078676,33.934626773921281],[-117.04310878471462,33.934227406319536],[-117.04299283477222,33.933801250349013],[-117.04278679007633,33.933578566335441],[-117.04193819547244,33.933411323902206],[-117.04144642789377,33.933278411603503],[-117.04121687969959,33.932907119693333],[-117.04112491463292,33.932563922585196],[-117.04088709404192,33.932242016362352],[-117.04023826132735,33.932050069223436],[-117.03980177400938,33.931750883546655],[-117.03920601755665,33.930928028298737],[-117.03883795529067,33.930526908342664],[-117.03851689931597,33.930116259666107],[-117.03805135369147,33.929690040590771],[-117.03765910381129,33.929212709285231],[-117.03790087425976,33.928680330131968],[-117.03792608243285,33.928098321500393],[-117.0378672321891,33.927755982207565],[-117.03759614629904,33.927482820693108],[-117.03665032359361,33.92728675057446],[-117.03567931709395,33.926987153070854],[-117.03498782527373,33.926960935797268],[-117.03449034773874,33.927387139633311],[-117.03427037841469,33.927797470346583],[-117.03415711418535,33.928157878370214],[-117.03403638397471,33.928239579149782],[-117.03365741581972,33.92835427917543],[-117.03247514809972,33.928115943639028],[-117.03193338736622,33.928108838977678],[-117.03136985406515,33.92822238892181],[-117.03062354639407,33.928242339680295],[-117.02981740938063,33.928324180281429],[-117.02879551980506,33.928281386040304],[-117.02773010904298,33.928414775878416],[-117.02701557272256,33.928453010023354],[-117.02661247697907,33.928184534746372],[-117.02591335961986,33.927237968267555],[-117.02544188174699,33.926773759511278],[-117.02475256541724,33.926600391584614],[-117.02422459888993,33.926568523257387],[-117.02393841301759,33.926410505457412],[-117.02308639303826,33.926140109659812],[-117.02267409022176,33.925973151230764],[-117.02228586594644,33.925301927217113],[-117.02173898327423,33.924947364572141],[-117.02164219440682,33.92481515951971],[-117.02163560861672,33.92453251899434],[-117.02195524316676,33.924116082550789],[-117.02194572897622,33.923624201918564],[-117.02146674034603,33.923155269173002],[-117.02088977478955,33.922988496212078],[-117.01996546437125,33.922995822344745],[-117.01958016986812,33.923117367260978],[-117.01917745258962,33.922830823377971],[-117.01889595449897,33.922549156575094],[-117.01848482009807,33.922495236740808],[-117.01769066813276,33.922610558434762],[-117.01678872992579,33.92280420270977],[-117.01560360824486,33.922985085017821],[-117.01507101540516,33.922906275424509],[-117.01464400553395,33.922520683897261],[-117.01445087160702,33.922281082511077],[-117.01419744803744,33.922116564760358],[-117.01372359911845,33.921708881577331],[-117.01351169991688,33.921447078137994],[-117.01308168342966,33.92123112281444],[-117.0125050175228,33.921316855788227],[-117.01190403740118,33.921330100695776],[-117.01136557883841,33.921211085493027],[-117.01075932783814,33.920845298870297],[-117.01027472463046,33.920392221747683],[-117.00975489174053,33.920031233034045],[-117.00912316672998,33.919946128877079],[-117.00842095470568,33.920088320222924],[-117.00769080862776,33.919968731269968],[-117.00722188925396,33.919664345588828],[-117.00657425923694,33.919713818003203],[-117.00590285960413,33.91995320386188],[-117.00461545877712,33.920273067364299],[-117.00414922523738,33.920469095785052],[-117.00369146581789,33.920584151453163],[-117.00323854895336,33.920455787162851],[-117.00287633277195,33.920137846707377],[-117.00255352892349,33.919779210881273],[-117.00233771761576,33.919425372327389],[-117.00214972128771,33.918927095934656],[-117.00205941207348,33.918232649043119],[-117.00175009952866,33.917287455531692],[-117.00159857530767,33.916976766429684],[-117.00126074958989,33.91644462442477],[-117.00095225776958,33.916047471067429],[-117.00071788521583,33.914954292757677],[-117.00072503221224,33.914507937358906],[-117.00062335473606,33.91419405333788],[-117.0003875956355,33.914081548497663],[-116.99946597160464,33.913851417261327],[-116.9990456616365,33.91369344907838],[-116.99852889784675,33.913422695380227],[-116.99788801244217,33.91301056443185],[-116.99726856767747,33.912426721818285],[-116.99681053822334,33.912185426140041],[-116.9954597559618,33.912004535124581],[-116.99469443324038,33.91198625928407],[-116.99407496187663,33.911892063024517],[-116.99367114506401,33.911959178340751],[-116.99348762031546,33.912349270949782],[-116.9932048626799,33.913578489311803],[-116.99297519189223,33.913954944941608],[-116.99274199381878,33.914113123663206],[-116.99210987543914,33.914013206619508],[-116.99075502654848,33.914081077711657],[-116.98991645368503,33.914085087814165],[-116.9896975160628,33.914153131777276],[-116.98943098343462,33.914360893175342],[-116.9891023585062,33.914698639517837],[-116.98886249809934,33.914826723805838],[-116.98837149568458,33.914998644092265],[-116.98774140374736,33.915173914961244],[-116.98707752959487,33.91541987534422],[-116.98637708165114,33.915489539738601],[-116.98306779937073,33.91517619434341],[-116.9818008494574,33.915128166663571],[-116.98029347629257,33.915222568049458],[-116.97886140465009,33.915213258514854],[-116.97789307813365,33.914649907827418],[-116.97755281109855,33.913929904898367],[-116.97688856571415,33.912937965567608],[-116.97601333853932,33.912230236677992],[-116.97527093269653,33.911559843458988],[-116.97351624475451,33.910204223659832],[-116.97307103834645,33.909886501176103],[-116.97259709993457,33.909771251018157],[-116.97199502377808,33.90990406191473],[-116.97109060466106,33.910780915192547],[-116.97061106495188,33.911067774413496],[-116.9692641856234,33.912962593422051],[-116.96900162093205,33.913145270406403],[-116.96817956927076,33.913462538763916],[-116.96800881309319,33.913567796730582],[-116.96786492826206,33.913749923588398],[-116.96784655001534,33.913975432980827],[-116.96823948359373,33.914616858734441],[-116.96881798797085,33.915416865974919],[-116.96942158029472,33.916007833712271],[-116.97037531669669,33.91671258598258],[-116.97078001742693,33.917123049875471],[-116.97115902368607,33.917638076530437],[-116.97149951240308,33.918318253162042],[-116.97150868237264,33.918730552101081],[-116.97142590450032,33.91919828147455],[-116.9709197464301,33.920492729610594],[-116.97065461246535,33.921318712816714],[-116.97047835931627,33.921599944030476],[-116.96989494813117,33.922141507972974],[-116.9697185254045,33.922395261912868],[-116.96982628699982,33.922763114781311],[-116.9701264479732,33.92331701542151],[-116.97103636328499,33.926490604266299],[-116.97130448173769,33.927193102126786],[-116.97172479698988,33.927982842716794],[-116.97178596394114,33.92932407753225],[-116.97178360112858,33.93000035643275],[-116.97167278968706,33.931259951221072],[-116.97171594315581,33.932659541496946],[-116.97265777037397,33.934089177871513],[-116.97385888869114,33.936799456570675],[-116.97441606554594,33.937482658464404],[-116.97516013711585,33.938089654298963],[-116.97594668434763,33.938912571742549],[-116.97649330503502,33.939898509194393],[-116.97697266000539,33.941026159958049],[-116.97718879323214,33.942448137881193],[-116.97707927775303,33.943560386501623],[-116.97675932224716,33.944682815430255],[-116.97614526380337,33.945960915369625],[-116.97543984805463,33.947257456191529],[-116.97519330840264,33.947847936010419],[-116.97472444231613,33.948725107263286],[-116.97310163622676,33.950799741209309],[-116.97253886409301,33.951337809782032],[-116.97127039312318,33.95223932319206],[-116.96788250108675,33.95438353618173],[-116.96590128857585,33.955689937666783],[-116.96362354170198,33.957360189715651],[-116.96120211036522,33.959422336839346],[-116.95867326262768,33.961502674066885],[-116.95620165589136,33.963306272769415],[-116.95454406583599,33.964604212917266],[-116.95367355990695,33.96534312228512],[-116.95228770463625,33.966610269301192],[-116.95093095052056,33.968077453381802],[-116.9500005401749,33.969287447728505],[-116.94894703821646,33.970356005325627],[-116.94748467044039,33.97141919712827],[-116.94424933922367,33.972992027326967],[-116.94321934317956,33.973449449237187],[-116.94238207162407,33.973683174173026],[-116.94077303600025,33.973969110304857],[-116.93968694929553,33.97408337989512],[-116.93881910038735,33.974267486185241],[-116.93818752523248,33.974535460699428],[-116.93765733599291,33.974666353612413],[-116.93688457880309,33.974631988026509],[-116.93535131063072,33.974664805952045],[-116.93478479211784,33.97458104192679],[-116.93430430767646,33.974443508059274],[-116.93380908878345,33.974422808075374],[-116.93324209146616,33.974778490606553],[-116.9324924507541,33.974958401915472],[-116.93200376811541,33.974996523935687],[-116.93148165522045,33.975302643043648],[-116.93142853903601,33.975415930925543],[-116.93141237352008,33.975613956100304],[-116.93157252185944,33.975889726202531],[-116.93180731928459,33.976151455923116],[-116.93242370754646,33.976449412620909],[-116.93247687537419,33.976857596108673],[-116.93213737193054,33.97740968413023],[-116.93194911446503,33.978074640487023],[-116.93179977601464,33.978373633274835],[-116.93115684607925,33.978923703777852],[-116.93100561378304,33.979280429278433],[-116.93100667385548,33.980062679499284],[-116.93083704274213,33.980831050476283],[-116.93080463702894,33.981194657010263],[-116.93085808446621,33.981595512831611],[-116.93086491635484,33.981976526597109],[-116.93053476799078,33.982809027536092],[-116.93042704926113,33.983351843619772],[-116.93039725271946,33.983979079146017],[-116.93043015484029,33.984916935865257],[-116.93057550469879,33.985329617200058],[-116.93085397918456,33.985713154714958],[-116.93092129797111,33.986044202434591],[-116.93049136526469,33.987354055505236],[-116.93031947067193,33.988206338531626],[-116.9302856929598,33.98865756076885],[-116.9303448639553,33.989146260465112],[-116.93051267691854,33.989782203935057],[-116.93088079123503,33.990819301971676],[-116.93095957983543,33.991273577872285],[-116.93087049770354,33.991893556006211],[-116.93061869720773,33.992381753090186],[-116.93009519540432,33.992920661824378],[-116.92996228065734,33.993387809369537],[-116.93025737994904,33.994371080783687],[-116.93042528224825,33.994596604834356],[-116.93077314592166,33.99481514169873],[-116.93105268770947,33.995110493304907],[-116.93130695007797,33.995708177053707],[-116.93160305058136,33.996222990712425],[-116.93183858869907,33.996797611751006],[-116.93219900238043,33.997494823922217],[-116.93256649558894,33.998044828466334],[-116.93261041638645,33.998221044759028],[-116.93251958394795,33.998946693367351],[-116.93218983483465,33.999707039927365],[-116.93197000531281,34.000321807102182],[-116.93207873100405,34.000423957079597],[-116.93224720404432,34.000739695577074],[-116.93263975217253,34.001681871216341],[-116.9328567636523,34.001837702802092],[-116.93322948888954,34.002837124080948],[-116.93311844674741,34.00335277842801],[-116.93263281055314,34.003639043659291],[-116.93142795707938,34.003907023834095],[-116.93083763631964,34.004160846490613],[-116.92960253770654,34.004135675711758],[-116.92878988925696,34.004204781613886],[-116.92827399183037,34.004294583125052],[-116.92686228930377,34.004196967475877],[-116.92594789852217,34.004480640217999],[-116.92514509965105,34.004766452726201],[-116.92453385640496,34.005104524234874],[-116.92392078655497,34.00561112744542],[-116.92329541506778,34.006034210940875],[-116.92174397624963,34.006656322494344],[-116.92109508121524,34.006804508085139],[-116.91955093146839,34.007317427367184],[-116.91874531344119,34.007864991620586],[-116.91836907381385,34.008485064531904],[-116.91822782249329,34.009364356936864],[-116.91825347022734,34.010094824230649],[-116.9183422447821,34.011064062926259],[-116.91815504508148,34.011810470978105],[-116.91750333068835,34.01290594145258],[-116.91741243645023,34.013378693897259],[-116.91763022803927,34.013956530263421],[-116.91808150870463,34.014362813643508],[-116.91869786735366,34.014807110806771],[-116.91915463066195,34.015316431214778],[-116.91889292412579,34.015776690230652],[-116.91835969090958,34.016168987943601],[-116.91799269687996,34.016500095515219],[-116.91686119401481,34.017978307110219],[-116.91668947810807,34.01849229674113],[-116.91667942884838,34.019478007175096],[-116.91654244887516,34.01995968589457],[-116.9162670161018,34.020381511708081],[-116.91591209994397,34.02081838125283],[-116.91564412237143,34.021213344818896],[-116.91537415815375,34.021771441615975],[-116.9153498773541,34.0221417337237],[-116.91546953718215,34.022657981209463],[-116.91571088994081,34.022996585924119],[-116.91616152804114,34.023411868973014],[-116.9164592304965,34.024007345643895],[-116.91631359802051,34.024650016672652],[-116.91603082347034,34.025154786593994],[-116.91576995317274,34.025454401132301],[-116.91556062788895,34.025898592924825],[-116.91543064821404,34.02634886891687],[-116.91516808991906,34.026743145108391],[-116.91490071436603,34.027070456212293],[-116.91468835646506,34.027739504273306],[-116.91451945944404,34.028145313204156],[-116.91419022410456,34.028643202302128],[-116.91385603406525,34.029015785930468],[-116.91306155358058,34.029774433055906],[-116.91275307327366,34.030234254265274],[-116.91242596785654,34.031118345120518],[-116.91213804998984,34.032082707412926],[-116.91202797867172,34.033182954587637],[-116.91127717495961,34.034787813446819],[-116.91101541369551,34.035774843112826],[-116.91059803556992,34.036438038731283],[-116.91021881924196,34.036748761524109],[-116.90940353198202,34.036980314212087],[-116.90842370993721,34.037098867848634],[-116.90783299488827,34.037319863765191],[-116.90737109850177,34.037943193975046],[-116.90679577448367,34.038626597632707],[-116.90614920631128,34.039088203687093],[-116.90445545470821,34.039977385800732],[-116.9041144812779,34.040382986146589],[-116.903870087716,34.040976157226531],[-116.90374372395712,34.041573387019767],[-116.9036693740788,34.043002953907404],[-116.90357411979458,34.043221348039623],[-116.90333357585719,34.043466233079791],[-116.90323966840238,34.043649713849462],[-116.90298275155696,34.044208145293368],[-116.90292006561869,34.044477022691602],[-116.90303481701763,34.044840095310875],[-116.90412912272299,34.046252412357362],[-116.90449943926865,34.046870457828788],[-116.90498123386708,34.048099526722318],[-116.90496982460023,34.048579808381966],[-116.90475413793651,34.049028565262667],[-116.90452937640697,34.049621416652414],[-116.90452829329141,34.050340140146261],[-116.90466702112438,34.05091327915197],[-116.90487972012387,34.05146561506146],[-116.90505158208271,34.052083617067616],[-116.90506362124692,34.052744064601235],[-116.90489960773253,34.053307846406362],[-116.9037791952064,34.054794632368704],[-116.90352568401566,34.055558912266534],[-116.90354066759673,34.05609146332754],[-116.90367853211684,34.056747164956057],[-116.90432995721473,34.058299051535961],[-116.90439016813258,34.058749983137595],[-116.90432186563342,34.059023230181957],[-116.90457643596281,34.059915752816636],[-116.90494319939292,34.060816107169138],[-116.90538926903034,34.062958542853231],[-116.90586032412516,34.063436685775685],[-116.90528009956799,34.063228979372056],[-116.9042790291865,34.062939342542222],[-116.90285250531531,34.062857130909869],[-116.90125647731007,34.063176173689314],[-116.90007110190462,34.063353313812542],[-116.89738761127285,34.063409046886733],[-116.8961458749632,34.063390692312957],[-116.89472616958741,34.063247404046415],[-116.89352722459076,34.062900702556888],[-116.89281388053608,34.062814429867196],[-116.89206101057817,34.062802901653527],[-116.89121719334698,34.062572393900929],[-116.89055553703517,34.062120552410434],[-116.89012332656397,34.061725419380288],[-116.8894140562971,34.061269425596358],[-116.88865075664211,34.060973470685305],[-116.8877868960646,34.060805544718065],[-116.88677849039841,34.060540912485735],[-116.8859077522465,34.060384347478575],[-116.88523325815548,34.060447068567676],[-116.88442951128275,34.06079855237023],[-116.88295468868584,34.061006221400056],[-116.88238246753666,34.061249297262911],[-116.88184638661508,34.061350164027928],[-116.88123890551839,34.061310994040952],[-116.88072997887035,34.061324080839562],[-116.87997324732838,34.061659623816645],[-116.87864824927119,34.06246296682459],[-116.87807689366154,34.06274411605272],[-116.87771732215285,34.063005688018414],[-116.87737077261878,34.063331880294555],[-116.87716243769927,34.06358039942937],[-116.87618144688902,34.064429240093645],[-116.87599405523447,34.064508092732225],[-116.87572866254614,34.064503343508314],[-116.874937315243,34.064727957890767],[-116.87458968482746,34.064909530996275],[-116.87399315530139,34.065303553866684],[-116.87281768705373,34.065561869285155],[-116.87177158663263,34.065948855881786],[-116.87109319758952,34.06616021705414],[-116.87017372867513,34.066521943824583],[-116.86842781240017,34.066540729443808],[-116.86728801857464,34.066965700909947],[-116.86674503330759,34.067016433043612],[-116.86600496352706,34.066980019198915],[-116.86517513759323,34.066807484491662],[-116.86432188709033,34.066806551129737],[-116.86328809105193,34.066967479376082],[-116.86246413200934,34.067133052186279],[-116.86055063767974,34.067634155459558],[-116.85985904242041,34.068124698945496],[-116.859463293427,34.068365488478264],[-116.85882691638436,34.068506615124974],[-116.85786204939562,34.068458296395349],[-116.85688083368504,34.068565644682032],[-116.85642170145465,34.068747743643797],[-116.85602956676723,34.068846293536417],[-116.85473354381783,34.068811324445591],[-116.85408805417059,34.069010822262271],[-116.85332068771163,34.069395494473575],[-116.85293864656315,34.069623100372553],[-116.85158370164307,34.070241249282844],[-116.85083409503044,34.070366807091212],[-116.85026857419867,34.070523385601319],[-116.84977815800748,34.070588181703165],[-116.8488597754716,34.070537692638126],[-116.84813162727436,34.070609407570089],[-116.84760678516375,34.070722839435717],[-116.84656766185437,34.071116293042117],[-116.846208159374,34.07119483946537],[-116.84612371865946,34.071781319055013],[-116.84591864935973,34.072436887169467],[-116.8457943871062,34.072969266666675],[-116.84564896734769,34.073302355519488],[-116.8453425788488,34.073754989285099],[-116.84486972451995,34.074244167043638],[-116.8444489389083,34.074414590158568],[-116.84398742406829,34.074705078595983],[-116.84343041400918,34.075401059366691],[-116.84268844922495,34.076122075661246],[-116.84244138772459,34.076547307325782],[-116.84238671340812,34.077261731355101],[-116.84240181699879,34.07911114392703],[-116.8423151900884,34.079760157636571],[-116.84226527558347,34.080601244170246],[-116.84244451736595,34.081185160934595],[-116.84288782526092,34.081807945639731],[-116.84329006725157,34.082492191444288],[-116.84335527692373,34.083191036341994],[-116.84302075766239,34.083693346196107],[-116.84165696857603,34.084422184436981],[-116.84122928232276,34.084949521339723],[-116.84077471373506,34.085843368975958],[-116.83975593858068,34.086814589165272],[-116.8393356386466,34.087638910477736],[-116.8391727341201,34.088457145352173],[-116.83922624605329,34.089075330466457],[-116.83933386543244,34.08963668220126],[-116.8393506739371,34.090105297965849],[-116.83948266943887,34.090734987259701],[-116.83960170309943,34.092018198494003],[-116.8397490641739,34.092586007036886],[-116.84009187731195,34.092960793941515],[-116.84058490082013,34.093400941784807],[-116.84067621310015,34.093777784803912],[-116.84055948732485,34.094332042922346],[-116.84005067542822,34.09556261129152],[-116.83935969528622,34.097974169723805],[-116.83900937640087,34.09889429557871],[-116.83855145761223,34.099310853516613],[-116.83803767420454,34.099463451516911],[-116.83646117652364,34.099945617537621],[-116.83589985510152,34.100202303757676],[-116.83457511559615,34.101250644304677],[-116.83387799927728,34.101707308567569],[-116.8333911907614,34.101887696317178],[-116.83266251140579,34.101964974415338],[-116.83185641247043,34.10189463146758],[-116.83091980595724,34.10174879865437],[-116.83013922231937,34.101801767726769],[-116.82958115955489,34.102195776549337],[-116.82902172940618,34.103349057117235],[-116.82802943767788,34.104941528113649],[-116.82757027038106,34.10541212875863],[-116.82698427781106,34.105900900270989],[-116.82651891391461,34.10633975608701],[-116.82614631475215,34.106756090752143],[-116.82538946169468,34.107835359079502],[-116.82491720384041,34.108571647714079],[-116.82444298984082,34.109439507550903],[-116.82391114544716,34.110207675110672],[-116.82334694326754,34.110936886628316],[-116.8227420706328,34.111362804708563],[-116.82225609477814,34.11152148308603],[-116.82189952755833,34.111487287073793],[-116.82100694623844,34.111138531584601],[-116.82030472796204,34.110909788328378],[-116.81937302512081,34.110825160471968],[-116.81854548321883,34.110855333287404],[-116.81777525705927,34.110994180004027],[-116.81695681242772,34.111202162171573],[-116.8161759335931,34.111571003660963],[-116.81467660980321,34.112389584730558],[-116.81388539299174,34.11259379912677],[-116.81330981019777,34.11257936869702],[-116.81254614247926,34.112722335319226],[-116.81210079431693,34.113107570667026],[-116.81166494758568,34.11372673468609],[-116.81126631235246,34.114138634827455],[-116.81095035354784,34.114365989268812],[-116.80938327214469,34.114595507051106],[-116.80814525592341,34.114666239914804],[-116.80635297416356,34.114354455215178],[-116.80569826919339,34.114317229152],[-116.80505943186155,34.114532968566316],[-116.80415432080871,34.115103723509506],[-116.80313760418002,34.115593797334384],[-116.80202244556138,34.115760932961031],[-116.80119050526865,34.115680638188152],[-116.80042959723258,34.115429271512539],[-116.79984686903943,34.115112729349917],[-116.79933734187303,34.114780765637597],[-116.79868741619617,34.11422500698734],[-116.79823172881819,34.113910897409745],[-116.79725638039747,34.113439841061712],[-116.79602004428011,34.113085734414796],[-116.79520504124855,34.113123405927261],[-116.79470700873421,34.113210310417855],[-116.79313822577585,34.113588365528116],[-116.79245603103791,34.113594252014572],[-116.79210118374293,34.113485053261769],[-116.79146381163704,34.112997247491293],[-116.7908861841358,34.112157405922773],[-116.79057316797332,34.111586830391225],[-116.79016732559843,34.111090038025068],[-116.78967956516786,34.110707344954108],[-116.7889019180633,34.110277857354546],[-116.78826869752643,34.109846800558842],[-116.78774859454693,34.10914412408296],[-116.7871770824917,34.108613057145192],[-116.78675762881002,34.108443389452333],[-116.7863814646397,34.108442646229577],[-116.78532675864392,34.108558031623758],[-116.78421465405874,34.108917314655351],[-116.78345781796965,34.109041937771842],[-116.783016480698,34.108960136926974],[-116.78265069028373,34.108729681937369],[-116.78234627821205,34.108431615537945],[-116.78194002403995,34.107913905485439],[-116.78161975242547,34.107415283498234],[-116.78118196056029,34.106873293833551],[-116.78044315113883,34.106132833133955],[-116.77958736038893,34.10563510626406],[-116.77842381227683,34.105337811036037],[-116.77719506460683,34.105258826323364],[-116.7762062147082,34.105380773639958],[-116.77561717776101,34.105389192880807],[-116.77511661479994,34.105297501419223],[-116.77466613543315,34.105016982925946],[-116.77413064768562,34.104420919680898],[-116.77331552517195,34.103858349536516],[-116.77190174635366,34.103159005839018],[-116.77057447587188,34.102441258710797],[-116.76981137967549,34.102214977786275],[-116.76941874322803,34.102351826062133],[-116.76915236762771,34.102707599736505],[-116.76859233324886,34.103571965988145],[-116.76697650007222,34.105496890813768],[-116.76676969051655,34.105861958723295],[-116.76683556360362,34.106182062655428],[-116.76746366719264,34.10684111685184],[-116.76804706362061,34.107376282248907],[-116.76834281785423,34.107751947003337],[-116.7685016344311,34.108061144876451],[-116.76907153345711,34.108652869972893],[-116.76992049201812,34.109143129653695],[-116.77021723799228,34.109518816497555],[-116.77020119371605,34.109935807429743],[-116.77004581404174,34.110395047240708],[-116.77001811056428,34.111071569189825],[-116.77014673139639,34.11156342508815],[-116.77032783403106,34.112066317780233],[-116.7703810275667,34.112645900542027],[-116.77021128006189,34.113166187857487],[-116.7698522814128,34.113556260090931],[-116.7694870344011,34.113924726743946],[-116.76853222841561,34.114619202577757],[-116.76781679157664,34.115270012781622],[-116.76746907393755,34.115765242888266],[-116.76616385347185,34.117092964179989],[-116.76591204539649,34.117728746450787],[-116.76582871124656,34.118206369602575],[-116.76583461785764,34.118855965853932],[-116.76652003316765,34.121154505001151],[-116.76719054013311,34.122237824105817],[-116.76741809222268,34.122748516441824],[-116.76739818567076,34.123341537296426],[-116.76730326575888,34.123746402816963],[-116.76709000465463,34.124161451324355],[-116.76686534974668,34.124902864618022],[-116.76685423237602,34.125231749787211],[-116.76704495936374,34.126136558634201],[-116.76731899939625,34.126621247824119],[-116.7679965967225,34.127028290989941],[-116.76832312131656,34.127449075984785],[-116.76825262652123,34.127845600412094],[-116.76811734165879,34.128185353433217],[-116.76809529556392,34.128433594996991],[-116.76820331595529,34.12889129664724],[-116.768125539826,34.129391626945115],[-116.76785139110325,34.129752526313837],[-116.76755822913006,34.12983271041486],[-116.76728922700087,34.129704167716412],[-116.7668484345877,34.129416570406782],[-116.76611060055539,34.12899793073089],[-116.76523360871816,34.128583538331341],[-116.76468598742539,34.128503715865406],[-116.76404291531597,34.128626381327848],[-116.76350311334987,34.128909537519696],[-116.76306986834007,34.129230942266439],[-116.76234816771982,34.130030360084909],[-116.7618404068313,34.130432525289898],[-116.76137413193661,34.130716060687561],[-116.76074474273751,34.130876593816851],[-116.76011428072427,34.13098858684765],[-116.75932649352117,34.130994104316365],[-116.75857906764344,34.130933398406292],[-116.75789790489186,34.130934586166774],[-116.75709546613115,34.131000258117446],[-116.75638812362905,34.130920636480774],[-116.75542401684127,34.130703792063564],[-116.75450465905666,34.130553898207189],[-116.75367820876457,34.130576285528569],[-116.75303592530219,34.130555461920643],[-116.75224150217834,34.130582408470943],[-116.75169829076538,34.130633742219658],[-116.75098124718274,34.130889235642016],[-116.75050561385179,34.131826372683584],[-116.75034845917293,34.13242336339826],[-116.74992621516381,34.133011115188218],[-116.74951978658308,34.133371008079962],[-116.74899156732047,34.133363260049215],[-116.74824400968249,34.133264413364621],[-116.74723747492165,34.133361950508771],[-116.74672057725769,34.133506720562927],[-116.74590069053795,34.133525877885475],[-116.74500111459989,34.133446905034205],[-116.74390323850827,34.13353081418834],[-116.74316017205159,34.133684605650572],[-116.74255135200463,34.133764703292179],[-116.74137965685578,34.133788976916939],[-116.74070319879945,34.133987787658022],[-116.74013692384307,34.134564053255538],[-116.73991816969686,34.135287516793618],[-116.73997189932649,34.136013433616739],[-116.7401044723044,34.136685487880619],[-116.74011660767844,34.137605827398296],[-116.74003259281548,34.138243795116978],[-116.73980757749831,34.138962569827619],[-116.738483854119,34.141275073325147],[-116.73810694008758,34.141993154831574],[-116.73792348896514,34.142624597834647],[-116.73803091365694,34.143175053464695],[-116.73835214101339,34.143590115825987],[-116.73871839767016,34.143965883395914],[-116.73838193223274,34.143919315697836],[-116.73746848879681,34.143942794964019],[-116.73605288232577,34.144638141844474],[-116.73483658872449,34.145399839497657],[-116.73436682470658,34.145370019791741],[-116.73396547360797,34.145105132872885],[-116.73292368336341,34.144690248635087],[-116.73124999425097,34.144698060442799],[-116.73032324982481,34.144756308004908],[-116.72951528647617,34.144901667914752],[-116.72849786584102,34.144685012087344],[-116.72721518791319,34.144634660278548],[-116.72638018973879,34.144777522712857],[-116.72551992913812,34.144826649742285],[-116.72469396979669,34.14472793104801],[-116.72290429017734,34.144270630346803],[-116.72190620769004,34.144266431156957],[-116.72110375551614,34.144409341248526],[-116.71933645703223,34.144531524663016],[-116.71868091593572,34.144615546353023],[-116.71750114617062,34.144853838136164],[-116.71660537581137,34.145079719585098],[-116.71556689830756,34.1450841656997],[-116.71453360975765,34.145216741143507],[-116.71391669888418,34.145438796819086],[-116.7133427122974,34.145989623706647],[-116.71258404869462,34.147212417949049],[-116.71192657561315,34.148170915831962],[-116.70987064674858,34.150274527016151],[-116.70968815967832,34.150640740734438],[-116.70961617318369,34.151301585352975],[-116.70984123233377,34.152018897476793],[-116.71102599895632,34.153451954018301],[-116.71191177453042,34.154330674158956],[-116.71198457175859,34.155057146228174],[-116.71178021756774,34.155638346961851],[-116.71143819259258,34.156187685127428],[-116.7110975811067,34.156547639364057],[-116.71072497479233,34.156765179271844],[-116.71024815933829,34.156829779881889],[-116.70956539574331,34.157010457658153],[-116.70848045460778,34.157652740471271],[-116.70782490136953,34.157709641225715],[-116.70696547475585,34.157628710267915],[-116.70617093190106,34.157733141272232],[-116.705374606615,34.157936447812872],[-116.70441871721893,34.158265083503039],[-116.70383602141335,34.158371686202123],[-116.70230912965251,34.158138117513921],[-116.7015139951652,34.158280254710206],[-116.70044560401209,34.158582200165633],[-116.69889950611247,34.159090135816278],[-116.69830908720834,34.159323884019379],[-116.69738868943334,34.159371062050766],[-116.69624436593327,34.159331690580558],[-116.69589293428561,34.15945481659751],[-116.69538978849653,34.159451209244082],[-116.69471749430238,34.159849159864592],[-116.69445469059839,34.160342098147666],[-116.69426652975437,34.160841724910277],[-116.6942340272205,34.161308939262099],[-116.69461301527416,34.16182330581767],[-116.69492557069869,34.162336613541456],[-116.6949088826089,34.162710432796487],[-116.6946012995754,34.163137810684624],[-116.69440516376379,34.163649894995046],[-116.69461314846724,34.163963415097889],[-116.69488890833684,34.164245669036553],[-116.6953746455616,34.16460078049203],[-116.6959550338952,34.164890731451649],[-116.69635541923022,34.165250717004866],[-116.69683906074042,34.165858004121525],[-116.69723943814355,34.166202488346237],[-116.6980229763591,34.166614716349955],[-116.69850984942984,34.166935452218439],[-116.69872464191388,34.167378273790113],[-116.69884582191943,34.167886008143789],[-116.69890698180041,34.168418215437555],[-116.69912824521677,34.168787947527825],[-116.69962270546753,34.169033091321801],[-116.70023546589567,34.169433303729008],[-116.70223800757462,34.170342724414738],[-116.70278427488212,34.170671381684393],[-116.70407751982798,34.171801233682054],[-116.70466847864414,34.172278294412848],[-116.70515555709359,34.172733177872523],[-116.70563443178048,34.173092566754839],[-116.7065908919449,34.173500710178274],[-116.70695050560613,34.173905412736147],[-116.70704807312873,34.174200496471876],[-116.70730156951282,34.174676812037987],[-116.70731001260471,34.175254274369131],[-116.70725297196812,34.175709784609332],[-116.70736094342907,34.176113407657851],[-116.70756345552522,34.176438579467536],[-116.70773323644281,34.176637406693693],[-116.70811595277743,34.17685477312795],[-116.7082731827421,34.177037998644536],[-116.70833710045365,34.177302241442291],[-116.70833983992651,34.177707351232883],[-116.70839626320365,34.17807058486931],[-116.70857584104547,34.178684549854857],[-116.70890976253199,34.179136138139263],[-116.70938881865504,34.179541449546853],[-116.70931226622604,34.179969317301754],[-116.70886970716539,34.180533764407294],[-116.70830200070473,34.181179435064209],[-116.70795187083651,34.181821518639758],[-116.70767084639925,34.182880173428117],[-116.70759745538219,34.183678211593488],[-116.70765019145604,34.184519361424343],[-116.70781737610631,34.185015712873025],[-116.70821546924584,34.185645861399536],[-116.7086342614441,34.186170342824063],[-116.70913072708868,34.186971852298967],[-116.70908562293256,34.187499294647893],[-116.70845401111997,34.188584754228785],[-116.70846061529073,34.189206428905102],[-116.70877346468937,34.189773787171376],[-116.70911344916829,34.190293182718037],[-116.7093278333396,34.190773693599439],[-116.70946190387346,34.191307982739616],[-116.70966847052513,34.19187031347191],[-116.70989607590812,34.192351222035605],[-116.71038601234426,34.192342815713388],[-116.71085009494536,34.192206528568221],[-116.71132200074852,34.191923383410597],[-116.71166402692648,34.191507660148744],[-116.71201220462277,34.190994606517819],[-116.71258628693029,34.190563015345496],[-116.71306986275525,34.190471278128612],[-116.71383088739806,34.190527612391492],[-116.71465562376476,34.190821941849734],[-116.7153420541452,34.191130329001197],[-116.71656582336118,34.191879758918923],[-116.71720529847435,34.192142527128802],[-116.71825794238987,34.192203564778268],[-116.71948759776181,34.19234801631891],[-116.72041807878136,34.192630123202143],[-116.72115680775275,34.192913767327155],[-116.72174671775331,34.192924550200779],[-116.72238136025828,34.193042820734533],[-116.72306990775843,34.193064317311666],[-116.72393814482153,34.192811658243826],[-116.72488897855528,34.1930534555514],[-116.72643007833479,34.19400778167401],[-116.7271156246312,34.194338603476979],[-116.72829093157344,34.194747466459674],[-116.72949206051409,34.195049965332942],[-116.73033965351721,34.195090346426802],[-116.73087764709354,34.19492200043797],[-116.73140897861491,34.19464413451886],[-116.73247430862926,34.193958513615307],[-116.73303267085737,34.193691259101698],[-116.73373446536782,34.193679805125079],[-116.73437890746543,34.194168066927205],[-116.73542638464984,34.195509480301837],[-116.73615822671802,34.195878492770817],[-116.73683189416481,34.196046596395448],[-116.73766344415526,34.196393367546769],[-116.73889749791492,34.197532637635433],[-116.73986035006546,34.19803533977317],[-116.74070435887104,34.198286637532249],[-116.74135952157272,34.198385696642198],[-116.74249842662695,34.198390327775599],[-116.74366246732454,34.198492061356511],[-116.74444726170427,34.198838295836126],[-116.74524278991721,34.199507543219525],[-116.74627362997947,34.200542556003533],[-116.7477053380539,34.201871393562115],[-116.7484853360251,34.202729565086017],[-116.74906040670899,34.203661350368762],[-116.74950650366398,34.204165604890235],[-116.75036806105739,34.204791863927262],[-116.75100139758028,34.205043563977142],[-116.75128622504545,34.204982890728452],[-116.75178249793559,34.204436173614205],[-116.752272892419,34.203702443084694],[-116.75302012660045,34.203200615887852],[-116.7547012988728,34.203305385816897],[-116.75535337904897,34.202995586369205],[-116.75602387286288,34.202196774392178],[-116.75725261445656,34.200515325586188],[-116.75760688584607,34.200143799770501],[-116.75807954303826,34.199921901779412],[-116.75900606299952,34.200049420863998],[-116.760054605828,34.20061016055616],[-116.7607689373243,34.200666532417699],[-116.76157812981324,34.200611151210254],[-116.76268458596678,34.200580267647631],[-116.76365194565015,34.200482297344706],[-116.76439481066141,34.200397956251486],[-116.76566270215119,34.200170703801653],[-116.76632586393998,34.200092827320724],[-116.76704806791373,34.200123155486224],[-116.76775578326844,34.200233395086954],[-116.76825659789908,34.200408215251173],[-116.76857865950535,34.200713282749781],[-116.76894497654909,34.201155412787983],[-116.76912717766804,34.201552894642901],[-116.76928781889195,34.202037387476146],[-116.76965489863163,34.202536497524896],[-116.77019933510012,34.203029045531409],[-116.77060575406684,34.203528415571839],[-116.77166196061526,34.204591772829168],[-116.77268969544312,34.205373920612416],[-116.77208864333043,34.20570694413918],[-116.77120435926064,34.206036475937729],[-116.77011302879771,34.206507808134781],[-116.76787272507657,34.207969347567996],[-116.76724493604185,34.208498034814745],[-116.76666426561115,34.208911933144115],[-116.76534618480838,34.210284001116335],[-116.76464544758932,34.21081991490464],[-116.76415881589328,34.211141494111182],[-116.76289542669518,34.212261713629289],[-116.76221900466263,34.213022618849067],[-116.76206039686036,34.213653113267469],[-116.76211395878258,34.214282257442676],[-116.76226980469639,34.2146682661404],[-116.76261625731553,34.215115515838427],[-116.76289549836804,34.215695262716842],[-116.76303989094346,34.21648480570677],[-116.76346979214527,34.217313196954102],[-116.76352661081678,34.217615237815728],[-116.76352302751938,34.217966837794073],[-116.76344585943903,34.218391061149461],[-116.76324338654685,34.218692785427677],[-116.76158359795119,34.220420664260708],[-116.76081998515691,34.221318880478016],[-116.76015444574342,34.222233394994987],[-116.75988502072512,34.222792213014706],[-116.75970441779042,34.223535644556257],[-116.75944481358663,34.22506844273304],[-116.75920380186088,34.226042080356649],[-116.75880956946047,34.226936102186912],[-116.75831344564644,34.227593052064897],[-116.75759760744478,34.228308550045966],[-116.75708794346781,34.228889291825574],[-116.75642916889107,34.229876133317198],[-116.75572075822005,34.231152954285633],[-116.75530886117572,34.231970955482858],[-116.75505340445976,34.232371206372065],[-116.75500405193317,34.232645997152893],[-116.75506651129182,34.232975810290938],[-116.75506947149273,34.233406234726885],[-116.75492617029799,34.23382771767907],[-116.75472305723282,34.23421708065171],[-116.75453963817918,34.234771843486257],[-116.75412856987708,34.235413145582299],[-116.75365913092398,34.235971612641535],[-116.75303054723754,34.236511736080566],[-116.75266837617725,34.236995751789621],[-116.75272219544878,34.237534744484392],[-116.75318145546632,34.238038448469482],[-116.75448256977074,34.238552585244413],[-116.75519490986241,34.23887213133073],[-116.75554777701404,34.239330542396097],[-116.75529244044924,34.239775878633218],[-116.75476116453667,34.240492129381408],[-116.75434280888901,34.24126030994119],[-116.75436828158088,34.242775264249318],[-116.7541982430041,34.243185288897259],[-116.75410108774666,34.243615392906349],[-116.75432277716401,34.244035685669481],[-116.75480304119569,34.244352308636763],[-116.75646660066285,34.245029181736022],[-116.75732476633733,34.245486423048938],[-116.75780015877794,34.246259158933043],[-116.7581110515503,34.24636099814775],[-116.75932385339603,34.24635202547676],[-116.75989353349392,34.246427664605179],[-116.76062597170227,34.246681215683111],[-116.76112065003726,34.246936771851921],[-116.76163623561742,34.247139099385471],[-116.76216903777147,34.247467041664166],[-116.76254188502978,34.248019833388298],[-116.76276713728049,34.248775589271617],[-116.7630800323164,34.249332588531516],[-116.76347803028298,34.249933720662604],[-116.76362377502785,34.250245307878181],[-116.76371797864199,34.250488926530139],[-116.76374579743039,34.250795490187301],[-116.76361028836607,34.25157959812833],[-116.76377913951316,34.252039795554438],[-116.76414045775299,34.252500940471286],[-116.76508245478767,34.253406871402142],[-116.76527921039285,34.253848980521269],[-116.76562229012424,34.254225900934195],[-116.76611762195124,34.254624049733224],[-116.76681197397861,34.254997117404535],[-116.76712234304273,34.255376467687746],[-116.76749186609403,34.256084984112803],[-116.76774511400895,34.256664802916582],[-116.76833405415471,34.257306517925272],[-116.76847053734349,34.257786362961554],[-116.76879052877489,34.258304090306218],[-116.76968805381394,34.258832799021178],[-116.77058019851741,34.259235925366042],[-116.77148796662475,34.259540030870994],[-116.77194707082248,34.259739010136812],[-116.77197536778395,34.260025561056509],[-116.77184868196913,34.260332257581055],[-116.77133790690108,34.260705590812407],[-116.77068876877539,34.261057814628266],[-116.77022276786639,34.261133970070631],[-116.76964004584681,34.26114171907011],[-116.76932751231237,34.261235731220772],[-116.76919248103673,34.261323793896949],[-116.76910744743088,34.261591920642495],[-116.76889481437316,34.261956760122978],[-116.7686242915632,34.262217661918356],[-116.76836919723678,34.262739983467817],[-116.76818486162,34.263317238497059],[-116.76752807339793,34.263697134378475],[-116.76707868103847,34.264261565598609],[-116.76678254719032,34.26514509852246],[-116.76667050779024,34.265730916385756],[-116.76688923961882,34.266382723685616],[-116.76735923243135,34.266746880059003],[-116.76831753161495,34.267195034156686],[-116.76883157955925,34.267619899932157],[-116.76911476335849,34.268026393809741],[-116.76962115575522,34.268505115364164],[-116.7706213524371,34.268868202801762],[-116.7714413472292,34.269592810046909],[-116.7723838450316,34.269831359104344],[-116.77366104145767,34.270223669920405],[-116.77445938681853,34.270681046228077],[-116.7751229154393,34.27098187397263],[-116.77563194769374,34.271323713675677],[-116.7759554521747,34.2717251020063],[-116.7764887782015,34.272210773645483],[-116.77749198781868,34.272395198301822],[-116.77797875872349,34.272235639917241],[-116.77858034395452,34.271959530280363],[-116.77916101623515,34.271796668465178],[-116.77974013089975,34.271952787005326],[-116.78007953159198,34.27223993924428],[-116.78121067716606,34.27296618671491],[-116.78143896643813,34.273462388683861],[-116.78156220504444,34.273904083986743],[-116.78159050301585,34.274465679670975],[-116.78156227854166,34.275868254640308],[-116.78169756978001,34.277002673292159],[-116.78190541005918,34.277550727778817],[-116.78228200407924,34.277934437851044],[-116.78325789703821,34.278448052223432],[-116.784081106204,34.279049184300547],[-116.78483608394681,34.279724239146937],[-116.78530940566166,34.280210149696742],[-116.7860896906494,34.280930988452361],[-116.78671741731588,34.281346254558727],[-116.78748731171478,34.28163222873129],[-116.78814498311742,34.28183843527016],[-116.79048672969944,34.28236132821425],[-116.79164439489632,34.282784435800814],[-116.79188915082287,34.283130314657221],[-116.79186149929764,34.283540680126841],[-116.79170230069919,34.284220719041429],[-116.79181717080731,34.2844104935755],[-116.79228855649575,34.284713129396714],[-116.79286598005275,34.284946898432828],[-116.79350065472875,34.285060232945504],[-116.79435434230356,34.285100277835433],[-116.79494038998244,34.285256489672797],[-116.795404099104,34.285647377988766],[-116.79564821338248,34.285975204038273],[-116.79623882639842,34.286577932873357],[-116.79679157957317,34.287476306963647],[-116.79728945095208,34.287763595435635],[-116.79775769338787,34.287851425477193],[-116.79900966004581,34.288205790278397],[-116.79944655391459,34.288238032078723],[-116.80058576287956,34.288232747263848],[-116.80166547510721,34.288604807715402],[-116.80221114284728,34.289161994214965],[-116.80249395661568,34.289909337746025],[-116.80257004482803,34.29039391034383],[-116.80273118773562,34.290942287950109],[-116.80294525726515,34.291483964688673],[-116.80339422004538,34.2919130385256],[-116.80386261373437,34.292023636150219],[-116.8051503970658,34.291899906501577],[-116.80593119953923,34.291971325269451],[-116.80626403888414,34.292233125615411],[-116.80646662046813,34.292681763468593],[-116.80652558077919,34.293044960662186],[-116.80672062920462,34.293570620373302],[-116.80696589980583,34.294223080903969],[-116.80719630762431,34.294656131293763],[-116.80728928114694,34.294985059227727],[-116.80739908119718,34.295443511539794],[-116.8073235672297,34.296207029019364],[-116.80751607425421,34.296870699317722],[-116.80790115780088,34.29718438863609],[-116.80820334194503,34.297297654878975],[-116.80852466925387,34.297466988148528],[-116.80898121937585,34.297819864105257],[-116.80931969398608,34.298126890619599],[-116.80966978395698,34.298533449996697],[-116.81009130320524,34.299314223025171],[-116.81065041122191,34.299844679099792],[-116.81208692649612,34.300261807994069],[-116.81266667480416,34.300736188050664],[-116.81305752355829,34.301126660070892],[-116.81344850971911,34.301429799876921],[-116.81364902652619,34.301688715126119],[-116.8138825690927,34.302255153751567],[-116.81372848933685,34.303373534482432],[-116.81371807957186,34.303873684750073],[-116.81419644227627,34.304117814779012],[-116.81614446416931,34.304524659685846],[-116.81679217883844,34.304588911625039],[-116.81754171370464,34.304873841356212],[-116.81804293694729,34.30535950294783],[-116.81863800600854,34.306422102459308],[-116.81934140800087,34.306722909775054],[-116.81971950254119,34.306673967169822],[-116.82036706201689,34.306440346689747],[-116.82068493304838,34.306461047441417],[-116.82110477451837,34.306698994055623],[-116.82216589653135,34.307665466211098],[-116.82361566133734,34.308415338177035],[-116.8246685009313,34.309100328678589],[-116.82539694887615,34.309480132172133],[-116.82599139438372,34.30956879746369],[-116.82661993900722,34.309621471330217],[-116.82674997303751,34.308420439646746],[-116.82685246442509,34.307960579172473],[-116.82712588902879,34.307516452916978],[-116.82767079792754,34.307106936545587],[-116.8283198595571,34.306835547040279],[-116.82900407471043,34.306399160642073],[-116.82941342541909,34.305795380260093],[-116.82971392823157,34.30470472531276],[-116.83023746917436,34.303661401941248],[-116.83060913353424,34.303341730574573],[-116.83089999943002,34.303037878508263],[-116.83111946486828,34.302684103390618],[-116.83176888766305,34.301981575671832],[-116.83198852690239,34.301623315854201],[-116.83205374773635,34.301303305547421],[-116.83195372020663,34.300362722046295],[-116.83207193943014,34.299747477841713],[-116.8327140732424,34.299080808993665],[-116.8333474348167,34.298556464469272],[-116.83407391348705,34.297355617715731],[-116.83457592945663,34.296767883216404],[-116.83546708999503,34.295939578408294],[-116.83599535608208,34.295374559584062],[-116.83634390384748,34.294817803364268],[-116.83659402305992,34.294250453350024],[-116.8371265496091,34.293443470344073],[-116.83732225850149,34.292927873195985],[-116.83772977549758,34.292416125304584],[-116.83856612825021,34.291706909982409],[-116.83909512878279,34.291038180500195],[-116.83952893734823,34.29058128257472],[-116.84010602610998,34.290228386528213],[-116.84068705882449,34.289971112566079],[-116.84146468342924,34.28986016255476],[-116.84240567488935,34.289868149670227],[-116.84346682767961,34.289810951759108],[-116.84448022914813,34.289444731941636],[-116.84582524904721,34.28881457500367],[-116.84687965299368,34.288433399185024],[-116.84814674548657,34.288339587661575],[-116.84918801708757,34.288336749080095],[-116.85017015453208,34.288241279482385],[-116.85115081449942,34.288242107568088],[-116.85204466022768,34.288613068436618],[-116.8524893879751,34.288908230723841],[-116.85309968886141,34.289225441022147],[-116.8539954325891,34.289489934120972],[-116.85498582059853,34.289680347127266],[-116.85594007385887,34.290010684648394],[-116.85633960096142,34.290264290276937],[-116.85659104469838,34.290636427599338],[-116.85670487853938,34.291247093664033],[-116.85666778995073,34.291792755701799],[-116.8567417008843,34.292067853293354],[-116.85698281737996,34.292638916159213],[-116.85788171882564,34.293760365143804],[-116.85795719465519,34.294294476757159],[-116.85783022446932,34.29507436568862],[-116.85741816311094,34.296136096614589],[-116.85729941461193,34.296794766582465],[-116.85778911615131,34.297819005831009],[-116.85857028166356,34.298912697094657],[-116.85887096239864,34.299796493576544],[-116.85894379072366,34.300805052242687],[-116.8587691536662,34.30196149111709],[-116.8586019539576,34.302718865064875],[-116.85842049759087,34.303178260710027],[-116.85813722957151,34.303440135067319],[-116.8568550085544,34.303965638361916],[-116.85661640002644,34.304308203097349],[-116.85656011401295,34.305469036163835],[-116.85622457445307,34.306025907680237],[-116.85597008814194,34.306841465883366],[-116.85566957139918,34.308322726771074],[-116.85561770605908,34.308965185268676],[-116.85589221082805,34.310146656449888],[-116.85626022721119,34.311003566556252],[-116.85681281962698,34.311868062849236],[-116.857513780475,34.312642248666755],[-116.85873188144765,34.313400783278773],[-116.86033019433307,34.314049712267469],[-116.86179926638573,34.314838485827295],[-116.86256544533666,34.3153174180853],[-116.86323030306089,34.31555040550915],[-116.86414121064935,34.315749549436241],[-116.86523978643923,34.315852670116406],[-116.86623812316242,34.315657168098042],[-116.8675807693259,34.315092646028937],[-116.86791803112745,34.314816145911109],[-116.86828364526517,34.31442380107999],[-116.86882345486306,34.314273735069627],[-116.8692688917081,34.314531090967058],[-116.86963337332502,34.314849644033714],[-116.87127378290465,34.315383188503077],[-116.87173018323773,34.316125228787115],[-116.87212490134696,34.316649143026019],[-116.87243791567329,34.3168955295613],[-116.87316843668845,34.31714545301098],[-116.87388137021347,34.316991124631919],[-116.87486187321159,34.316295707856838],[-116.87497604483654,34.316261636901437],[-116.87554768393794,34.316165705998614],[-116.87573699182337,34.316165248773622],[-116.87594556381396,34.316166444320771],[-116.87659052247072,34.31626972320722],[-116.87719788030255,34.316505562353434],[-116.87759048077348,34.316861753936863],[-116.87810971562003,34.317230138085534],[-116.87909227408863,34.317679925610165],[-116.88015471837838,34.318059770870029],[-116.88061507006715,34.318405113446246],[-116.88097176158715,34.31893050457068],[-116.88163815516771,34.319752061327115],[-116.88220314362346,34.320124498538632],[-116.88265779633284,34.320338929485729],[-116.88337150902775,34.32057678476373],[-116.8844400144867,34.321003511209057],[-116.88526979654358,34.321468799793223],[-116.88579796211013,34.321638185387748],[-116.88611741118989,34.321586575709262],[-116.88651832888398,34.321408986551134],[-116.88722081749692,34.32090965969725],[-116.88803963101468,34.320202417942596],[-116.88858738349636,34.319902874475709],[-116.88873989414812,34.319896038307633],[-116.88874204819717,34.319789874697584],[-116.8889540437242,34.319328448376908],[-116.88944928985892,34.318981230106559],[-116.89041487289668,34.318737018757687],[-116.89135692923335,34.318701206089578],[-116.89202166597939,34.318613911720405],[-116.89260144748937,34.318389032885598],[-116.89296230307417,34.318166103654406],[-116.89339183180304,34.317839630224007],[-116.89379498475888,34.317432143702966],[-116.89403228114919,34.317068901391025],[-116.89432181909035,34.316758638095763],[-116.89464900541685,34.316596209927198],[-116.89546590142174,34.316450463878418],[-116.89635005486841,34.316365429899029],[-116.89707588040686,34.316133525176753],[-116.89770796484154,34.315985829468453],[-116.89852870327462,34.316163929885626],[-116.89912894304665,34.31643552368633],[-116.89990855162364,34.316683780580092],[-116.90073028746363,34.316664645838628],[-116.90119833515065,34.316436693972143],[-116.90176097227075,34.316034372171764],[-116.90229871015103,34.315495233948447],[-116.90255913705137,34.314880120369004],[-116.90256028541323,34.314264460964154],[-116.90233682665222,34.312623498399979],[-116.90241675308796,34.311561666086639],[-116.90271905717687,34.310788184856939],[-116.90217961556027,34.309940345955212],[-116.90128690735301,34.309227171642235],[-116.90072730360906,34.308468915261145],[-116.90053716278071,34.307250964326677],[-116.90070252770647,34.306288932516175],[-116.90102898361852,34.305256310056414],[-116.90170637809223,34.304129508229842],[-116.90218728782055,34.303401456711796],[-116.90247676996557,34.302590429782029],[-116.90278473755548,34.301871223277132],[-116.90311755570904,34.301262569356112],[-116.90359748509705,34.300584622687914],[-116.90398557293098,34.299814323439989],[-116.90408333480278,34.298927919522498],[-116.90351638573516,34.297727656047627],[-116.90232192974709,34.29678735040045],[-116.90159754578823,34.296323901185225],[-116.90083068270827,34.295732479131459],[-116.90027944967493,34.295238758356703],[-116.89994155307973,34.294735328982938],[-116.89983086458305,34.294045337488981],[-116.89985719898795,34.293127980311688],[-116.89852422745139,34.291034175558643],[-116.89862333010925,34.290588548842571],[-116.89922875082739,34.289493330336661],[-116.89940103935196,34.288984018212496],[-116.89946640561462,34.288093071515085],[-116.89946834420938,34.287466427787351],[-116.89926576962469,34.286677277073288],[-116.89921479877768,34.286066371156437],[-116.89925095384251,34.28532231442783],[-116.89943449787543,34.284492338742943],[-116.89944971950636,34.283804888424477],[-116.89938914280958,34.283385654194504],[-116.89912794221142,34.283118743144946],[-116.90025885347265,34.282364930115683],[-116.90069918433224,34.28216411180437],[-116.90113088498639,34.282103707323103],[-116.90169929325253,34.282185904295154],[-116.90228360293919,34.28217469552942],[-116.9028882046248,34.282080061591124],[-116.90507881266282,34.28185202049486],[-116.90652953364929,34.281497087061993],[-116.90716092861881,34.281394421111308],[-116.90812710662411,34.281527669752734],[-116.90964319766105,34.28166902904487],[-116.90999622234943,34.282063480490358],[-116.91015472926937,34.283121121871034],[-116.91017631534208,34.283539885328018],[-116.91033857763384,34.283784352291249],[-116.9106208788661,34.283955997419248],[-116.91154054365767,34.284141476894639],[-116.91268958286913,34.284532117117969],[-116.91346662581834,34.284864199557674],[-116.91405712777032,34.284911713322366],[-116.91454156735546,34.284805886174809],[-116.9150550741477,34.284634894460218],[-116.91605700602194,34.28408317484422],[-116.91708162306323,34.283784232669433],[-116.91794318402312,34.2833295595332],[-116.91870511851812,34.283379975627945],[-116.91985848327758,34.283903385986441],[-116.92062473062593,34.284129734306561],[-116.92139573538864,34.284538276362738],[-116.92257584523888,34.285038961736802],[-116.92364142311588,34.285168567820385],[-116.92453247469551,34.285513523525516],[-116.92570377192712,34.286161880394822],[-116.92704930171662,34.286750958448295],[-116.92826050500391,34.287466012146709],[-116.92946639702872,34.28803944920427],[-116.93004810927937,34.288148083919843],[-116.93040535128802,34.28826390725974],[-116.93086147457394,34.288361000704285],[-116.93142374046293,34.288437545171156],[-116.93254454364123,34.288963583965014],[-116.93325138182318,34.289173622903142],[-116.93449645855962,34.289300870461339],[-116.93601635905826,34.28968964041205],[-116.93714094848582,34.290424838518405],[-116.937778528032,34.290914488014508],[-116.93834888631885,34.291419525124375],[-116.93908420032572,34.291972930398039],[-116.93948649228491,34.292162359419841],[-116.93996175671879,34.29226611450607],[-116.94065807441616,34.292311798129191],[-116.94159111889405,34.292463020472617],[-116.94264264346714,34.292179234633196],[-116.94510983632688,34.291096404624419],[-116.94565988235409,34.291120972322879],[-116.9463487508179,34.291750853348347],[-116.94710926670516,34.292373355031714],[-116.94790879225511,34.292639313625799],[-116.94885070135646,34.292623899262146],[-116.94999375189482,34.29244140071301],[-116.95130381328461,34.292602607223117],[-116.95274011721013,34.293407383553408],[-116.95318909199051,34.29357715869957],[-116.95383824792476,34.293577552081409],[-116.95449726101148,34.293367735043681],[-116.95600054653727,34.292505253903251],[-116.95660063019497,34.292246209701688],[-116.95815583656211,34.29203429455432],[-116.95876887742602,34.292256061005226],[-116.95941202774007,34.2928063051991],[-116.95996544988206,34.293112959447619],[-116.9612298892866,34.293304415982625],[-116.96252587317392,34.293576142173627],[-116.96341547499151,34.294018233531979],[-116.96414330557566,34.294144942286707],[-116.96503550547551,34.293921519736557],[-116.96583443208544,34.293615318745815],[-116.96664671057543,34.29338525537905],[-116.96721176883901,34.293302196003161],[-116.96876086448289,34.293503635786742],[-116.96937171614279,34.293413599820262],[-116.96972588889633,34.293223494814043],[-116.97037768020428,34.29250252445118],[-116.97059535430408,34.292125918247805],[-116.97065519491858,34.291560271772347],[-116.97024577357703,34.290901887028255],[-116.96864747318119,34.289846203131908],[-116.96813679681931,34.289330218239137],[-116.96801112407184,34.28866949142887],[-116.96812906993271,34.287812608253368],[-116.96860629943153,34.287276078456983],[-116.96918195372483,34.286890947412651],[-116.96960089937122,34.286261842508559],[-116.97010182892363,34.284827877111816],[-116.97066106546471,34.284162765342394],[-116.97155343000935,34.283879002158237],[-116.97338264465245,34.283399133978094],[-116.97433654055081,34.282962557047952],[-116.97527469450827,34.282105722606516],[-116.97611866658242,34.281445278870351],[-116.97657000456145,34.280872258422903],[-116.9768562917786,34.280263861700654],[-116.97683045425518,34.279637324053724],[-116.97640812040328,34.279005924311811],[-116.97640000457116,34.278536826304602],[-116.97665206799239,34.278005011515013],[-116.97691918100956,34.277303381504765],[-116.97710881489789,34.276496855860792],[-116.97747692213666,34.275685190495942],[-116.97816159027457,34.274952074316211],[-116.97856391849322,34.274575808813893],[-116.97897978994003,34.274217111578238],[-116.98067719565778,34.273173732285414],[-116.98208613266674,34.272822396310715],[-116.98264685852929,34.272600791588552],[-116.98340722322284,34.271672375256934],[-116.98389456353883,34.271406554570142],[-116.98453879515564,34.271237893914062],[-116.98492100136585,34.270942238592887],[-116.98536232932413,34.270653774968217],[-116.98643434214,34.26970004491659],[-116.98729696172936,34.269087099897128],[-116.98828573975018,34.269028356289049],[-116.98854745050375,34.268782771295058],[-116.98876608811976,34.268261883654844],[-116.98881267846448,34.26772742904663],[-116.98897814062812,34.267184565927181],[-116.98918985967126,34.266674464037813],[-116.98919009359261,34.266074815373123],[-116.98892416716639,34.26558794763698],[-116.98884404827167,34.265125941221115],[-116.9890363261669,34.264582934201762],[-116.99014068040435,34.263721026922603],[-116.99057080420474,34.263218394282717],[-116.990684120258,34.262670477590454],[-116.99097683278553,34.261978494914295],[-116.99137734815002,34.261282056512769],[-116.99162890931552,34.260218160025069],[-116.99213845295378,34.259760143176358],[-116.9932373466555,34.25929568448101],[-116.99392559388859,34.258887443747092],[-116.99521041049553,34.257875238167507],[-116.99585134501518,34.257451964144074],[-116.99644406956082,34.257242122029147],[-116.99696100376127,34.257246704782297],[-116.99746702775248,34.257084162746011],[-116.99802078418188,34.256836371397291],[-116.99859797419245,34.256720792875036],[-116.9991168829977,34.256558619201826],[-116.99978200635491,34.256443646446456],[-117.00043168179882,34.256191050408191],[-117.00203544201041,34.255697477522268],[-117.00262771758308,34.255586780991194],[-117.00337051713915,34.255562045710207],[-117.00397880375294,34.255681701383423],[-117.00448489226677,34.256060191300605],[-117.00486969032302,34.256592434298824],[-117.00531029088162,34.256898748892809],[-117.00565338121298,34.257018771971552],[-117.00593753702896,34.257054957783126],[-117.00638983761083,34.257018356775149],[-117.00730159291459,34.256757079536378],[-117.00813104467296,34.256659901459514],[-117.00903952967353,34.256716091316754],[-117.00980723462914,34.256813722207291],[-117.01096148286841,34.256772913895944],[-117.01280139618089,34.256558450590646],[-117.01400163834219,34.256567291811464],[-117.01473985617288,34.256413589294873],[-117.0154909484897,34.256206090497201],[-117.01633053182555,34.255922283062688],[-117.01676296009673,34.255836109464937],[-117.01777634051874,34.255901452259593],[-117.01877624103938,34.256009573986837],[-117.02054901037988,34.256392297867599],[-117.02140806762546,34.256112618221998],[-117.02252132780299,34.25561218982822],[-117.02294340926828,34.255251796312216],[-117.02342503407492,34.254897182298016],[-117.02429390930888,34.254394299948274],[-117.0250076450215,34.254051360021656],[-117.02602615901193,34.253773842605071],[-117.02681811131177,34.253516918288923],[-117.02723856130672,34.253261859982736],[-117.02770818286768,34.252846600925004],[-117.02810894514383,34.252591857984633],[-117.02860306803134,34.252309976697894],[-117.02898986060707,34.25213688099732],[-117.02931132644085,34.251886571216609],[-117.02927657571841,34.251485237831247],[-117.02887109848052,34.251056234539682],[-117.02869721846406,34.250653256409578],[-117.02864043866853,34.250287415948883],[-117.02868917574054,34.249886573547776],[-117.02886285841015,34.249602538641952],[-117.02969988401459,34.249076809786878],[-117.03027206243243,34.248506420936344],[-117.03080952559681,34.248172378258786],[-117.03146577750398,34.247937803208075],[-117.03230150185469,34.247698045992202],[-117.03270574758656,34.247520312735055],[-117.03307800774297,34.247190701323177],[-117.03330521748499,34.246746865919754],[-117.03338577573069,34.246338684852383],[-117.03336789221206,34.245921445351648],[-117.0332188979927,34.245326096222925],[-117.03334706516152,34.244717929332083],[-117.03401146395673,34.244329421314951],[-117.03468106530694,34.244145055545609],[-117.0351708565715,34.243975463276243],[-117.03550907254878,34.243756263310594],[-117.0355243598589,34.243531226858813],[-117.03500377759018,34.242841408814868],[-117.03483404764519,34.242417694797545],[-117.03453312583272,34.24149351768812],[-117.03446892541083,34.241152840443675],[-117.03404350628523,34.24007323509398],[-117.03321475620133,34.238806448001448],[-117.03243764406554,34.238007950073154],[-117.03149316533006,34.237471361362616],[-117.02947540335055,34.237113977158558],[-117.02891410974033,34.236732454764237],[-117.02830310979299,34.235653364742213],[-117.02795673721037,34.234848000010885],[-117.02749711963585,34.233985001690151],[-117.02687138239226,34.233387082578645],[-117.02628327077986,34.233024588399374],[-117.02580184639932,34.232659237791772],[-117.02485161738812,34.232134017823874],[-117.02422424689154,34.231723709866053],[-117.02372367151304,34.231201169007868],[-117.02315151523013,34.230453002116469],[-117.02240062420766,34.229630028467525],[-117.0222105669943,34.229163484065012],[-117.02221411766604,34.228387222381279],[-117.02193439522497,34.227249059536518],[-117.02153289793219,34.226692191300842],[-117.02107787788263,34.226410630061018],[-117.02068255501776,34.226094556999165],[-117.02064500452525,34.225589437901832],[-117.0209437519263,34.225183275007744],[-117.02170983116007,34.224311667701983],[-117.02237306065577,34.224094519296855],[-117.02356997955684,34.224322143048539],[-117.02394720921752,34.224308598388809],[-117.02473573259033,34.224108240083766],[-117.02547935502977,34.223658699645704],[-117.02606871056481,34.223347745109834],[-117.02657916890749,34.223239302375106],[-117.02721509808403,34.223250233490766],[-117.027996503605,34.223121803537744],[-117.02879824132738,34.222767590774289],[-117.02945558900291,34.222417814630852],[-117.02976140694224,34.222138041607892],[-117.03040507428238,34.221656024008361],[-117.03112169409448,34.221317623786184],[-117.03165257922879,34.22111698057482],[-117.03229711608383,34.220413192525797],[-117.03269118274162,34.219700063768634],[-117.03313095511091,34.219125357363303],[-117.03374105755036,34.218785021411911],[-117.0342524127155,34.21843508009129],[-117.03485683805859,34.217876206001201],[-117.03566031734763,34.217357144681415],[-117.03613812656734,34.216869918486211],[-117.0362145019261,34.216193625002269],[-117.03601520867743,34.214707862795215],[-117.03607046282373,34.214196142809435],[-117.03605288048072,34.213734094015429],[-117.03561166350461,34.213375452443806],[-117.03497713707975,34.213005323154022],[-117.03466168046921,34.212613876238805],[-117.03463158870028,34.211971141100697],[-117.0346869973062,34.21145491790579],[-117.03483352869166,34.211141423296326],[-117.03518032378182,34.210636426485834],[-117.03534016650407,34.210203233582192],[-117.03537544858689,34.209752417903765],[-117.03527208954908,34.209235725616132],[-117.03509566342439,34.208766721848043],[-117.03471519191832,34.208083890989023],[-117.03463105320563,34.207659853035764],[-117.03464541115902,34.207314740484513],[-117.03455614686345,34.206512671170515],[-117.03460454851984,34.206092630553592],[-117.03471812413486,34.205752921241412],[-117.03495174783933,34.20531542017045],[-117.03545091068297,34.204863984800987],[-117.03578836688364,34.204606733426132],[-117.03622768207923,34.204158246239373],[-117.03670583331134,34.203740629033796],[-117.03768777183768,34.203244799912717],[-117.03838996811611,34.202987146519298],[-117.03883519824137,34.20261544620918],[-117.03913508913826,34.202265053105698],[-117.03927559310419,34.201875581755324],[-117.03940232207454,34.201654276326764],[-117.04027674700207,34.201173956071209],[-117.04109802350449,34.200988686408429],[-117.04162857898643,34.200918467014262],[-117.04200586524955,34.20078312352436],[-117.04243767320951,34.200388511280202],[-117.04283701057196,34.199928268895967],[-117.04387838642707,34.19926540333617],[-117.0443745771382,34.1992069504361],[-117.04481174298967,34.199093740970028],[-117.04512385101947,34.198967687930292],[-117.04560840540351,34.198495809673972],[-117.04613314195493,34.198200252752301],[-117.04662965114692,34.198069661014713],[-117.04709903278206,34.19812044471108],[-117.04735630519839,34.198298433208969],[-117.0479060535218,34.198195420182131],[-117.04803920402701,34.198064729235632],[-117.04829183604402,34.197697021809901],[-117.04847263160671,34.197272235166011],[-117.0487390456239,34.196889665116984],[-117.04911725421948,34.196674871263305],[-117.04927583061585,34.196616696787487],[-117.04959300316952,34.196781011584918],[-117.04989613817041,34.197012612132177],[-117.05035851596817,34.197212813697782],[-117.05082828767188,34.197197900316219],[-117.05203491738453,34.196658427001452],[-117.05263091391403,34.196488973683003],[-117.0532139384363,34.196402862411354],[-117.0541274597684,34.196361645468279],[-117.05566094169984,34.196751237825218],[-117.0564990366412,34.197039728231488],[-117.05704145947692,34.197077949982756],[-117.05758422736476,34.197052222254733],[-117.05868359125196,34.196857949162968],[-117.0592123286501,34.196799440179909],[-117.05979573017497,34.196794750410618],[-117.06020666572984,34.196719664038028],[-117.06124010849005,34.196227768865917],[-117.06151175898242,34.196167152467517],[-117.06180279502989,34.196250164016945],[-117.06258131145317,34.196626424924908],[-117.06300411155087,34.196788065078579],[-117.06429812736963,34.197605915867022],[-117.06515063908928,34.197799176055184],[-117.06605877273884,34.19752862614105],[-117.06664835116283,34.197293816289005],[-117.06755682362038,34.196767939592519],[-117.06899521277865,34.1961601511127],[-117.06947887954188,34.196090575043826],[-117.07024595587843,34.196191422814145],[-117.07128366044014,34.196486073669881],[-117.07200376328007,34.196655033520855],[-117.07253400612724,34.196555077478926],[-117.07290474506708,34.196420314703289],[-117.07378696445514,34.195878497960017],[-117.07427007749786,34.195851161325464],[-117.07467906697885,34.196001415136536],[-117.07508784274103,34.196275953122175],[-117.07579459455475,34.196923612214661],[-117.07611711100284,34.197155619315552],[-117.07654027251235,34.197253816384119],[-117.07693183355646,34.197024038188637],[-117.07727739532095,34.196552162658492],[-117.07785446623487,34.196324307231947],[-117.07827822355523,34.196022362558161],[-117.07865031787296,34.195859710594434],[-117.07954349354254,34.195689545018908],[-117.07981634267978,34.195531403944777],[-117.07996878787868,34.195290139742113],[-117.08002530843397,34.19443405102934],[-117.08026978920435,34.19281713293605],[-117.08070912925839,34.192185309505845],[-117.08115898995005,34.192176245049133],[-117.08199162797851,34.192383240905819],[-117.08254087974889,34.192382918155189],[-117.08290520043914,34.192300944565581],[-117.08326244530492,34.192181298378138],[-117.08360672271404,34.192183616434768],[-117.08439829600931,34.192766611070944],[-117.08477448829686,34.192868379919737],[-117.08521906846487,34.192791238294973],[-117.08563577509172,34.192678459566501],[-117.08597287112848,34.192754718480515],[-117.08632914897642,34.192954889369595],[-117.0866005608468,34.192981543972451],[-117.08701834944226,34.192811850337712],[-117.08744543978058,34.192885877675835],[-117.08768584071241,34.19307350119778],[-117.08764445939981,34.193348323115401],[-117.08733177248058,34.193785850027957],[-117.08752983552576,34.194007353160806],[-117.08782684771423,34.194223181489733],[-117.0880242072859,34.194464371198556],[-117.08819509843561,34.194833922184706],[-117.08847755089273,34.195241575193918],[-117.08872833382202,34.195478789180932],[-117.0890589051658,34.195667564593684],[-117.08926953711995,34.195843435912273],[-117.08962421361636,34.196288996062016],[-117.090111417664,34.197059741661327],[-117.09032880683593,34.197346517759854],[-117.09070505797777,34.197540127698204],[-117.09109410796393,34.198001776180952],[-117.09241325462413,34.199056349641893],[-117.0927021478513,34.199704810813429],[-117.09275367379909,34.200156153046002],[-117.09318427975623,34.201671085389378],[-117.09317570631214,34.202252516931033],[-117.09276116794814,34.203307984724134],[-117.09269944507282,34.203977372376436],[-117.09292231954218,34.204622152627266],[-117.09313152892729,34.205039742039602],[-117.09402976858765,34.205708239464101],[-117.09467818715106,34.205698543176318],[-117.0954724238188,34.205360039619244],[-117.09601691927548,34.205205930914303],[-117.0965993605145,34.205219070275383],[-117.09722055404337,34.205331257044307],[-117.09761748206165,34.205342479349817],[-117.09796788559916,34.205298978683096],[-117.09828538872686,34.205190667532271],[-117.09869752151315,34.204944996185603],[-117.09910900105722,34.204615610130084],[-117.09937382927578,34.204472714703797],[-117.09989051699472,34.204474876707707],[-117.10031964637251,34.204679657697319],[-117.10132917882326,34.205423318450862],[-117.10195051949441,34.205798668799972],[-117.10238641257085,34.205838768910304],[-117.10266448074356,34.205751144196142],[-117.10375852309818,34.205138689243689],[-117.10464038483467,34.204842643592855],[-117.10543408922558,34.204896297576809],[-117.10609550185575,34.205013112606153],[-117.10682886444549,34.205350979866729],[-117.10723680747195,34.205652430214684],[-117.107791395105,34.206193152842225],[-117.10841212961839,34.206503647807665],[-117.10893470256873,34.206724299667769],[-117.10921148864681,34.206994791589061],[-117.10943478563867,34.207363691013647],[-117.11001647342165,34.207638227929344],[-117.11139844697793,34.207934738259027],[-117.11219117443225,34.208292945405873],[-117.11278652913414,34.208371131649081],[-117.1134681437406,34.208344992963156],[-117.11424315848572,34.208353899923765],[-117.11479848141167,34.20840315857302],[-117.11534650185648,34.208680214271823],[-117.11575606067824,34.209060271386633],[-117.11596489153757,34.209667172115225],[-117.11585380020914,34.211135040764468],[-117.11605143660866,34.211547524660638],[-117.11634080468632,34.2119479394416],[-117.1170208093003,34.212504466987816],[-117.11727009572967,34.212896830142085],[-117.11742144363414,34.213304447913806],[-117.11767119413543,34.213693977452778],[-117.11867636829993,34.21405388051555],[-117.11922447613176,34.214385267003451],[-117.11927606142689,34.214793207283421],[-117.11919529225108,34.21524822328832],[-117.11943438667946,34.216902747753544],[-117.11999530762581,34.217274785471851],[-117.12035934797514,34.217350749247551],[-117.12097563997659,34.217127344695911],[-117.12221589081682,34.216442579941614],[-117.12347421775409,34.216209438192969],[-117.12412307184123,34.215836917876622],[-117.1243562400324,34.215548050567918],[-117.12472260647907,34.214882678962766],[-117.12527289753825,34.214421425384032],[-117.12574303942814,34.214268165937334],[-117.12683795227311,34.214113680884445],[-117.12720173549856,34.214112976410902],[-117.12764818115865,34.214376701374249],[-117.12788586314267,34.214829043608901],[-117.1278819147624,34.215913542981973],[-117.12754763382463,34.216955655712582],[-117.12751317369398,34.217454408437483],[-117.12787463041015,34.218020040984428],[-117.12869844000733,34.218684359427783],[-117.12906783651192,34.219154654667378],[-117.12921316132369,34.219608047810262],[-117.12934024057179,34.220320246026205],[-117.12937089329327,34.221359698888243],[-117.12929271066002,34.221688520965522],[-117.12909317269759,34.222153534948205],[-117.12905157110472,34.222698883517722],[-117.12952182004237,34.223084083569837],[-117.13010077085958,34.223354506546052],[-117.13062190852079,34.223479464630522],[-117.13121648515602,34.223553874068202],[-117.13213786660654,34.223927001427903],[-117.13248333531607,34.224309902703666],[-117.13282552160618,34.224847698086371],[-117.13320114352202,34.225353090562706],[-117.13356065934326,34.2256858878118],[-117.13393874386857,34.226095807707573],[-117.13401994180644,34.226400765380305],[-117.13394019741204,34.226829051059752],[-117.13370447091242,34.227430650504665],[-117.1330479832253,34.2283654693058],[-117.13307643941039,34.228655861347569],[-117.13334498217068,34.228859004429225],[-117.13422741441272,34.22914803039648],[-117.1346069808873,34.229461602826198],[-117.13478577387181,34.229826792280022],[-117.13531067642199,34.230624434033651],[-117.13556651168938,34.231176393043548],[-117.13588227795118,34.231723372679426],[-117.13635219992217,34.23217615732861],[-117.13678713934823,34.232311627577864],[-117.1371900620647,34.232375822575122],[-117.13763783259002,34.232513291763269],[-117.13817979084965,34.233020006993563],[-117.1384791563473,34.234196055372315],[-117.13906736344411,34.234691532845623],[-117.14015382326407,34.234654802198008],[-117.14052218078552,34.234437751609136],[-117.1411651359645,34.23357553989257],[-117.14153521073743,34.233189758029226],[-117.14197101509137,34.232853505681376],[-117.14269775398861,34.232552437456569],[-117.14348298371009,34.232342172135844],[-117.14430492997246,34.232288904012734],[-117.14560382467002,34.232655014378523],[-117.14688887473719,34.233065860159478],[-117.14724903634738,34.233318330569823],[-117.14785425914211,34.23364453024918],[-117.14828361829385,34.233729087365404],[-117.14865840693787,34.233839611165934],[-117.14905253010848,34.234053182556117],[-117.15018081846527,34.234360888429009],[-117.15107995007453,34.234492395462553],[-117.15168856821316,34.234510388424191],[-117.15312124860142,34.234867079997976],[-117.15354475274428,34.234897362570216],[-117.15421499476574,34.234806999679911],[-117.15462169932776,34.234612282192096],[-117.15502349174579,34.234314044043096],[-117.15571682842976,34.234063344861184],[-117.15663646448921,34.234134156147668],[-117.15722613447456,34.23407500964705],[-117.15791307006549,34.23379002934],[-117.15844439866621,34.23369677454675],[-117.15886277660555,34.233657584812249],[-117.15968347898922,34.233672650677207],[-117.16035197657376,34.233718864467491],[-117.16149805207169,34.233713293712704],[-117.16208362900358,34.233527503170748],[-117.16313182824788,34.233011677782478],[-117.16413443709632,34.232437813536045],[-117.16481209379485,34.231895593383257],[-117.16537383290752,34.231527460318553],[-117.16597991224639,34.231346665027175],[-117.1672698617287,34.23138318630533],[-117.16806907830392,34.231149702968644],[-117.16924862014579,34.231085144807295],[-117.16976623538517,34.231882437517541],[-117.17006541681651,34.232231659407915],[-117.17107113590193,34.232777889064351],[-117.17171320774894,34.233223800320253],[-117.17220753014372,34.23376353492398],[-117.17256421379037,34.234265491310303],[-117.17323221143936,34.234813196575409],[-117.17365973715644,34.234972550609044],[-117.1743343719634,34.235061400122689],[-117.17492121036538,34.235232023560577],[-117.17627810603179,34.236161936579087],[-117.1769258949364,34.236243606039416],[-117.17822573772112,34.235703193830396],[-117.17886850907473,34.235682163460254],[-117.18019596064023,34.235948544482603],[-117.18094195654635,34.236134627420746],[-117.18147571386341,34.236304755223671],[-117.18208439512907,34.236382899830943],[-117.18258200559795,34.236287851559972],[-117.18300889126628,34.236077466717461],[-117.18329585402861,34.235916886589749],[-117.1846082817969,34.2349996760571],[-117.18550645064109,34.234756656375936],[-117.18608872055961,34.234845966092763],[-117.18683428153564,34.235045517659387],[-117.18748290218866,34.235069679066072],[-117.18820482980848,34.235050546308678],[-117.18933950824906,34.234874778971836],[-117.19037714872823,34.234654895906885],[-117.19088269500467,34.234488965318462],[-117.19199162498705,34.234306887477793],[-117.19309323699186,34.23417702781137],[-117.19367782652206,34.234045456021022],[-117.19505077827205,34.233526355953515],[-117.195749071587,34.233313561764554],[-117.19622601291188,34.233339938576293],[-117.19649173036686,34.233321958571857],[-117.19699104023935,34.233149384714935],[-117.19815191578327,34.232541330607418],[-117.19861409822009,34.232219900973966],[-117.19927460346526,34.23188078705352],[-117.19950721134164,34.231844222803794],[-117.19971267977343,34.231868985447953],[-117.20012076976718,34.232032287612],[-117.20059631606416,34.232127068553623],[-117.20115902891902,34.2320938120939],[-117.20228456589788,34.231686913760377],[-117.20287514066851,34.231633759712082],[-117.20337222924421,34.231671292815392],[-117.20370369550838,34.231636864749632],[-117.20422530448411,34.23171924113548],[-117.20461377499205,34.231880920115685],[-117.20518106038503,34.232058240125582],[-117.205645071795,34.232018870388302],[-117.20609731020178,34.231885694955615],[-117.20753948719376,34.231554100972374],[-117.20843606943686,34.231414591777856],[-117.20882854216451,34.231310617493961],[-117.21035273130005,34.230780647534097],[-117.21103976349909,34.230486379636666],[-117.21153345352251,34.230221733446577],[-117.21229255439621,34.229947205020764],[-117.2130418501073,34.229950006199694],[-117.21382544786418,34.23024417711963],[-117.2146801448781,34.230643749432602],[-117.21564919122416,34.230939864856353],[-117.21626462834381,34.230984457106118],[-117.21684890021329,34.230893312970643],[-117.21730877017752,34.23075490583556],[-117.21766178036899,34.230571326730995],[-117.21819131872522,34.230151445208712],[-117.21879940945506,34.22978952146876],[-117.22011831290938,34.229313053115369],[-117.22134485427183,34.228781045054546],[-117.22197093029055,34.228552835224619],[-117.22291563009389,34.228307295676508],[-117.2239547427419,34.228314527138487],[-117.2244819065582,34.228489649357712],[-117.22503688715339,34.228578651637996],[-117.2255420487739,34.228482751957323],[-117.2261213142192,34.228254489977608],[-117.22699288174464,34.227993326871868],[-117.22750884204331,34.228019395043553],[-117.22775996015855,34.228077902102264],[-117.22902576522412,34.228090610796187],[-117.22931576701073,34.228153437628372],[-117.22964371798039,34.228338086152917],[-117.22994265915699,34.228759271346128],[-117.23047749917316,34.229734214162043],[-117.23125756327131,34.230776557782995],[-117.23175529502457,34.231138607790221],[-117.23236970819265,34.23127071230136],[-117.23318910025768,34.231350036291317],[-117.23424332044307,34.231758800263336],[-117.23517283653636,34.232042802245495],[-117.23587394208147,34.232088808974595],[-117.23655298442586,34.231864332701221],[-117.2371078620515,34.231561337654874],[-117.23767659121191,34.231138623713861],[-117.23801233146912,34.230822140998619],[-117.23867894236491,34.230086214127084],[-117.23915638553031,34.229634526420114],[-117.23967037399886,34.229349402855661],[-117.240436355246,34.229059381014451],[-117.24098924387432,34.228812106659142],[-117.24150351598803,34.228513464170561],[-117.24210368859586,34.228277465183119],[-117.24299869853353,34.228183556592619],[-117.24364075618772,34.228204416267928],[-117.24424881047005,34.228271522908805],[-117.24495142796668,34.228274114725444],[-117.24548817034137,34.228234640269271],[-117.24600524023236,34.228263458371352],[-117.24664508431678,34.228444870233666],[-117.24700664942614,34.228601230588971],[-117.2477867631134,34.228687683848712],[-117.2486116264928,34.22891607336166],[-117.24980413386592,34.228855503737151],[-117.25060426020003,34.228894498960351],[-117.25088299164068,34.228934746831051],[-117.25162175676607,34.228680060730973],[-117.25224594540862,34.228503200256661],[-117.25320016788287,34.228356548595627],[-117.25378894556805,34.22841665861727],[-117.25541999974992,34.228733712958551],[-117.2558971200496,34.228720677630569],[-117.25630937113004,34.228515321870255],[-117.25676932846127,34.228220643400476],[-117.25741464951309,34.227962825281274],[-117.25801201546695,34.227868998069987],[-117.26026822293782,34.22794769171076],[-117.26082992837837,34.228034150676507],[-117.26147850087186,34.228028862294408],[-117.26215591811841,34.227819708322386],[-117.26322062744435,34.227402577162501],[-117.26396295587413,34.227322036897277],[-117.26460477287473,34.227320225360977],[-117.26510184533068,34.227235776649181],[-117.26592130939939,34.226781185610228],[-117.26645922552387,34.226648957643853],[-117.26719858393612,34.226781078191756],[-117.26778636787428,34.226961955702102],[-117.26849607187272,34.227380198112229],[-117.268829016787,34.227771380848814],[-117.26897668396666,34.228147419557089],[-117.26901322328347,34.2284384943978],[-117.26908970632088,34.228709140494807],[-117.26945578697843,34.229113522775762],[-117.26994160927207,34.229480454943122],[-117.27062487546814,34.229913543306672],[-117.27142899953954,34.230277109017415],[-117.27220012843568,34.23052631190599],[-117.27292480700824,34.23083301220872],[-117.27349813859757,34.231113822766389],[-117.27403846803652,34.231319459632616],[-117.27533962520097,34.231566946782124],[-117.27610457805855,34.231808920819319],[-117.27682842410152,34.2322336308685],[-117.27744744475385,34.232518908222119],[-117.27858132590431,34.232928306699662],[-117.27929475134158,34.233055499202393],[-117.27965834078745,34.233063036882278],[-117.28037903739698,34.233172354183075],[-117.28103512661943,34.23310767129248],[-117.28156634968096,34.232977761564392],[-117.28226051380608,34.233034858775412],[-117.28332919673147,34.233411116622058],[-117.28456713126366,34.234046667674498],[-117.28573691931227,34.234237633990617],[-117.28607867914015,34.234371993936037],[-117.2866248998525,34.234723112584568],[-117.28719138742949,34.234923951497244],[-117.28799127786738,34.235035101600943],[-117.28847912215666,34.235248727988882],[-117.28891237448791,34.23559883238223],[-117.28924418652731,34.236055846475914],[-117.28943698407528,34.236607614584749],[-117.28966169340279,34.237809355229345],[-117.28993649137308,34.238157668643375],[-117.29033315086585,34.238215833781901],[-117.29071746691906,34.238124073282435],[-117.29171467311048,34.237775250864296],[-117.29225057368163,34.237796123548463],[-117.29328711648068,34.238035148889715],[-117.29428369873287,34.238305034805002],[-117.29497929043542,34.238321516775684],[-117.29549114197101,34.238094727423473],[-117.29609126610657,34.237698678969139],[-117.29714656958677,34.237426139613767],[-117.29828541954879,34.237472815917464],[-117.29866976565367,34.237415413550735],[-117.29886994147056,34.237279289800142],[-117.29905203977096,34.236972517151045],[-117.29922185033914,34.236584313219232],[-117.2997997479185,34.235757753554118],[-117.30039961788361,34.235432124840422],[-117.30192156323393,34.235515725725755],[-117.30261671189072,34.235455516770656],[-117.30319247893324,34.235480973567597],[-117.30382738234539,34.235589795200887],[-117.3046053701058,34.235865139631677],[-117.3051915238826,34.236127788819616],[-117.30614293490638,34.236355658160186],[-117.30674699671776,34.236189587583141],[-117.30728349364583,34.235588261990877],[-117.30757256195068,34.235140590951055],[-117.30782079916567,34.234833683842929],[-117.30818802868865,34.23454647824218],[-117.30864744403986,34.234263438949867],[-117.30898719119209,34.234139026729927],[-117.30929828215159,34.23415790019574],[-117.30953504995911,34.234286335244022],[-117.31026029732053,34.234517003091767],[-117.31051736320951,34.23465101084637],[-117.31114563996906,34.235305974149448],[-117.31151298972613,34.235615844147233],[-117.31196056800826,34.235867309915434],[-117.3128042774682,34.236192599993501],[-117.31352213926543,34.23651071218157],[-117.31424794449811,34.236725301062258],[-117.31493024733645,34.236752077955153],[-117.31624866761965,34.236629789593607],[-117.31728754487634,34.236647187613116],[-117.31807736190497,34.236512456478984],[-117.31978440739907,34.236618225914476],[-117.32038703561891,34.236528665790679],[-117.32075162742545,34.236442546743312],[-117.32127573206856,34.236390915093772],[-117.32185723284641,34.236473010361586],[-117.32268666831312,34.236935407700656],[-117.32318373788408,34.237488910636827],[-117.32428450751111,34.238590227070219],[-117.32537520800223,34.239989963191412],[-117.32629441852454,34.240652518167622],[-117.32654269944734,34.240982925705424],[-117.3267028611794,34.241513286451649],[-117.3266843326078,34.242568640077884],[-117.32687791289869,34.243074723820619],[-117.32728377172872,34.243567457790405],[-117.32777185311745,34.244323572106737],[-117.32820300388674,34.244866492996238],[-117.32967377301209,34.246659119019306],[-117.33015171627032,34.24717437364297],[-117.33074023252516,34.247882389453743],[-117.33087498903045,34.248202817951643],[-117.3308643408172,34.248647168851271],[-117.33074798513465,34.24896988929568],[-117.33050673892235,34.249260957359539],[-117.33014649476782,34.249532882114217],[-117.32928144053156,34.250055601658154],[-117.32911767977677,34.250398908698379],[-117.32857208290602,34.251175906673716],[-117.3284554787751,34.251476071806358],[-117.3284523395571,34.251757194029679],[-117.32856029977886,34.252132209559342],[-117.32876843148055,34.252430941120927],[-117.32892259358582,34.252850154037489],[-117.32889181253697,34.253756707545925],[-117.32897171457176,34.25425251407767],[-117.32882786873283,34.255158951558975],[-117.32881636863311,34.256137785111314],[-117.32894795285051,34.256711708410748],[-117.32935388020209,34.257105249006869],[-117.33016518210873,34.257402882152505],[-117.33079341256307,34.257518462692069],[-117.33159508607855,34.257525637005237],[-117.33225763072842,34.257465314162303],[-117.33306058277826,34.256788986614019],[-117.33353932070681,34.256672808139392],[-117.33401567122355,34.256686772695531],[-117.33450066015533,34.256581723164203],[-117.33484403124358,34.256161464788448],[-117.33505555258742,34.255594706439226],[-117.33611121500813,34.253741402695439],[-117.33638198113012,34.253319463760981],[-117.33682495721644,34.252844592214792],[-117.33724412877234,34.252621939855061],[-117.33824816370266,34.252360200172745],[-117.33869929211001,34.252316628432787],[-117.33891811466926,34.252240589742257],[-117.33915183996734,34.252105438546238],[-117.33980324198214,34.251379588673728],[-117.34061877179943,34.25074857432363],[-117.34109352099046,34.250327680764244],[-117.3415002042025,34.250121599627484],[-117.34166813377065,34.249973924395256],[-117.34165275303084,34.249821409310513],[-117.34169952693308,34.249627537690536],[-117.34199643528464,34.249069233335483],[-117.34223750616847,34.248751104117865],[-117.34262621599763,34.248368770345969],[-117.34318026573344,34.247950026963551],[-117.34361603772743,34.24743073512758],[-117.34404379403124,34.247016915797062],[-117.34457025388531,34.246706545285626],[-117.34540537246062,34.245975645476548],[-117.34582460122539,34.245814084302161],[-117.34640633878081,34.245796877714319],[-117.34687785939575,34.245700788583711],[-117.34718487113457,34.245514917872015],[-117.34800215249408,34.245181410090076],[-117.34846746352548,34.245042329788312],[-117.3491495054809,34.245074507583205],[-117.34954499373927,34.245204564678723],[-117.35010867040209,34.245723422546895],[-117.35044411933644,34.245983669515475],[-117.35077946886307,34.246186152420862],[-117.35119524654807,34.246293296631578],[-117.35150558086144,34.246432081326233],[-117.35158880655335,34.246636875478515],[-117.3513181699695,34.247189609312549],[-117.35126337207384,34.247430940048098],[-117.35136495001456,34.247800984211239],[-117.35185509700041,34.248407444105069],[-117.35215259488116,34.249119600343633],[-117.35268918682296,34.249767682874968],[-117.35309832791093,34.250618237808411],[-117.35336818520854,34.251380177583741],[-117.35344204935618,34.25238268570854],[-117.35343919965585,34.253174348161224],[-117.35385593580399,34.253254192662489],[-117.35478695445845,34.252381457462377],[-117.35522489385232,34.251730589645199],[-117.35555249535732,34.251452495762216],[-117.35587897509615,34.251273239529752],[-117.35800623037041,34.251265027961061],[-117.35845644103964,34.251223019209483],[-117.35894790458875,34.251079423609852],[-117.35929923123969,34.251065020319359],[-117.36025936917866,34.251168374678137],[-117.3605901017953,34.251119939494401],[-117.36094136147928,34.251107523886134],[-117.36120552458247,34.25120181969038],[-117.36128994523824,34.251372545309792],[-117.36126389405266,34.251891212228884],[-117.36104679280474,34.252857111868231],[-117.36101535808969,34.25330805142211],[-117.36116815403484,34.253802967160674],[-117.36146193036967,34.254179433816276],[-117.36201244542313,34.254673675549661],[-117.36247274259645,34.254973679224655],[-117.36279346329039,34.255356395987505],[-117.36313509124035,34.25605202938938],[-117.3634824550052,34.256450574269024],[-117.36440154144297,34.257162376008026],[-117.36485917270015,34.257638965572845],[-117.36525413535999,34.257883640855951],[-117.36570112215745,34.258095686086222],[-117.36681113522758,34.258363900458768],[-117.3678158775955,34.258532162140177],[-117.36812595450374,34.258650321789418],[-117.3686740672817,34.258792836633951],[-117.36910464817315,34.258845872785201],[-117.3695395510784,34.258968621152789],[-117.37033681831754,34.259949153394828],[-117.37081206937067,34.260647022561294],[-117.37107754040177,34.261155518562518],[-117.37130701139309,34.261344492850746],[-117.3716327930245,34.261318752977324],[-117.37266211862679,34.261078161046989],[-117.37487611271142,34.260985964272905],[-117.37538639478834,34.260930071935],[-117.37584460316414,34.260807041435584],[-117.37667427299014,34.260428562350249],[-117.37700739403076,34.260309984747714],[-117.37739838369269,34.260313608652716],[-117.37779453401529,34.260422730955774],[-117.37822327711628,34.26059741308098],[-117.3789461615879,34.261043414179376],[-117.38000713331732,34.261446423889936],[-117.38055805114888,34.261836618725297],[-117.38073046060329,34.261849583746184],[-117.38100949448258,34.261754276066782],[-117.3821605633468,34.261511885265371],[-117.38267935056695,34.261363459980899],[-117.3834857603554,34.261029195855357],[-117.38378616315954,34.260883924017165],[-117.38624914153927,34.259250655540839],[-117.38661822118331,34.258963269906197],[-117.38689327489264,34.258696554824205],[-117.38736867872531,34.258381722596681],[-117.38761415903076,34.258385657584384],[-117.38790457024021,34.258438223080859],[-117.38830638483766,34.258606047248179],[-117.39029749233796,34.259826485085235],[-117.39095477039528,34.260189478538301],[-117.39227142009202,34.260879697100961],[-117.39380948261564,34.261743169521623],[-117.39433068453249,34.261946360253646],[-117.39481893716865,34.262033297514691],[-117.39529568018818,34.262072071615869],[-117.3958596370489,34.262066060076485],[-117.39670071024292,34.262130325612361],[-117.3973166126364,34.262135351232764],[-117.39822848299355,34.261891004721242],[-117.39873733906768,34.261980074813856],[-117.40073847303175,34.262478157784052],[-117.40109902658131,34.262745298536451],[-117.40138276864946,34.263364832258041],[-117.40162206750162,34.264671121771059],[-117.40166735435768,34.265633497510102],[-117.4017917073249,34.266242071479525],[-117.4019926360364,34.266572918698223],[-117.402292508847,34.266905443277835],[-117.40265336702203,34.267164127274185],[-117.4030783709766,34.267552470838211],[-117.40335121239089,34.267973397211563],[-117.4037634990693,34.26835692470577],[-117.40420352865661,34.268619378373955],[-117.40475659038097,34.268883549004002],[-117.40509645188708,34.269218672281532],[-117.40530537655816,34.269473045844514],[-117.40571772386744,34.269818824353202],[-117.40568912542588,34.269928909022482],[-117.40543182144282,34.270318066614607],[-117.40496822274559,34.270768198380381],[-117.40444415933946,34.271235806967141],[-117.40339921949122,34.272051676609074],[-117.40294413407507,34.272305323748377],[-117.4023287546943,34.272744940044525],[-117.40213121387363,34.273101934898698],[-117.40219912573495,34.273409996414507],[-117.40236187325452,34.273648958406788],[-117.40243541488876,34.274023104108828],[-117.40265901526914,34.274619599406222],[-117.40298192606929,34.275272416634216],[-117.40313350709735,34.275752015294835],[-117.40341201513397,34.276233372216744],[-117.40363788566751,34.27709586412432],[-117.40396840693921,34.277616438428161],[-117.40473942174972,34.277992062767872],[-117.40538287094522,34.277922719249297],[-117.40587966444761,34.27794836694445],[-117.40666085984631,34.27808784161256],[-117.40740732307476,34.278287917975121],[-117.40787928493371,34.278572774004644],[-117.40802030983509,34.278976030997335],[-117.40805931308751,34.279471955580455],[-117.40826186226514,34.279689264560631],[-117.40892048405905,34.280018917049809],[-117.40896274385061,34.28031824686353],[-117.40851891731221,34.281188355741897],[-117.4082278782182,34.28210474814739],[-117.40796374857874,34.282436825708771],[-117.40731157527318,34.283130886226829],[-117.40714892641331,34.283778886871389],[-117.40688514597488,34.284198602757236],[-117.40638040217164,34.285167895098077],[-117.40646784732712,34.285548552805793],[-117.4067542438126,34.285926672665788],[-117.40737524226927,34.286575265443979],[-117.40758890573332,34.286913676635344],[-117.4074188114331,34.287164240724039],[-117.40717731820132,34.287432904441147],[-117.40694422028909,34.287909946302641],[-117.40692472031208,34.288403394196536],[-117.40677356415698,34.289226880573075],[-117.40635582491399,34.290132483258766],[-117.40622343035444,34.290619729775521],[-117.40629697740667,34.290989341968015],[-117.40649195829435,34.291276921277166],[-117.40678187152301,34.291445786017697],[-117.40816843219362,34.291359202752943],[-117.40935322717021,34.291520197938013],[-117.41161762844507,34.292659886244024],[-117.41235387936192,34.293106506886716],[-117.41272827012814,34.293387427731524],[-117.4131099201463,34.293581747159685],[-117.41415173866709,34.294027093104525],[-117.41514758304454,34.294384347856017],[-117.41571612594279,34.294515250625679],[-117.41696236417629,34.294988864276185],[-117.41826107667261,34.295091185914963],[-117.41870006545268,34.295391308158223],[-117.41886260832612,34.295675324425837],[-117.41897051026901,34.295994425568637],[-117.41899905624044,34.296319636838916],[-117.41927779693548,34.296333816708696],[-117.41997052662404,34.296126890338087],[-117.42097128800533,34.296134267125922],[-117.4219116962812,34.296194115523804],[-117.42253644626091,34.296133539378133],[-117.42303911275415,34.296253908392814],[-117.42338790472301,34.296389694604784],[-117.42388320744028,34.296532438708098],[-117.42436158185269,34.296492777754381],[-117.42584163370199,34.295907721552545],[-117.42655908357567,34.295769796697719],[-117.42705275853704,34.296029665027781],[-117.4270612318025,34.296404016690317],[-117.42695527778467,34.296848762604846],[-117.42697005462635,34.297227742729063],[-117.42714615890772,34.297461606839761],[-117.42733721885791,34.29753437404807],[-117.42795247795958,34.297665416939545],[-117.42828349399048,34.297680197368884],[-117.42884508875751,34.29782273105144],[-117.42986769889552,34.298195356457512],[-117.43102997050173,34.298550579926442],[-117.43145134709349,34.29876291878778],[-117.43198362749636,34.299604313534125],[-117.43268795638268,34.300436035913435],[-117.43295901297449,34.300956020699999],[-117.433138341995,34.301419862575273],[-117.43312893723791,34.302076089770459],[-117.43280910282137,34.302649548023183],[-117.43226452574871,34.303248384602135],[-117.43181568328171,34.304010266384914],[-117.43170595457842,34.304707351163152],[-117.43176638920853,34.305617310187827],[-117.43166552751572,34.307674232983416],[-117.43180815257291,34.30833023510678],[-117.43202927782924,34.308685097686087],[-117.43227818544203,34.30888537508477],[-117.4328114694982,34.309199371398122],[-117.43461320805274,34.309749213547924],[-117.43559962629213,34.309935329507177],[-117.43625707077042,34.309880765149806],[-117.43678722272716,34.309890698980517],[-117.43710904025119,34.31005401062982],[-117.43762269430471,34.310372030073694],[-117.43783776229996,34.310610421058165],[-117.43803853811487,34.310954695982048],[-117.4386343468211,34.31155040354102],[-117.4389129964504,34.311975004205372],[-117.43877523687269,34.312397622054185],[-117.43857233654495,34.312655373888084],[-117.43843655543702,34.312917436121488],[-117.43841226105596,34.313230464648761],[-117.43833482878929,34.313505669705656],[-117.43811162077863,34.313849431930663],[-117.43778122958071,34.31420884866764],[-117.43689852208324,34.31477336661748],[-117.4364802475102,34.315264339649502],[-117.4361479907739,34.315784290119964],[-117.43539959761227,34.31709894991549],[-117.43534834728678,34.317466597369439],[-117.43544810032628,34.317908053905846],[-117.43558229831156,34.318261527178421],[-117.43529450380252,34.318918845427433],[-117.43480075885134,34.319623350469847],[-117.43402553905889,34.320088262903234],[-117.43308522167762,34.320416227765911],[-117.43264180465569,34.321341904920033],[-117.43237636593818,34.321812050596385],[-117.43122264969871,34.322747946154358],[-117.43076867286139,34.322931576421816],[-117.43037444475176,34.323151758460128],[-117.43005170398918,34.323446515208069],[-117.42978745427274,34.32381219458923],[-117.4292759977027,34.324853516466106],[-117.42885181966139,34.325323738957067],[-117.42878274962362,34.325508706254574],[-117.42881863680061,34.325741085770133],[-117.42903855966409,34.326128342289763],[-117.42963898249366,34.326854064014839],[-117.42977690724615,34.327421453148958],[-117.42959226668199,34.327882734818559],[-117.4293101397198,34.328061212626743],[-117.42881708315056,34.328212383224162],[-117.42846935616154,34.328438958551764],[-117.42758970275221,34.32962975841734],[-117.42671311986332,34.331129941457853],[-117.42616683597201,34.331774082235981],[-117.42589559873568,34.332217048210097],[-117.42567654320042,34.332700626732787],[-117.4256039224268,34.333122713287231],[-117.42540843054684,34.333379755966206],[-117.42503997895264,34.333641063818291],[-117.42485695832549,34.333880347422067],[-117.42474566756022,34.334259021887426],[-117.4247222746486,34.33503943139106],[-117.4244050816462,34.335857202325343],[-117.42432085760531,34.33663230745006],[-117.4247908314937,34.33719281262632],[-117.4254555394885,34.337551222765136],[-117.42740232623451,34.338308104736655],[-117.42768922766008,34.338679675749994],[-117.42806172200847,34.339591548281469],[-117.42814600028152,34.340670751100596],[-117.42825985511837,34.341013095154949],[-117.42848607846061,34.341411177857715],[-117.42889139015708,34.342349982314857],[-117.42919324632018,34.342633425537343],[-117.4297799112303,34.342885512502434],[-117.43003465485418,34.343176073509035],[-117.43012183690418,34.343534118260408],[-117.43017534734011,34.343991440732395],[-117.43010774564604,34.34453084336662],[-117.42999659638078,34.344936829124116],[-117.42996982550579,34.345452924952831],[-117.43019680709405,34.345828475270906],[-117.43111234524976,34.34626740823667],[-117.43124117536263,34.346521606993903],[-117.43144677429312,34.34705276288765],[-117.43143325295756,34.347497019163598],[-117.4313507900559,34.348189332159095],[-117.43143255349405,34.348516566099264],[-117.43242908007586,34.349405224925079],[-117.43291650808274,34.34966944738013],[-117.43369680286219,34.350286482011214],[-117.43393336618604,34.350437151870416],[-117.43405138908813,34.350554180049933],[-117.43457894635959,34.350818427489017],[-117.43514872643553,34.350856595376115],[-117.43584711259592,34.35078660627201],[-117.43633293868994,34.350631551220189],[-117.43730977108237,34.350096207208786],[-117.43775621269789,34.349914359610374],[-117.4400894056203,34.349606008596268],[-117.44072302900358,34.349384692545165],[-117.44373856608313,34.348199042363341],[-117.44445498364773,34.348210550243678],[-117.44565174208485,34.348497030156921],[-117.44657463985762,34.34844639223018],[-117.44709422572723,34.348324725648098],[-117.4478182065789,34.348265944083685],[-117.44917739283603,34.348344164964743],[-117.4497229134175,34.348260545376746],[-117.45000994033362,34.34809313364115],[-117.4509951966302,34.34739304084065],[-117.45184331256617,34.346965724120089],[-117.45246146628932,34.346889341446875],[-117.45333702376345,34.346851922165833],[-117.45399444911733,34.346870235931668],[-117.45502620980805,34.347082525350913],[-117.45551812114057,34.347005845940906],[-117.45594537039619,34.346810835281907],[-117.45637705002164,34.346778194715434],[-117.45668738375613,34.346934686336837],[-117.45695557061259,34.34721728500822],[-117.4572907515477,34.347446463115489],[-117.45763517917963,34.347526238548589],[-117.45801266627811,34.347556324882056],[-117.45846393004442,34.347527748988966],[-117.45875147273823,34.347343710265747],[-117.45912539886733,34.347215964380865],[-117.45996942292902,34.347118360671608],[-117.4609662449124,34.346929759852287],[-117.46120482686641,34.346982673649293],[-117.46120230225472,34.347197288930268],[-117.46107590337381,34.347711986702393],[-117.46110937445843,34.348153353153826],[-117.46109118377841,34.348516377956379],[-117.46096768405647,34.348766894862294],[-117.4607055417906,34.349106464073628],[-117.46069221016469,34.349586486492726],[-117.46095958598323,34.349858366335226],[-117.46149514903998,34.350082120652431],[-117.46184253414306,34.350339729809292],[-117.46173917476797,34.350608732570407],[-117.46115235495564,34.351334082236498],[-117.46115656543704,34.351471928859283],[-117.461533593331,34.351585095172318],[-117.46238157126484,34.351697449229192],[-117.46270529919593,34.351776749187756],[-117.46286818382256,34.352022081658177],[-117.4630152967806,34.352380593325847],[-117.46327127287941,34.352643185270651],[-117.4635543562554,34.352765836996205],[-117.46376426809935,34.352970502846638],[-117.46373449489545,34.353218613659479],[-117.46352882612904,34.35365662976713],[-117.46357206236733,34.353938171493475],[-117.46380899960663,34.354111052192124],[-117.4641578013713,34.354256539710953],[-117.46497996459915,34.354358737217076],[-117.46535483083136,34.35457608443302],[-117.46575796075294,34.354723897221369],[-117.46610259116471,34.354692945981377],[-117.46635165861966,34.354459552944505],[-117.4666631934236,34.354005580781198],[-117.46691779640931,34.353799357381838],[-117.46716991119804,34.35380776628768],[-117.46737455000499,34.353939360873852],[-117.46764466687475,34.354026469026508],[-117.46801568336691,34.354095261184959],[-117.46831138382407,34.35430096812911],[-117.46841564431082,34.354441028612364],[-117.46842105759683,34.354979529359213],[-117.46846402012088,34.355265290418579],[-117.46854041270979,34.355531223602895],[-117.46874193705636,34.355791488738504],[-117.46877826369561,34.35608275220229],[-117.46868098200193,34.356401466879483],[-117.46841614382029,34.356855369294628],[-117.46849683215333,34.357252114807778],[-117.46876637529331,34.357426555221046],[-117.46945450690957,34.357575307332858],[-117.47012227317934,34.357813500727467],[-117.47039324632716,34.357880052929048],[-117.47065148578146,34.357899297791604],[-117.47090230530269,34.357979490252617],[-117.471072980063,34.3581528647669],[-117.47133095681939,34.35865437192799],[-117.47165145047614,34.359004885976638],[-117.47184924125337,34.359143631315874],[-117.47212637697768,34.359251469196543],[-117.47263511166371,34.359905571575212],[-117.4727664462267,34.360017497015612],[-117.47308353715691,34.360135502088674],[-117.47412272555246,34.360325250819066],[-117.47464431547593,34.360479025236117],[-117.4750965678881,34.360416894344169],[-117.47550384059019,34.360268119678466],[-117.47608768931181,34.360246073720887],[-117.47675941537362,34.360123697850213],[-117.47712014496683,34.359969385708744],[-117.47753335880157,34.359840748671587],[-117.47799761788492,34.359843675813103],[-117.4785668492397,34.359938201680549],[-117.47965611089144,34.359854867654228],[-117.48003985614766,34.359930103580119],[-117.48068379426819,34.36040853769817],[-117.48107226238577,34.360638814049594],[-117.48165660548331,34.360670846587468],[-117.48219905995769,34.360747575595532],[-117.48251117985863,34.360750790606453],[-117.48322392673279,34.360504194363692],[-117.48347002982297,34.360494414784768],[-117.48425168954527,34.360579203424088],[-117.48472822397441,34.360676164178038],[-117.48515944820093,34.360697223067049],[-117.48585935846681,34.360511735586996],[-117.4865328245879,34.36027045895792],[-117.48738018176584,34.359896946402309],[-117.48852576750733,34.359109929614057],[-117.48899575483691,34.359108414610979],[-117.48941712476126,34.359399924410191],[-117.48981431978314,34.359501325966939],[-117.49019478540218,34.359301507782874],[-117.49054518822666,34.358957609688346],[-117.49097354322741,34.358658808206734],[-117.49146607839037,34.35849384654297],[-117.4918842574711,34.358512877181262],[-117.49229484817806,34.35859935066788],[-117.49283788280938,34.358625620304949],[-117.49326405491475,34.358532419610192],[-117.49367120280019,34.358386107620262],[-117.49406321132348,34.358303712999046],[-117.49439343540207,34.358453499327155],[-117.49479350181132,34.358837224057794],[-117.49509536898219,34.359054828559188],[-117.4953988828895,34.359227123678927],[-117.49631820028145,34.359461918845113],[-117.49665343143465,34.359656893933561],[-117.49708083835543,34.359968243470398],[-117.49746509455923,34.360027923032796],[-117.49767639275071,34.360090279226633],[-117.49776086739348,34.360234401297035],[-117.49808224431412,34.360496660856121],[-117.49839280625727,34.360580923700965],[-117.49888511998738,34.360524929602214],[-117.49974407811648,34.360333826080513],[-117.50030069990895,34.360345180595928],[-117.50061939262429,34.360414106390017],[-117.50102555096998,34.360672006641572],[-117.50150650403832,34.360802244914829],[-117.5021455309432,34.361059615148399],[-117.50269160917524,34.361643144967537],[-117.50315573854576,34.36234008978856],[-117.50370963146445,34.362881523204109],[-117.50437698239618,34.363344839665942],[-117.50500773251417,34.363656107529721],[-117.50563889890063,34.363921445764738],[-117.50617920061507,34.364104505281766],[-117.50662184395135,34.364210788926954],[-117.50694967211307,34.36440527512265],[-117.50723396200873,34.365146172259607],[-117.50747685238203,34.365650084777634],[-117.50829891604133,34.367066978754863],[-117.50869885122496,34.36731993136322],[-117.50976181080226,34.367590993166885],[-117.51014708234078,34.367893488477428],[-117.5103982719022,34.368275591563282],[-117.51073267435213,34.368504585847418],[-117.51120135758194,34.368610586498555],[-117.51222174222841,34.368648846020633],[-117.51257765920818,34.368746738798947],[-117.51271309755589,34.368935324429501],[-117.51277103899309,34.369370416069451],[-117.51275829213176,34.369740588728206],[-117.51279276236778,34.370026158962489],[-117.51305950694123,34.370293368888888],[-117.51386610926694,34.370797702504504],[-117.51415491276067,34.370915824617775],[-117.5147652582948,34.370918101639347],[-117.5157346448715,34.371189029446086],[-117.51650576515745,34.371440154466526],[-117.51695687342206,34.371451646097618],[-117.51769683819754,34.371581231560072],[-117.51801684550925,34.371508196197219],[-117.51843191006046,34.371596368251126],[-117.51861529843008,34.371747399704759],[-117.51870659075813,34.372231655159965],[-117.51884600939616,34.372537518088357],[-117.51927306618497,34.372756937677956],[-117.51998807000916,34.372820886564078],[-117.52034218881921,34.372632215808238],[-117.52098734222106,34.372183642190606],[-117.52178017893338,34.371952096016187],[-117.52202606243506,34.371917691652108],[-117.52231104216932,34.371920209116645],[-117.52269682573397,34.37186461080789],[-117.52364938939695,34.371946642082158],[-117.52406325044626,34.371793353257516],[-117.52451405504624,34.371469568376511],[-117.52543565890166,34.370706075703325],[-117.52589366067859,34.370672596116691],[-117.52772615123662,34.372010361663548],[-117.52831751526607,34.372264850289469],[-117.52882027492863,34.372364165642871],[-117.53023172743373,34.372731586226607],[-117.5312661361295,34.373120133740592],[-117.5316890748242,34.373163341990718],[-117.53211813372477,34.373255716627675],[-117.5326444549648,34.373503978622857],[-117.53311026613912,34.373779125120308],[-117.53357168825283,34.37391245832805],[-117.53412435692171,34.374117359429391],[-117.5348349929579,34.374461710610476],[-117.53565819897069,34.374750732214487],[-117.53593342006893,34.37492540598307],[-117.53606346548982,34.375114694454183],[-117.53668359180297,34.375391450609428],[-117.53691644464664,34.375566612601332],[-117.53748409448821,34.376090976065235],[-117.5379760853409,34.376188061219601],[-117.53885859124769,34.376256621967258],[-117.54130083387983,34.37734132340811],[-117.5421194440281,34.377811625664933],[-117.54236648800699,34.377914136539324],[-117.54307883760772,34.378445233816706],[-117.54340011704906,34.378750463420516],[-117.54355419989588,34.379074625861755],[-117.54356905614941,34.379294958328735],[-117.54350535190738,34.37966320265182],[-117.54374569270396,34.380989826995503],[-117.54398784973304,34.381455618603056],[-117.54445381378567,34.381727893428909],[-117.54495098699202,34.381726156873661],[-117.54538159628876,34.381564123675098],[-117.54593943881736,34.381573303267807],[-117.54658331523453,34.38165387185817],[-117.54699420635868,34.381595074448043],[-117.5477097198804,34.381362523266986],[-117.54820656290494,34.381344149660165],[-117.5487783548883,34.381429659717782],[-117.54928945255006,34.381438633772184],[-117.54966634213206,34.381319650557714],[-117.54999873865106,34.38130256555403],[-117.55104760242533,34.381479955980204],[-117.55210564780867,34.381881219452893],[-117.55253136095359,34.381978779143402],[-117.55451650182573,34.382172507504393],[-117.55531504579244,34.382489028062679],[-117.55576610937993,34.382608551609344],[-117.55637105736788,34.382716129078908],[-117.55682869523223,34.38269604974262],[-117.55725940971851,34.382633134175464],[-117.55771116242474,34.382626716795251],[-117.55826901997472,34.382669326495346],[-117.55882776764138,34.382863248616935],[-117.55934015501963,34.383142913402388],[-117.55960048606464,34.383343979256516],[-117.56027568272314,34.384200393696247],[-117.56089709071099,34.384862673559979],[-117.56167763522828,34.385343573820386],[-117.56247574205824,34.385676094666138],[-117.56296717930287,34.385723468942061],[-117.56325168922432,34.385638548356411],[-117.56382647401013,34.385279223752661],[-117.56481213756496,34.384794553257102],[-117.56614801396466,34.38403055549184],[-117.56645306247468,34.384018176294667],[-117.56817603394457,34.384703028535107],[-117.56899353480834,34.384832244030221],[-117.57103501503187,34.385460716199553],[-117.57173375060917,34.385809080697193],[-117.57205985529615,34.385890661251061],[-117.57243126473297,34.385909527088167],[-117.57278968903847,34.385864736605434],[-117.57310766964669,34.385786686532334],[-117.57333316854961,34.385774299977726],[-117.57386877640036,34.385557765377492],[-117.57419327111768,34.385373362303817],[-117.57448362477682,34.385165157170078],[-117.57600632815961,34.384657418034173],[-117.57666151894273,34.384406203241412],[-117.57703813528367,34.384156433297136],[-117.57736171127709,34.383864128948645],[-117.57759788892534,34.383576139465468],[-117.57775580845869,34.383323434881675],[-117.57793151903998,34.382918685154984],[-117.57804908847265,34.382496660823683],[-117.57810875293909,34.381549719313398],[-117.57823333211869,34.380403857315301],[-117.5784752433789,34.37989767397238],[-117.57872709245686,34.379702175199739],[-117.57910286604866,34.379513489175231],[-117.57973158788639,34.379097772659087],[-117.5803591578174,34.378819754636069],[-117.58067689482384,34.378642814706467],[-117.58172604786706,34.37782385072903],[-117.58294967538231,34.377267437456517],[-117.58338694187208,34.377166531008186],[-117.58399799894828,34.377109281988609],[-117.58467957390437,34.376881139007672],[-117.58496963432906,34.376719646310903],[-117.58516083739262,34.376477473432246],[-117.58529225672223,34.376239687675891],[-117.58562851836174,34.375990717040175],[-117.58566780933184,34.375841117873051],[-117.58555978562315,34.375677424686003],[-117.58521395679827,34.37556363630614],[-117.58494753233143,34.375421097792625],[-117.58476726652074,34.375268543546845],[-117.58440846561017,34.374868834280328],[-117.58424069824243,34.374630916079703],[-117.5841318751245,34.374383257477682],[-117.58409140486279,34.374074215926392],[-117.58407769682836,34.373707140908877],[-117.58413760148366,34.373312634959795],[-117.58449793604707,34.372386396049741],[-117.58474935521178,34.372065202924951],[-117.58510497708527,34.371822272824936],[-117.58603615799827,34.371612074170102],[-117.58659853328831,34.371334344262529],[-117.58692129659545,34.371058332773444],[-117.58735627890724,34.370782416425961],[-117.58747143458606,34.37064708104888],[-117.58757456132707,34.370439120449248],[-117.58760057747287,34.369735690714187],[-117.58772556957905,34.369385921908972],[-117.5883880403415,34.368255035985925],[-117.58838760771599,34.367915009720065],[-117.58770358634591,34.367235487369896],[-117.58698241570312,34.36638190903286],[-117.58651922567222,34.365950977373451],[-117.58618063288023,34.365569714690331],[-117.58605600749738,34.365128201252865],[-117.58628620204721,34.364860926279974],[-117.58736453346,34.364174912609315],[-117.58763541361434,34.363894147864016],[-117.58775326939036,34.36356027032113],[-117.58759451550095,34.363172944675064],[-117.58734352905459,34.362772706547076],[-117.5872494464965,34.362432659804682],[-117.58731521901562,34.361675119405817],[-117.58678211070341,34.360721853568357],[-117.58637529952141,34.359695461655541],[-117.58626852487593,34.359348960161292],[-117.58612242424125,34.358263264747357],[-117.58598017059438,34.358008694519796],[-117.58558765248921,34.35775166578162],[-117.58531951866613,34.357523182921405],[-117.5851995553482,34.357146528959674],[-117.58529187128993,34.356830427068516],[-117.58548401164543,34.356457574527852],[-117.58560247482241,34.356103142469678],[-117.58577376695905,34.355412628456513],[-117.58579529320309,34.354961492831578],[-117.58576176802423,34.354565006711518],[-117.58568205752476,34.354222452611545],[-117.58537425956901,34.353620116785017],[-117.58498728305568,34.352979238168992],[-117.58485624026422,34.352499530615546],[-117.58475198891043,34.35164543443404],[-117.58466424161774,34.351348624873815],[-117.58465062856068,34.351017619135924],[-117.58480316538798,34.3506168633103],[-117.58536341241637,34.350049230693735],[-117.58550827208039,34.349687193558687],[-117.58551743004888,34.34917972360352],[-117.58572952555329,34.348786722268891],[-117.58615292606777,34.348457611784255],[-117.58664072808017,34.348228171761853],[-117.58702871984616,34.347989294000307],[-117.58729130574083,34.347762151385091],[-117.58756253173158,34.347395742970605],[-117.58770941460052,34.346574840260615],[-117.58776043501051,34.345943186609183],[-117.58773868722817,34.345661284641537],[-117.58759076284922,34.345021796340838],[-117.58733499378052,34.344463667487389],[-117.58712241404812,34.344126763136927],[-117.58677837387074,34.343715522894456],[-117.58626455707865,34.343199854905144],[-117.58645212211667,34.343040696886618],[-117.58730620554401,34.343061250565171],[-117.58803366532321,34.343171273838649],[-117.58861613737142,34.343222440986715],[-117.58933361374199,34.343126572052959],[-117.59012614644915,34.342888327635876],[-117.59131976683693,34.342830377196414],[-117.59178132136455,34.342956450099919],[-117.59278666323704,34.343475407040529],[-117.59306822869176,34.343692065952411],[-117.59344965871698,34.343843474447816],[-117.59397837278917,34.343907015729499],[-117.59456802651248,34.343901383380569],[-117.59609241885835,34.343519620908317],[-117.59678340377438,34.343433284415354],[-117.5974823077333,34.343272189114153],[-117.5980752426979,34.343048288027639],[-117.59838367225886,34.342886314037429],[-117.59867932150907,34.342603196441694],[-117.59898520513543,34.342168752200671],[-117.59900896130223,34.341959091598866],[-117.59920384764155,34.3417758439073],[-117.60027344488306,34.341616864714965],[-117.60083687082059,34.341611813102354],[-117.60157631785337,34.341752409639554],[-117.60280663357976,34.342278526145911],[-117.60319680506343,34.342355459763439],[-117.60366097857955,34.34229024895609],[-117.60408336529284,34.342063019631297],[-117.60444585677912,34.34176579786989],[-117.60483789718407,34.341319610282959],[-117.6050767697508,34.340941478718953],[-117.6053609238395,34.340611374428576],[-117.60606113192789,34.340294171907551],[-117.60704617832717,34.340048025617001],[-117.60751485206991,34.339762025834986],[-117.60800025090435,34.339322285353489],[-117.60875143107414,34.338759361869499],[-117.6090865755241,34.338539317576021],[-117.60952120631266,34.338333740685151],[-117.61001252897768,34.33826824122545],[-117.61069548273483,34.338271806431827],[-117.61104072330109,34.338182387133699],[-117.61194128377316,34.337852459896745],[-117.61275807070413,34.337740481318107],[-117.61365366118901,34.33768453243858],[-117.61458004019651,34.337404418552332],[-117.61539625978473,34.337276346975806],[-117.61625853220112,34.337238551691321],[-117.6166328546787,34.337053402688532],[-117.61726367612995,34.336584252529697],[-117.61875923897509,34.335568839714234],[-117.61952425836537,34.33533041098584],[-117.62038943027714,34.33516811514265],[-117.62153777951671,34.335022726185443],[-117.6229428622464,34.335013064912069],[-117.62369414357536,34.334840215874024],[-117.62428183935972,34.33457128075846],[-117.62473829036514,34.334219322299973],[-117.62497938936785,34.333977282924579],[-117.62502894277225,34.333850403422495],[-117.62516977182813,34.333721505768324],[-117.62523893288474,34.333558145151812],[-117.62558395116994,34.333222737339554],[-117.62592247501566,34.33278155051412],[-117.62691236452656,34.332589430500576],[-117.62810159607466,34.332416613980435],[-117.62888643384578,34.33224557196602],[-117.62948357516528,34.332201902187869],[-117.63040215191792,34.332316728252039],[-117.63053116866277,34.332331790577243],[-117.63109933632374,34.332527525617067],[-117.63163350528929,34.332770445402168],[-117.63254999367244,34.333462738418277],[-117.63305071850199,34.333698478244109],[-117.63330397890098,34.333774137254096],[-117.63372796007116,34.333776432581097],[-117.63407158121638,34.333594228751451]]]},"properties":{"SHAPE.AREA":5041022224.5540895,"SHAPE.LEN":517920.36586511799,"OBJECTID":153,"HRC":"SC","HBPA":"SA","RBU":4801,"HR":4,"RB":8,"HU":1,"HRNAME":"South Coast","RBNAME":"Santa Ana","HBPANAME":"Santa Ana","HUNAME":"SANTA ANA RIVER","IDNUM":"4801"}}]}