{"type":"FeatureCollection","features":[{"type":"Feature","id":57,"geometry":{"type":"Polygon","coordinates":[[[-120.253,38.336],[-120.252,38.318],[-120.285,38.294],[-120.286,38.283],[-120.3,38.273],[-120.331,38.268],[-120.357,38.238],[-120.374,38.23],[-120.381,38.213],[-120.371,38.21],[-120.374,38.201],[-120.363,38.189],[-120.382,38.181],[-120.385,38.171],[-120.433,38.166],[-120.45,38.152],[-120.49,38.142],[-120.5,38.121],[-120.521,38.113],[-120.537,38.094],[-120.55,38.094],[-120.568,38.068],[-120.592,38.059],[-120.6,38.041],[-120.609,38.037],[-120.59,38.023],[-120.604,38.009],[-120.661,38.045],[-120.647,38.012],[-120.668,37.999],[-120.655,37.983],[-120.664,37.978],[-120.653,37.949],[-120.607,37.906],[-120.61,37.883],[-120.67,37.835],[-120.658,37.836],[-120.652,37.819],[-120.653,37.836],[-120.645,37.843],[-120.627,37.827],[-120.642,37.8],[-120.615,37.815],[-120.614,37.807],[-120.604,37.805],[-120.598,37.812],[-120.582,37.809],[-120.565,37.824],[-120.57,37.845],[-120.559,37.852],[-120.558,37.868],[-120.542,37.849],[-120.525,37.849],[-120.514,37.834],[-120.47,37.826],[-120.468,37.835],[-120.482,37.849],[-120.473,37.862],[-120.48,37.872],[-120.461,37.898],[-120.47,37.908],[-120.466,37.917],[-120.476,37.918],[-120.456,37.929],[-120.451,37.951],[-120.438,37.96],[-120.443,37.972],[-120.426,37.999],[-120.394,38.008],[-120.396,38.027],[-120.388,38.03],[-120.377,38.059],[-120.342,38.044],[-120.283,38.05],[-120.247,38.064],[-120.205,38.056],[-120.134,38.098],[-120.105,38.134],[-120.001,38.193],[-119.996,38.185],[-119.96,38.194],[-119.925,38.191],[-119.88,38.203],[-119.835,38.2],[-119.809,38.204],[-119.79,38.223],[-119.784,38.216],[-119.744,38.216],[-119.69,38.199],[-119.665,38.208],[-119.658,38.23],[-119.634,38.223],[-119.605,38.235],[-119.622,38.252],[-119.613,38.262],[-119.651,38.286],[-119.642,38.294],[-119.645,38.321],[-119.628,38.349],[-119.681,38.402],[-119.687,38.431],[-119.68,38.44],[-119.705,38.454],[-119.729,38.443],[-119.727,38.464],[-119.735,38.472],[-119.762,38.473],[-119.777,38.493],[-119.782,38.484],[-119.804,38.481],[-119.804,38.487],[-119.838,38.507],[-119.874,38.494],[-119.892,38.476],[-119.901,38.479],[-119.901,38.494],[-119.914,38.505],[-119.91,38.517],[-119.919,38.519],[-119.968,38.507],[-119.989,38.509],[-120.053,38.487],[-120.095,38.457],[-120.111,38.459],[-120.131,38.449],[-120.136,38.419],[-120.16,38.419],[-120.195,38.39],[-120.197,38.373],[-120.219,38.359],[-120.219,38.351],[-120.253,38.336]]]},"properties":{"SHAPE.AREA":2582200907.2157402,"SHAPE.LEN":374710.71451014304,"OBJECTID":57,"HRC":"SJ","HBPA":"SJ","RBU":6534,"HR":6,"RB":5,"HU":34,"HRNAME":"San Joaquin","RBNAME":"Central Valley","HBPANAME":"San Joaquin","HUNAME":"STANISLAUS RIVER","IDNUM":"6534"}},{"type":"Feature","id":25,"geometry":{"type":"Polygon","coordinates":[[[-122.41,40.711],[-122.437,40.688],[-122.438,40.677],[-122.422,40.67],[-122.415,40.637],[-122.387,40.615],[-122.34,40.641],[-122.319,40.674],[-122.28,40.682],[-122.266,40.676],[-122.264,40.699],[-122.251,40.711],[-122.266,40.716],[-122.266,40.73],[-122.283,40.732],[-122.286,40.745],[-122.311,40.752],[-122.34,40.735],[-122.366,40.735],[-122.383,40.713],[-122.41,40.711]]]},"properties":{"SHAPE.AREA":123603790.737609,"SHAPE.LEN":55531.460886182496,"OBJECTID":25,"HRC":"SR","HBPA":"SB","RBU":5562,"HR":5,"RB":5,"HU":62,"HRNAME":"Sacramento River","RBNAME":"Central Valley","HBPANAME":"Sacramento Basin","HUNAME":"MOUNTAIN GATE","IDNUM":"5562"}},{"type":"Feature","id":12,"geometry":{"type":"Polygon","coordinates":[[[-122.199,41.402],[-122.22,41.412],[-122.255,41.394],[-122.328,41.38],[-122.348,41.367],[-122.378,41.386],[-122.388,41.385],[-122.412,41.367],[-122.434,41.336],[-122.452,41.338],[-122.472,41.32],[-122.503,41.309],[-122.5,41.292],[-122.514,41.28],[-122.508,41.246],[-122.518,41.239],[-122.512,41.227],[-122.523,41.213],[-122.495,41.192],[-122.499,41.18],[-122.454,41.166],[-122.446,41.157],[-122.446,41.133],[-122.457,41.097],[-122.493,41.086],[-122.513,41.089],[-122.54,41.073],[-122.522,41.054],[-122.53,41.038],[-122.528,41.015],[-122.545,40.992],[-122.542,40.978],[-122.523,40.962],[-122.537,40.953],[-122.542,40.937],[-122.529,40.927],[-122.535,40.911],[-122.529,40.903],[-122.505,40.901],[-122.482,40.889],[-122.454,40.899],[-122.445,40.914],[-122.421,40.926],[-122.405,40.962],[-122.381,40.973],[-122.366,40.966],[-122.355,40.98],[-122.312,40.969],[-122.29,40.978],[-122.258,41.01],[-122.27,41.03],[-122.254,41.048],[-122.271,41.052],[-122.253,41.072],[-122.254,41.092],[-122.277,41.124],[-122.236,41.148],[-122.218,41.148],[-122.206,41.168],[-122.192,41.167],[-122.189,41.179],[-122.201,41.199],[-122.168,41.208],[-122.185,41.223],[-122.183,41.236],[-122.168,41.245],[-122.172,41.257],[-122.211,41.262],[-122.218,41.288],[-122.217,41.331],[-122.194,41.38],[-122.199,41.402]]]},"properties":{"SHAPE.AREA":1095834177.5256701,"SHAPE.LEN":193925.37153780801,"OBJECTID":12,"HRC":"SR","HBPA":"SB","RBU":5525,"HR":5,"RB":5,"HU":25,"HRNAME":"Sacramento River","RBNAME":"Central Valley","HBPANAME":"Sacramento Basin","HUNAME":"UPPER SACRAMENTO","IDNUM":"5525"}},{"type":"Feature","id":40,"geometry":{"type":"Polygon","coordinates":[[[-121.635,39.515],[-121.682,39.511],[-121.687,39.453],[-121.659,39.451],[-121.665,39.441],[-121.677,39.439],[-121.679,39.428],[-121.663,39.386],[-121.653,39.383],[-121.631,39.352],[-121.638,39.244],[-121.62,39.186],[-121.622,39.162],[-121.6,39.127],[-121.604,39.104],[-121.598,39.097],[-121.611,39.06],[-121.613,39.024],[-121.597,39.011],[-121.586,38.96],[-121.591,38.932],[-121.584,38.915],[-121.592,38.907],[-121.585,38.9],[-121.576,38.907],[-121.568,38.942],[-121.548,38.957],[-121.544,38.97],[-121.528,38.964],[-121.479,38.975],[-121.452,38.97],[-121.433,38.956],[-121.337,38.951],[-121.303,38.986],[-121.308,38.996],[-121.344,39.002],[-121.335,39.018],[-121.34,39.052],[-121.352,39.064],[-121.351,39.1],[-121.364,39.125],[-121.386,39.113],[-121.381,39.131],[-121.401,39.127],[-121.403,39.134],[-121.414,39.127],[-121.421,39.152],[-121.433,39.149],[-121.435,39.167],[-121.415,39.186],[-121.426,39.212],[-121.45,39.233],[-121.447,39.254],[-121.497,39.306],[-121.486,39.329],[-121.524,39.371],[-121.518,39.417],[-121.532,39.451],[-121.51,39.511],[-121.549,39.516],[-121.554,39.535],[-121.58,39.539],[-121.635,39.515]]]},"properties":{"SHAPE.AREA":1048733474.2595201,"SHAPE.LEN":211437.47682140101,"OBJECTID":40,"HRC":"SR","HBPA":"SB","RBU":5515,"HR":5,"RB":5,"HU":15,"HRNAME":"Sacramento River","RBNAME":"Central Valley","HBPANAME":"Sacramento Basin","HUNAME":"MARYSVILLE","IDNUM":"5515"}},{"type":"Feature","id":98,"geometry":{"type":"Polygon","coordinates":[[[-118.531,36.593],[-118.531,36.582],[-118.555,36.57],[-118.552,36.554],[-118.566,36.535],[-118.559,36.515],[-118.569,36.499],[-118.555,36.491],[-118.545,36.471],[-118.56,36.438],[-118.543,36.417],[-118.551,36.406],[-118.581,36.398],[-118.592,36.385],[-118.58,36.378],[-118.597,36.354],[-118.592,36.335],[-118.608,36.331],[-118.613,36.315],[-118.64,36.297],[-118.638,36.275],[-118.6,36.247],[-118.605,36.229],[-118.596,36.217],[-118.603,36.201],[-118.592,36.19],[-118.582,36.194],[-118.571,36.167],[-118.539,36.173],[-118.528,36.167],[-118.546,36.144],[-118.545,36.129],[-118.534,36.119],[-118.573,36.094],[-118.584,36.074],[-118.575,36.049],[-118.603,36.034],[-118.605,36.021],[-118.616,36.016],[-118.613,35.99],[-118.645,35.972],[-118.637,35.956],[-118.623,35.955],[-118.612,35.943],[-118.604,35.923],[-118.583,35.922],[-118.567,35.912],[-118.582,35.875],[-118.572,35.849],[-118.576,35.808],[-118.586,35.791],[-118.548,35.745],[-118.563,35.734],[-118.561,35.707],[-118.591,35.67],[-118.602,35.626],[-118.635,35.617],[-118.646,35.58],[-118.688,35.559],[-118.723,35.507],[-118.745,35.504],[-118.771,35.479],[-118.839,35.496],[-118.872,35.497],[-118.886,35.485],[-118.917,35.493],[-118.931,35.454],[-118.9,35.456],[-118.884,35.468],[-118.878,35.44],[-118.845,35.447],[-118.831,35.433],[-118.813,35.439],[-118.812,35.456],[-118.792,35.441],[-118.81,35.425],[-118.809,35.409],[-118.783,35.42],[-118.769,35.405],[-118.778,35.393],[-118.771,35.38],[-118.797,35.386],[-118.749,35.366],[-118.723,35.379],[-118.699,35.374],[-118.671,35.391],[-118.642,35.39],[-118.611,35.412],[-118.584,35.415],[-118.584,35.454],[-118.571,35.469],[-118.516,35.458],[-118.49,35.472],[-118.433,35.485],[-118.39,35.466],[-118.352,35.423],[-118.336,35.419],[-118.319,35.424],[-118.289,35.418],[-118.29,35.433],[-118.297,35.435],[-118.279,35.436],[-118.27,35.45],[-118.254,35.455],[-118.18,35.432],[-118.155,35.448],[-118.147,35.488],[-118.125,35.511],[-118.128,35.529],[-118.145,35.544],[-118.127,35.563],[-118.124,35.582],[-118.115,35.586],[-118.119,35.607],[-118.114,35.616],[-118.089,35.621],[-118.091,35.635],[-118.031,35.631],[-118.036,35.656],[-118.018,35.676],[-117.986,35.693],[-118.003,35.723],[-117.997,35.738],[-118.012,35.756],[-118.001,35.772],[-118.008,35.817],[-117.999,35.823],[-118.006,35.83],[-118.008,35.862],[-117.996,35.869],[-117.981,35.867],[-117.99,35.881],[-117.983,35.894],[-117.991,35.914],[-117.984,35.927],[-117.993,35.944],[-118.017,35.955],[-118.015,35.973],[-118.004,35.977],[-118.004,35.984],[-118.038,36.014],[-118.052,36.084],[-118.068,36.095],[-118.066,36.12],[-118.074,36.14],[-118.06,36.15],[-118.059,36.17],[-118.108,36.216],[-118.105,36.233],[-118.128,36.282],[-118.128,36.299],[-118.11,36.309],[-118.115,36.32],[-118.098,36.332],[-118.101,36.346],[-118.122,36.35],[-118.132,36.371],[-118.164,36.389],[-118.16,36.397],[-118.142,36.404],[-118.139,36.418],[-118.156,36.433],[-118.185,36.426],[-118.212,36.431],[-118.216,36.456],[-118.25,36.484],[-118.235,36.493],[-118.242,36.5],[-118.238,36.522],[-118.248,36.523],[-118.249,36.537],[-118.265,36.552],[-118.291,36.559],[-118.289,36.59],[-118.275,36.598],[-118.322,36.628],[-118.318,36.64],[-118.337,36.656],[-118.329,36.668],[-118.347,36.672],[-118.366,36.692],[-118.407,36.7],[-118.426,36.698],[-118.434,36.685],[-118.449,36.686],[-118.474,36.669],[-118.488,36.631],[-118.531,36.593]]]},"properties":{"SHAPE.AREA":6141639983.6878099,"SHAPE.LEN":562767.1826979511,"OBJECTID":98,"HRC":"TL","HBPA":"TL","RBU":7554,"HR":7,"RB":5,"HU":54,"HRNAME":"Tulare Lake","RBNAME":"Central Valley","HBPANAME":"Tulare Lake","HUNAME":"KERN RIVER","IDNUM":"7554"}},{"type":"Feature","id":97,"geometry":{"type":"Polygon","coordinates":[[[-120.706,36.687],[-120.726,36.733],[-120.772,36.766],[-120.789,36.768],[-120.842,36.741],[-120.847,36.711],[-120.839,36.677],[-120.831,36.664],[-120.814,36.661],[-120.809,36.653],[-120.749,36.662],[-120.706,36.687]]]},"properties":{"SHAPE.AREA":110762636.706085,"SHAPE.LEN":45106.885547824801,"OBJECTID":97,"HRC":"SJ","HBPA":"SJ","RBU":6542,"HR":6,"RB":5,"HU":42,"HRNAME":"San Joaquin","RBNAME":"Central Valley","HBPANAME":"San Joaquin","HUNAME":"MIDDLE WEST SIDE","IDNUM":"6542"}},{"type":"Feature","id":66,"geometry":{"type":"Polygon","coordinates":[[[-119.625,38.229],[-119.634,38.223],[-119.658,38.23],[-119.665,38.208],[-119.69,38.199],[-119.744,38.216],[-119.784,38.216],[-119.79,38.223],[-119.809,38.204],[-119.835,38.2],[-119.88,38.203],[-119.925,38.191],[-119.96,38.194],[-119.996,38.185],[-120.001,38.193],[-120.105,38.134],[-120.134,38.098],[-120.205,38.056],[-120.247,38.064],[-120.283,38.05],[-120.342,38.044],[-120.377,38.059],[-120.388,38.03],[-120.396,38.027],[-120.394,38.008],[-120.426,37.999],[-120.443,37.972],[-120.438,37.96],[-120.451,37.951],[-120.456,37.929],[-120.476,37.918],[-120.466,37.917],[-120.47,37.908],[-120.461,37.898],[-120.48,37.872],[-120.473,37.862],[-120.482,37.849],[-120.468,37.835],[-120.47,37.826],[-120.514,37.834],[-120.525,37.849],[-120.542,37.849],[-120.558,37.868],[-120.559,37.852],[-120.57,37.845],[-120.566,37.823],[-120.582,37.809],[-120.614,37.807],[-120.629,37.79],[-120.612,37.778],[-120.616,37.771],[-120.608,37.758],[-120.594,37.753],[-120.59,37.761],[-120.574,37.756],[-120.551,37.763],[-120.547,37.746],[-120.539,37.753],[-120.537,37.74],[-120.517,37.732],[-120.506,37.717],[-120.497,37.72],[-120.497,37.707],[-120.475,37.696],[-120.471,37.677],[-120.465,37.675],[-120.47,37.681],[-120.465,37.682],[-120.459,37.672],[-120.447,37.672],[-120.459,37.664],[-120.448,37.654],[-120.478,37.647],[-120.467,37.645],[-120.466,37.636],[-120.455,37.642],[-120.449,37.625],[-120.437,37.639],[-120.41,37.636],[-120.405,37.623],[-120.385,37.635],[-120.376,37.653],[-120.394,37.668],[-120.387,37.685],[-120.353,37.674],[-120.327,37.649],[-120.313,37.653],[-120.306,37.666],[-120.345,37.726],[-120.321,37.726],[-120.308,37.736],[-120.287,37.729],[-120.283,37.745],[-120.26,37.734],[-120.257,37.747],[-120.239,37.754],[-120.238,37.765],[-120.227,37.76],[-120.189,37.768],[-120.183,37.795],[-120.174,37.8],[-120.162,37.788],[-120.127,37.782],[-120.09,37.811],[-120.09,37.822],[-120.079,37.829],[-120.058,37.825],[-120.055,37.813],[-120.027,37.812],[-119.965,37.783],[-119.938,37.762],[-119.884,37.761],[-119.873,37.766],[-119.873,37.774],[-119.852,37.758],[-119.839,37.771],[-119.807,37.755],[-119.802,37.764],[-119.751,37.773],[-119.736,37.786],[-119.707,37.787],[-119.688,37.802],[-119.667,37.801],[-119.649,37.815],[-119.657,37.832],[-119.65,37.844],[-119.598,37.861],[-119.585,37.876],[-119.589,37.889],[-119.561,37.903],[-119.536,37.903],[-119.497,37.864],[-119.475,37.859],[-119.454,37.871],[-119.443,37.867],[-119.445,37.859],[-119.428,37.866],[-119.426,37.857],[-119.405,37.85],[-119.403,37.834],[-119.375,37.841],[-119.369,37.828],[-119.351,37.825],[-119.355,37.813],[-119.348,37.804],[-119.313,37.794],[-119.312,37.779],[-119.294,37.766],[-119.289,37.746],[-119.261,37.741],[-119.243,37.77],[-119.203,37.795],[-119.205,37.812],[-119.218,37.819],[-119.204,37.83],[-119.202,37.848],[-119.216,37.847],[-119.217,37.854],[-119.21,37.88],[-119.2,37.885],[-119.21,37.9],[-119.265,37.912],[-119.267,37.928],[-119.309,37.946],[-119.315,37.965],[-119.324,37.97],[-119.305,38.024],[-119.314,38.034],[-119.311,38.045],[-119.349,38.086],[-119.358,38.082],[-119.398,38.107],[-119.421,38.108],[-119.43,38.118],[-119.441,38.096],[-119.461,38.097],[-119.466,38.102],[-119.459,38.108],[-119.473,38.118],[-119.469,38.128],[-119.488,38.132],[-119.501,38.159],[-119.508,38.152],[-119.508,38.137],[-119.547,38.144],[-119.547,38.154],[-119.577,38.158],[-119.587,38.185],[-119.629,38.196],[-119.625,38.229]]]},"properties":{"SHAPE.AREA":4184289826.46524,"SHAPE.LEN":501557.53366538801,"OBJECTID":66,"HRC":"SJ","HBPA":"SJ","RBU":6536,"HR":6,"RB":5,"HU":36,"HRNAME":"San Joaquin","RBNAME":"Central Valley","HBPANAME":"San Joaquin","HUNAME":"TUOLUMNE RIVER","IDNUM":"6536"}},{"type":"Feature","id":80,"geometry":{"type":"Polygon","coordinates":[[[-121.482,37.502],[-121.469,37.489],[-121.485,37.474],[-121.463,37.45],[-121.46,37.439],[-121.474,37.424],[-121.458,37.408],[-121.459,37.398],[-121.448,37.391],[-121.423,37.393],[-121.409,37.38],[-121.424,37.361],[-121.407,37.314],[-121.423,37.299],[-121.447,37.298],[-121.459,37.287],[-121.456,37.251],[-121.423,37.223],[-121.41,37.185],[-121.415,37.175],[-121.401,37.152],[-121.385,37.153],[-121.386,37.168],[-121.361,37.185],[-121.33,37.168],[-121.298,37.168],[-121.283,37.182],[-121.264,37.161],[-121.24,37.159],[-121.217,37.122],[-121.229,37.096],[-121.244,37.088],[-121.208,37.061],[-121.224,37.052],[-121.222,37.037],[-121.247,37.031],[-121.232,36.998],[-121.243,36.993],[-121.245,36.981],[-121.212,36.957],[-121.234,36.926],[-121.222,36.91],[-121.184,36.909],[-121.184,36.896],[-121.153,36.865],[-121.134,36.817],[-121.109,36.812],[-121.105,36.792],[-121.117,36.777],[-121.114,36.769],[-121.058,36.753],[-121.031,36.767],[-120.997,36.761],[-120.983,36.733],[-120.958,36.719],[-120.973,36.709],[-120.966,36.688],[-120.945,36.693],[-120.935,36.685],[-120.892,36.694],[-120.879,36.677],[-120.838,36.66],[-120.872,36.678],[-120.887,36.7],[-120.901,36.706],[-120.904,36.787],[-120.894,36.793],[-120.881,36.78],[-120.862,36.792],[-120.841,36.784],[-120.845,36.798],[-120.81,36.783],[-120.837,36.812],[-120.812,36.813],[-120.816,36.802],[-120.807,36.801],[-120.772,36.812],[-120.786,36.816],[-120.779,36.834],[-120.795,36.839],[-120.802,36.825],[-120.809,36.83],[-120.817,36.843],[-120.806,36.853],[-120.799,36.849],[-120.796,36.871],[-120.849,36.933],[-120.87,36.936],[-120.899,36.926],[-120.902,36.938],[-120.89,36.942],[-120.896,36.945],[-120.919,36.93],[-120.929,36.952],[-120.911,36.973],[-120.937,36.969],[-120.949,36.976],[-120.92,36.917],[-120.954,36.929],[-120.948,36.938],[-120.954,36.943],[-120.957,36.933],[-120.986,36.928],[-120.973,36.926],[-120.979,36.913],[-120.994,36.923],[-121.004,36.92],[-121.003,36.946],[-120.973,36.938],[-120.978,36.946],[-120.963,36.957],[-120.957,36.976],[-120.93,36.985],[-120.934,36.993],[-120.954,36.989],[-120.961,36.999],[-120.934,37.002],[-120.928,37.016],[-120.939,37.033],[-120.975,37.053],[-121.012,37.054],[-121.024,37.034],[-121.045,37.055],[-121.06,37.047],[-121.071,37.052],[-121.077,37.077],[-121.057,37.076],[-121.067,37.108],[-121.081,37.111],[-121.088,37.124],[-121.079,37.131],[-121.058,37.124],[-121.062,37.149],[-121.08,37.157],[-121.059,37.16],[-121.073,37.172],[-121.069,37.185],[-121.089,37.201],[-121.102,37.225],[-121.156,37.26],[-121.13,37.25],[-121.119,37.262],[-121.099,37.265],[-121.113,37.268],[-121.103,37.269],[-121.137,37.303],[-121.127,37.317],[-121.131,37.33],[-121.143,37.333],[-121.145,37.324],[-121.162,37.357],[-121.2,37.368],[-121.18,37.372],[-121.183,37.41],[-121.198,37.45],[-121.183,37.441],[-121.183,37.454],[-121.215,37.489],[-121.246,37.502],[-121.285,37.537],[-121.355,37.573],[-121.37,37.576],[-121.375,37.562],[-121.379,37.578],[-121.403,37.584],[-121.394,37.591],[-121.404,37.6],[-121.423,37.595],[-121.439,37.577],[-121.45,37.589],[-121.462,37.582],[-121.502,37.592],[-121.532,37.574],[-121.532,37.568],[-121.5,37.56],[-121.502,37.548],[-121.487,37.539],[-121.463,37.534],[-121.482,37.502]]]},"properties":{"SHAPE.AREA":2234059603.01793,"SHAPE.LEN":485040.01289641199,"OBJECTID":80,"HRC":"SJ","HBPA":"SJ","RBU":6542,"HR":6,"RB":5,"HU":42,"HRNAME":"San Joaquin","RBNAME":"Central Valley","HBPANAME":"San Joaquin","HUNAME":"MIDDLE WEST SIDE","IDNUM":"6542"}},{"type":"Feature","id":28,"geometry":{"type":"Polygon","coordinates":[[[-121.24,40.496],[-121.237,40.465],[-121.263,40.46],[-121.307,40.474],[-121.345,40.452],[-121.36,40.468],[-121.357,40.482],[-121.347,40.483],[-121.35,40.491],[-121.393,40.489],[-121.417,40.5],[-121.459,40.47],[-121.502,40.48],[-121.498,40.432],[-121.473,40.424],[-121.486,40.388],[-121.477,40.377],[-121.481,40.367],[-121.473,40.352],[-121.379,40.339],[-121.367,40.322],[-121.342,40.31],[-121.357,40.297],[-121.373,40.297],[-121.35,40.275],[-121.365,40.247],[-121.367,40.213],[-121.385,40.21],[-121.407,40.191],[-121.433,40.196],[-121.444,40.191],[-121.435,40.182],[-121.446,40.177],[-121.446,40.155],[-121.432,40.151],[-121.415,40.158],[-121.402,40.125],[-121.372,40.101],[-121.373,40.075],[-121.381,40.053],[-121.398,40.053],[-121.42,40.064],[-121.419,40.078],[-121.43,40.091],[-121.445,40.093],[-121.459,40.074],[-121.517,40.047],[-121.533,40.026],[-121.545,39.986],[-121.54,39.971],[-121.551,39.948],[-121.548,39.937],[-121.577,39.928],[-121.577,39.918],[-121.586,39.914],[-121.576,39.897],[-121.579,39.887],[-121.555,39.87],[-121.581,39.825],[-121.579,39.778],[-121.568,39.762],[-121.578,39.722],[-121.573,39.683],[-121.545,39.661],[-121.546,39.645],[-121.532,39.651],[-121.526,39.645],[-121.533,39.643],[-121.529,39.62],[-121.544,39.615],[-121.536,39.584],[-121.54,39.573],[-121.555,39.564],[-121.55,39.554],[-121.626,39.528],[-121.633,39.513],[-121.58,39.539],[-121.554,39.535],[-121.549,39.516],[-121.511,39.512],[-121.517,39.499],[-121.479,39.522],[-121.462,39.511],[-121.429,39.521],[-121.417,39.509],[-121.384,39.505],[-121.372,39.483],[-121.359,39.479],[-121.329,39.497],[-121.308,39.496],[-121.298,39.525],[-121.266,39.516],[-121.232,39.529],[-121.208,39.526],[-121.204,39.516],[-121.154,39.521],[-121.147,39.544],[-121.107,39.565],[-121.099,39.581],[-121.081,39.586],[-121.076,39.61],[-121.046,39.638],[-121.047,39.649],[-121.008,39.662],[-121.008,39.703],[-120.965,39.702],[-120.948,39.713],[-120.946,39.728],[-120.923,39.751],[-120.871,39.777],[-120.84,39.747],[-120.816,39.747],[-120.809,39.721],[-120.794,39.718],[-120.792,39.71],[-120.75,39.72],[-120.716,39.706],[-120.684,39.681],[-120.684,39.666],[-120.671,39.66],[-120.634,39.664],[-120.604,39.689],[-120.58,39.683],[-120.56,39.664],[-120.542,39.665],[-120.498,39.647],[-120.49,39.641],[-120.495,39.628],[-120.494,39.611],[-120.486,39.606],[-120.489,39.59],[-120.475,39.58],[-120.47,39.564],[-120.454,39.555],[-120.43,39.517],[-120.41,39.517],[-120.376,39.497],[-120.345,39.505],[-120.296,39.5],[-120.268,39.519],[-120.254,39.52],[-120.251,39.529],[-120.231,39.524],[-120.206,39.55],[-120.198,39.539],[-120.149,39.549],[-120.121,39.557],[-120.122,39.572],[-120.107,39.574],[-120.102,39.589],[-120.107,39.612],[-120.14,39.651],[-120.136,39.664],[-120.143,39.684],[-120.135,39.696],[-120.149,39.707],[-120.15,39.725],[-120.144,39.737],[-120.124,39.743],[-120.12,39.76],[-120.101,39.777],[-120.11,39.795],[-120.102,39.807],[-120.103,39.834],[-120.122,39.856],[-120.116,39.872],[-120.103,39.877],[-120.108,39.886],[-120.101,39.898],[-120.103,39.92],[-120.123,39.936],[-120.131,39.958],[-120.154,39.955],[-120.177,39.995],[-120.174,40.003],[-120.2,40.012],[-120.201,40.032],[-120.212,40.045],[-120.198,40.053],[-120.225,40.081],[-120.261,40.095],[-120.276,40.115],[-120.289,40.108],[-120.359,40.13],[-120.368,40.125],[-120.402,40.132],[-120.4,40.145],[-120.412,40.155],[-120.409,40.162],[-120.432,40.171],[-120.45,40.201],[-120.484,40.207],[-120.497,40.239],[-120.553,40.255],[-120.597,40.29],[-120.622,40.282],[-120.661,40.308],[-120.694,40.313],[-120.709,40.299],[-120.735,40.318],[-120.757,40.32],[-120.788,40.284],[-120.815,40.278],[-120.832,40.288],[-120.843,40.313],[-120.871,40.338],[-120.864,40.345],[-120.865,40.372],[-120.92,40.392],[-120.94,40.407],[-120.986,40.42],[-121.048,40.463],[-121.05,40.482],[-121.098,40.485],[-121.117,40.475],[-121.137,40.488],[-121.145,40.478],[-121.171,40.472],[-121.2,40.482],[-121.224,40.502],[-121.24,40.496]]]},"properties":{"SHAPE.AREA":9389355806.4406796,"SHAPE.LEN":634796.12899786199,"OBJECTID":28,"HRC":"SR","HBPA":"SB","RBU":5518,"HR":5,"RB":5,"HU":18,"HRNAME":"Sacramento River","RBNAME":"Central Valley","HBPANAME":"Sacramento Basin","HUNAME":"FEATHER RIVER","IDNUM":"5518"}},{"type":"Feature","id":9,"geometry":{"type":"Polygon","coordinates":[[[-120.58,41.825],[-120.599,41.824],[-120.598,41.807],[-120.621,41.797],[-120.618,41.783],[-120.636,41.769],[-120.671,41.753],[-120.706,41.752],[-120.743,41.732],[-120.752,41.711],[-120.811,41.683],[-120.818,41.672],[-120.812,41.649],[-120.826,41.638],[-120.815,41.613],[-120.824,41.606],[-120.809,41.588],[-120.845,41.592],[-120.852,41.567],[-120.864,41.563],[-120.87,41.528],[-120.885,41.546],[-120.898,41.531],[-120.909,41.537],[-120.923,41.53],[-120.929,41.543],[-120.929,41.558],[-120.914,41.557],[-120.895,41.595],[-120.911,41.598],[-120.923,41.586],[-120.943,41.59],[-120.965,41.608],[-121.003,41.586],[-121.024,41.59],[-121.032,41.539],[-121.047,41.532],[-121.118,41.523],[-121.117,41.511],[-121.126,41.503],[-121.17,41.516],[-121.199,41.514],[-121.193,41.519],[-121.207,41.537],[-121.244,41.55],[-121.262,41.569],[-121.283,41.608],[-121.281,41.626],[-121.29,41.631],[-121.296,41.629],[-121.29,41.617],[-121.312,41.604],[-121.417,41.601],[-121.474,41.574],[-121.496,41.572],[-121.524,41.579],[-121.506,41.601],[-121.551,41.609],[-121.565,41.622],[-121.604,41.62],[-121.654,41.58],[-121.676,41.579],[-121.685,41.568],[-121.701,41.581],[-121.713,41.571],[-121.73,41.57],[-121.745,41.56],[-121.746,41.545],[-121.765,41.553],[-121.774,41.543],[-121.809,41.546],[-121.811,41.533],[-121.823,41.526],[-121.849,41.53],[-121.861,41.517],[-121.804,41.417],[-121.827,41.408],[-121.83,41.359],[-121.808,41.35],[-121.789,41.358],[-121.764,41.299],[-121.783,41.266],[-121.764,41.192],[-121.781,41.171],[-121.817,41.167],[-121.887,41.178],[-121.92,41.158],[-121.96,41.16],[-121.977,41.146],[-121.973,41.125],[-121.947,41.117],[-121.953,41.108],[-121.946,41.099],[-121.966,41.098],[-121.969,41.106],[-122.01,41.081],[-122.024,41.061],[-122.018,41.054],[-122.031,41.023],[-122.039,41.019],[-122.024,40.987],[-122.029,40.975],[-122.021,40.928],[-122.024,40.916],[-122.033,40.918],[-122.019,40.893],[-122.005,40.896],[-121.988,40.87],[-121.995,40.853],[-121.98,40.839],[-121.984,40.833],[-121.966,40.825],[-121.958,40.804],[-121.872,40.793],[-121.862,40.785],[-121.834,40.795],[-121.813,40.786],[-121.794,40.773],[-121.785,40.757],[-121.789,40.742],[-121.779,40.732],[-121.754,40.739],[-121.76,40.718],[-121.751,40.711],[-121.704,40.699],[-121.668,40.666],[-121.639,40.662],[-121.644,40.643],[-121.617,40.616],[-121.626,40.609],[-121.619,40.587],[-121.606,40.588],[-121.584,40.563],[-121.566,40.561],[-121.564,40.553],[-121.55,40.557],[-121.54,40.538],[-121.521,40.532],[-121.524,40.523],[-121.496,40.476],[-121.459,40.47],[-121.417,40.5],[-121.393,40.489],[-121.35,40.491],[-121.347,40.483],[-121.357,40.482],[-121.36,40.468],[-121.347,40.452],[-121.307,40.474],[-121.262,40.46],[-121.237,40.465],[-121.24,40.495],[-121.247,40.496],[-121.253,40.514],[-121.243,40.534],[-121.213,40.552],[-121.204,40.569],[-121.169,40.562],[-121.15,40.576],[-121.153,40.592],[-121.135,40.598],[-121.101,40.59],[-121.093,40.603],[-121.058,40.614],[-121.052,40.623],[-121.078,40.64],[-121.1,40.684],[-121.122,40.702],[-121.104,40.728],[-121.118,40.753],[-121.076,40.739],[-120.973,40.739],[-120.927,40.763],[-120.928,40.771],[-120.906,40.803],[-120.886,40.796],[-120.885,40.807],[-120.891,40.809],[-120.834,40.843],[-120.85,40.877],[-120.821,40.889],[-120.843,40.912],[-120.812,40.934],[-120.821,40.948],[-120.761,40.962],[-120.745,40.954],[-120.727,40.979],[-120.702,40.953],[-120.66,40.957],[-120.633,40.98],[-120.581,41.002],[-120.591,41.035],[-120.576,41.047],[-120.577,41.068],[-120.565,41.083],[-120.533,41.076],[-120.497,41.091],[-120.475,41.095],[-120.459,41.088],[-120.448,41.102],[-120.446,41.089],[-120.434,41.081],[-120.436,41.072],[-120.394,41.049],[-120.4,41.038],[-120.38,41.014],[-120.297,41.052],[-120.264,41.029],[-120.203,41.028],[-120.234,41.057],[-120.183,41.093],[-120.164,41.129],[-120.184,41.139],[-120.149,41.153],[-120.132,41.205],[-120.139,41.231],[-120.171,41.238],[-120.185,41.251],[-120.184,41.269],[-120.202,41.288],[-120.198,41.341],[-120.217,41.35],[-120.215,41.376],[-120.23,41.394],[-120.219,41.419],[-120.228,41.438],[-120.244,41.448],[-120.241,41.466],[-120.262,41.496],[-120.297,41.519],[-120.259,41.571],[-120.273,41.588],[-120.27,41.61],[-120.278,41.629],[-120.288,41.633],[-120.294,41.671],[-120.317,41.692],[-120.336,41.698],[-120.424,41.697],[-120.458,41.711],[-120.479,41.693],[-120.54,41.722],[-120.552,41.722],[-120.561,41.731],[-120.554,41.737],[-120.561,41.76],[-120.547,41.77],[-120.547,41.801],[-120.558,41.816],[-120.574,41.815],[-120.58,41.825]]]},"properties":{"SHAPE.AREA":13300189039.7833,"SHAPE.LEN":754490.160900997,"OBJECTID":9,"HRC":"SR","HBPA":"SB","RBU":5526,"HR":5,"RB":5,"HU":26,"HRNAME":"Sacramento River","RBNAME":"Central Valley","HBPANAME":"Sacramento Basin","HUNAME":"PIT RIVER","IDNUM":"5526"}},{"type":"Feature","id":99,"geometry":{"type":"Polygon","coordinates":[[[-120.967,36.688],[-120.981,36.682],[-120.993,36.633],[-121.02,36.627],[-121.016,36.607],[-121.032,36.584],[-121.021,36.557],[-121.006,36.549],[-121.008,36.541],[-120.952,36.518],[-120.946,36.504],[-120.906,36.498],[-120.904,36.476],[-120.867,36.489],[-120.834,36.473],[-120.815,36.449],[-120.794,36.44],[-120.79,36.419],[-120.781,36.414],[-120.771,36.419],[-120.738,36.388],[-120.724,36.397],[-120.675,36.39],[-120.615,36.359],[-120.613,36.35],[-120.582,36.33],[-120.659,36.316],[-120.683,36.294],[-120.673,36.281],[-120.68,36.247],[-120.651,36.231],[-120.627,36.203],[-120.639,36.197],[-120.65,36.168],[-120.663,36.171],[-120.672,36.164],[-120.668,36.138],[-120.646,36.117],[-120.647,36.106],[-120.615,36.095],[-120.6,36.102],[-120.59,36.09],[-120.596,36.079],[-120.588,36.067],[-120.546,36.046],[-120.54,36.037],[-120.527,36.036],[-120.528,36.024],[-120.52,36.021],[-120.518,36.028],[-120.481,36.011],[-120.478,36.001],[-120.45,35.988],[-120.435,35.969],[-120.409,35.976],[-120.362,35.965],[-120.357,35.948],[-120.336,35.937],[-120.274,35.944],[-120.263,35.952],[-120.235,35.938],[-120.213,35.95],[-120.195,35.95],[-120.187,35.963],[-120.193,35.981],[-120.249,36.014],[-120.228,36.045],[-120.247,36.046],[-120.241,36.055],[-120.309,36.101],[-120.364,36.099],[-120.384,36.082],[-120.397,36.087],[-120.407,36.096],[-120.4,36.101],[-120.403,36.126],[-120.446,36.17],[-120.445,36.18],[-120.428,36.187],[-120.453,36.214],[-120.432,36.206],[-120.376,36.207],[-120.357,36.226],[-120.335,36.219],[-120.288,36.173],[-120.261,36.174],[-120.256,36.193],[-120.275,36.225],[-120.272,36.28],[-120.283,36.305],[-120.308,36.299],[-120.333,36.325],[-120.427,36.389],[-120.477,36.473],[-120.521,36.521],[-120.642,36.584],[-120.633,36.573],[-120.668,36.579],[-120.681,36.605],[-120.661,36.61],[-120.66,36.599],[-120.648,36.601],[-120.657,36.623],[-120.684,36.606],[-120.683,36.584],[-120.698,36.573],[-120.69,36.597],[-120.71,36.618],[-120.665,36.629],[-120.703,36.663],[-120.706,36.687],[-120.77,36.656],[-120.788,36.661],[-120.809,36.653],[-120.814,36.661],[-120.825,36.661],[-120.827,36.647],[-120.838,36.66],[-120.879,36.677],[-120.892,36.694],[-120.935,36.685],[-120.945,36.693],[-120.967,36.688]]]},"properties":{"SHAPE.AREA":2286434572.0542498,"SHAPE.LEN":405533.07671003399,"OBJECTID":99,"HRC":"TL","HBPA":"TL","RBU":7559,"HR":7,"RB":5,"HU":59,"HRNAME":"Tulare Lake","RBNAME":"Central Valley","HBPANAME":"Tulare Lake","HUNAME":"COAST RANGE","IDNUM":"7559"}},{"type":"Feature","id":64,"geometry":{"type":"Polygon","coordinates":[[[-120.74,38.259],[-120.762,38.258],[-120.771,38.272],[-120.791,38.267],[-120.813,38.237],[-120.808,38.225],[-120.818,38.214],[-120.809,38.211],[-120.816,38.188],[-120.791,38.193],[-120.8,38.183],[-120.793,38.184],[-120.781,38.203],[-120.771,38.2],[-120.766,38.229],[-120.74,38.259]]]},"properties":{"SHAPE.AREA":34307060.320649602,"SHAPE.LEN":34327.397776679798,"OBJECTID":64,"HRC":"SJ","HBPA":"SJ","RBU":6571,"HR":6,"RB":5,"HU":71,"HRNAME":"San Joaquin","RBNAME":"Central Valley","HBPANAME":"San Joaquin","HUNAME":"LOWER CALAVERAS","IDNUM":"6571"}},{"type":"Feature","id":31,"geometry":{"type":"Polygon","coordinates":[[[-122.864,40.038],[-122.895,40.037],[-122.931,40.052],[-122.954,40.045],[-122.952,39.998],[-122.927,39.971],[-122.927,39.945],[-122.91,39.936],[-122.921,39.929],[-122.921,39.916],[-122.951,39.906],[-122.953,39.863],[-122.904,39.857],[-122.87,39.845],[-122.857,39.832],[-122.834,39.84],[-122.773,39.821],[-122.75,39.831],[-122.697,39.804],[-122.623,39.812],[-122.626,39.83],[-122.603,39.833],[-122.607,39.851],[-122.588,39.865],[-122.556,39.858],[-122.518,39.869],[-122.517,39.88],[-122.509,39.882],[-122.518,39.929],[-122.508,39.945],[-122.518,39.954],[-122.51,39.985],[-122.518,40.0],[-122.487,40.034],[-122.506,40.056],[-122.539,40.059],[-122.536,40.069],[-122.521,40.071],[-122.519,40.089],[-122.552,40.124],[-122.56,40.145],[-122.549,40.153],[-122.557,40.164],[-122.578,40.145],[-122.598,40.147],[-122.624,40.131],[-122.642,40.132],[-122.695,40.084],[-122.717,40.078],[-122.739,40.062],[-122.818,40.038],[-122.864,40.038]]]},"properties":{"SHAPE.AREA":997430763.09015203,"SHAPE.LEN":167084.52963237799,"OBJECTID":31,"HRC":"SR","HBPA":"SB","RBU":5523,"HR":5,"RB":5,"HU":23,"HRNAME":"Sacramento River","RBNAME":"Central Valley","HBPANAME":"Sacramento Basin","HUNAME":"BALL MOUNTAIN","IDNUM":"5523"}},{"type":"Feature","id":48,"geometry":{"type":"Polygon","coordinates":[[[-122.73,38.863],[-122.735,38.852],[-122.681,38.819],[-122.747,38.802],[-122.748,38.788],[-122.724,38.757],[-122.709,38.749],[-122.711,38.732],[-122.701,38.729],[-122.696,38.713],[-122.647,38.707],[-122.613,38.653],[-122.577,38.652],[-122.57,38.647],[-122.574,38.642],[-122.533,38.612],[-122.518,38.619],[-122.481,38.613],[-122.469,38.599],[-122.436,38.593],[-122.412,38.567],[-122.382,38.553],[-122.373,38.55],[-122.364,38.565],[-122.346,38.566],[-122.321,38.547],[-122.292,38.543],[-122.269,38.503],[-122.276,38.498],[-122.273,38.483],[-122.257,38.47],[-122.274,38.46],[-122.246,38.436],[-122.251,38.428],[-122.234,38.421],[-122.217,38.395],[-122.188,38.402],[-122.176,38.395],[-122.168,38.409],[-122.178,38.423],[-122.171,38.429],[-122.126,38.427],[-122.104,38.515],[-122.113,38.527],[-122.127,38.588],[-122.149,38.625],[-122.167,38.62],[-122.168,38.63],[-122.159,38.636],[-122.165,38.654],[-122.188,38.662],[-122.202,38.678],[-122.201,38.691],[-122.223,38.699],[-122.225,38.727],[-122.249,38.755],[-122.255,38.782],[-122.288,38.84],[-122.315,38.839],[-122.325,38.846],[-122.352,38.836],[-122.391,38.857],[-122.392,38.868],[-122.423,38.9],[-122.433,38.894],[-122.431,38.886],[-122.464,38.878],[-122.486,38.884],[-122.481,38.895],[-122.494,38.903],[-122.534,38.92],[-122.558,38.908],[-122.551,38.898],[-122.563,38.891],[-122.556,38.879],[-122.568,38.873],[-122.574,38.845],[-122.589,38.849],[-122.619,38.833],[-122.623,38.842],[-122.647,38.846],[-122.654,38.86],[-122.671,38.869],[-122.73,38.863]]]},"properties":{"SHAPE.AREA":1469301331.6657801,"SHAPE.LEN":240305.54366923001,"OBJECTID":48,"HRC":"SR","HBPA":"SB","RBU":5512,"HR":5,"RB":5,"HU":12,"HRNAME":"Sacramento River","RBNAME":"Central Valley","HBPANAME":"Sacramento Basin","HUNAME":"PUTAH CREEK","IDNUM":"5512"}},{"type":"Feature","id":6,"geometry":{"type":"Polygon","coordinates":[[[-120.701,41.994],[-120.652,41.977],[-120.643,41.982],[-120.614,41.975],[-120.61,41.965],[-120.592,41.962],[-120.565,41.928],[-120.575,41.898],[-120.57,41.875],[-120.587,41.876],[-120.587,41.864],[-120.577,41.843],[-120.576,41.816],[-120.558,41.816],[-120.547,41.801],[-120.547,41.77],[-120.561,41.76],[-120.554,41.737],[-120.561,41.731],[-120.552,41.722],[-120.54,41.722],[-120.479,41.693],[-120.458,41.711],[-120.424,41.697],[-120.336,41.698],[-120.317,41.692],[-120.294,41.671],[-120.255,41.691],[-120.254,41.71],[-120.274,41.71],[-120.279,41.717],[-120.238,41.738],[-120.237,41.758],[-120.219,41.754],[-120.205,41.804],[-120.216,41.85],[-120.241,41.866],[-120.242,41.886],[-120.26,41.912],[-120.247,41.936],[-120.226,41.935],[-120.23,41.949],[-120.206,41.965],[-120.198,41.962],[-120.187,41.977],[-120.194,41.986],[-120.208,41.994],[-120.701,41.994]]]},"properties":{"SHAPE.AREA":941295839.03256094,"SHAPE.LEN":166743.92274794102,"OBJECTID":6,"HRC":"SR","HBPA":"SB","RBU":5527,"HR":5,"RB":5,"HU":27,"HRNAME":"Sacramento River","RBNAME":"Central Valley","HBPANAME":"Sacramento Basin","HUNAME":"LAKEVIEW","IDNUM":"5527"}},{"type":"Feature","id":75,"geometry":{"type":"Polygon","coordinates":[[[-120.67,37.836],[-120.72,37.841],[-120.736,37.831],[-120.763,37.834],[-120.795,37.864],[-120.818,37.872],[-120.819,37.882],[-120.837,37.886],[-120.927,37.874],[-120.928,37.858],[-121.01,37.857],[-121.01,37.828],[-121.037,37.828],[-121.037,37.818],[-121.055,37.817],[-121.074,37.821],[-121.074,37.828],[-121.056,37.828],[-121.056,37.835],[-121.083,37.835],[-121.088,37.821],[-121.101,37.821],[-121.11,37.806],[-121.137,37.806],[-121.156,37.834],[-121.241,37.866],[-121.288,37.901],[-121.304,37.897],[-121.301,37.856],[-121.287,37.856],[-121.282,37.845],[-121.284,37.812],[-121.271,37.805],[-121.28,37.801],[-121.28,37.789],[-121.261,37.783],[-121.261,37.754],[-121.252,37.754],[-121.252,37.739],[-121.216,37.739],[-121.215,37.718],[-121.197,37.718],[-121.197,37.71],[-121.206,37.71],[-121.208,37.687],[-121.223,37.684],[-121.222,37.671],[-121.241,37.665],[-121.24,37.655],[-121.223,37.649],[-121.229,37.639],[-121.217,37.638],[-121.213,37.627],[-121.205,37.637],[-121.193,37.637],[-121.183,37.614],[-121.173,37.61],[-121.179,37.599],[-121.17,37.598],[-121.177,37.594],[-121.165,37.581],[-121.156,37.582],[-121.153,37.558],[-121.137,37.561],[-121.123,37.554],[-121.11,37.526],[-121.098,37.524],[-121.07,37.481],[-121.06,37.486],[-121.034,37.464],[-121.043,37.458],[-121.027,37.449],[-121.023,37.434],[-121.013,37.426],[-121.0,37.428],[-121.003,37.412],[-120.985,37.4],[-120.993,37.384],[-120.984,37.386],[-120.984,37.376],[-120.973,37.376],[-120.981,37.365],[-120.978,37.341],[-120.943,37.332],[-120.945,37.322],[-120.934,37.317],[-120.939,37.311],[-120.926,37.307],[-120.922,37.296],[-120.881,37.298],[-120.872,37.285],[-120.842,37.295],[-120.843,37.282],[-120.827,37.281],[-120.833,37.267],[-120.817,37.252],[-120.816,37.236],[-120.799,37.223],[-120.784,37.223],[-120.776,37.207],[-120.771,37.213],[-120.763,37.204],[-120.766,37.182],[-120.75,37.166],[-120.756,37.159],[-120.709,37.151],[-120.706,37.144],[-120.697,37.15],[-120.685,37.144],[-120.679,37.154],[-120.647,37.14],[-120.641,37.118],[-120.622,37.122],[-120.59,37.113],[-120.556,37.074],[-120.557,37.063],[-120.542,37.045],[-120.473,37.1],[-120.41,37.112],[-120.389,37.125],[-120.347,37.125],[-120.297,37.155],[-120.112,37.168],[-120.064,37.181],[-120.085,37.201],[-120.083,37.214],[-120.09,37.208],[-120.088,37.217],[-120.104,37.221],[-120.101,37.232],[-120.112,37.229],[-120.127,37.242],[-120.14,37.236],[-120.156,37.24],[-120.164,37.249],[-120.149,37.257],[-120.15,37.265],[-120.177,37.258],[-120.18,37.266],[-120.168,37.281],[-120.191,37.308],[-120.198,37.308],[-120.213,37.335],[-120.205,37.344],[-120.211,37.354],[-120.224,37.353],[-120.228,37.368],[-120.241,37.372],[-120.256,37.414],[-120.265,37.416],[-120.261,37.422],[-120.273,37.432],[-120.273,37.456],[-120.28,37.453],[-120.279,37.438],[-120.292,37.46],[-120.286,37.469],[-120.309,37.484],[-120.326,37.512],[-120.317,37.521],[-120.33,37.526],[-120.336,37.546],[-120.348,37.539],[-120.343,37.559],[-120.376,37.574],[-120.372,37.58],[-120.387,37.588],[-120.393,37.606],[-120.43,37.614],[-120.451,37.626],[-120.455,37.642],[-120.466,37.636],[-120.467,37.645],[-120.477,37.646],[-120.447,37.655],[-120.459,37.664],[-120.447,37.667],[-120.451,37.676],[-120.459,37.672],[-120.465,37.682],[-120.47,37.681],[-120.465,37.675],[-120.471,37.677],[-120.475,37.696],[-120.497,37.707],[-120.497,37.72],[-120.506,37.717],[-120.517,37.732],[-120.537,37.74],[-120.539,37.753],[-120.546,37.752],[-120.543,37.744],[-120.553,37.751],[-120.549,37.763],[-120.574,37.756],[-120.59,37.761],[-120.594,37.753],[-120.608,37.758],[-120.616,37.771],[-120.612,37.778],[-120.63,37.792],[-120.612,37.815],[-120.642,37.8],[-120.627,37.827],[-120.646,37.843],[-120.653,37.836],[-120.652,37.819],[-120.658,37.836],[-120.67,37.836]]]},"properties":{"SHAPE.AREA":5090535558.0448303,"SHAPE.LEN":487542.45367966802,"OBJECTID":75,"HRC":"SJ","HBPA":"SJ","RBU":6535,"HR":6,"RB":5,"HU":35,"HRNAME":"San Joaquin","RBNAME":"Central Valley","HBPANAME":"San Joaquin","HUNAME":"SAN JOAQUIN VALLEY FLOOR","IDNUM":"6535"}},{"type":"Feature","id":103,"geometry":{"type":"Polygon","coordinates":[[[-119.223,36.503],[-119.215,36.494],[-119.215,36.472],[-119.268,36.472],[-119.269,36.429],[-119.404,36.437],[-119.404,36.429],[-119.438,36.416],[-119.479,36.414],[-119.499,36.399],[-119.547,36.395],[-119.547,36.357],[-119.538,36.357],[-119.531,36.319],[-119.547,36.314],[-119.547,36.299],[-119.565,36.299],[-119.565,36.284],[-119.655,36.284],[-119.655,36.269],[-119.673,36.269],[-119.673,36.211],[-119.655,36.211],[-119.655,36.197],[-119.667,36.197],[-119.673,36.182],[-119.7,36.182],[-119.7,36.145],[-119.708,36.145],[-119.708,36.138],[-119.698,36.138],[-119.698,36.123],[-119.717,36.138],[-119.726,36.138],[-119.726,36.129],[-119.753,36.138],[-119.753,36.116],[-119.825,36.116],[-119.825,36.138],[-119.878,36.138],[-119.91,36.094],[-119.923,36.094],[-119.959,36.051],[-119.959,36.036],[-119.968,36.036],[-119.968,36.007],[-120.003,36.014],[-120.003,36.029],[-120.022,36.029],[-120.022,36.036],[-120.049,36.044],[-120.048,36.051],[-120.066,36.051],[-120.084,36.072],[-120.102,36.069],[-120.102,36.087],[-120.12,36.079],[-120.12,36.087],[-120.129,36.087],[-120.12,36.101],[-120.138,36.094],[-120.147,36.098],[-120.147,36.109],[-120.165,36.109],[-120.164,36.098],[-120.191,36.102],[-120.191,36.094],[-120.218,36.094],[-120.218,36.116],[-120.2,36.116],[-120.209,36.127],[-120.193,36.13],[-120.193,36.145],[-120.211,36.152],[-120.211,36.167],[-120.228,36.166],[-120.237,36.152],[-120.26,36.144],[-120.264,36.152],[-120.283,36.151],[-120.283,36.172],[-120.341,36.222],[-120.359,36.226],[-120.376,36.207],[-120.432,36.206],[-120.453,36.214],[-120.428,36.187],[-120.445,36.18],[-120.446,36.17],[-120.403,36.126],[-120.4,36.101],[-120.407,36.096],[-120.4,36.089],[-120.384,36.082],[-120.369,36.098],[-120.334,36.095],[-120.319,36.102],[-120.283,36.087],[-120.241,36.055],[-120.247,36.046],[-120.228,36.045],[-120.249,36.014],[-120.096,35.925],[-120.06,35.892],[-120.062,35.875],[-120.022,35.858],[-120.023,35.843],[-120.004,35.847],[-119.993,35.832],[-120.0,35.828],[-119.989,35.827],[-119.997,35.812],[-119.984,35.816],[-119.981,35.803],[-119.997,35.787],[-120.011,35.784],[-120.031,35.798],[-120.045,35.828],[-120.093,35.847],[-120.113,35.885],[-120.122,35.888],[-120.136,35.879],[-120.141,35.866],[-120.121,35.849],[-120.126,35.838],[-120.113,35.834],[-120.113,35.817],[-120.13,35.819],[-120.119,35.806],[-120.117,35.79],[-120.138,35.784],[-120.143,35.775],[-120.117,35.781],[-120.1,35.766],[-120.081,35.772],[-120.071,35.763],[-120.086,35.757],[-120.071,35.744],[-120.08,35.734],[-120.07,35.73],[-120.063,35.745],[-120.041,35.745],[-120.036,35.754],[-120.012,35.758],[-120.02,35.773],[-119.992,35.777],[-119.996,35.763],[-119.982,35.738],[-119.99,35.739],[-119.998,35.727],[-120.014,35.732],[-120.014,35.709],[-120.002,35.704],[-119.999,35.714],[-119.986,35.714],[-119.976,35.699],[-119.996,35.698],[-119.994,35.688],[-120.008,35.683],[-120.051,35.713],[-120.08,35.707],[-120.074,35.7],[-120.082,35.695],[-120.065,35.69],[-120.077,35.682],[-120.11,35.706],[-120.16,35.713],[-120.16,35.704],[-120.107,35.666],[-120.101,35.654],[-120.14,35.671],[-120.143,35.663],[-120.1,35.633],[-120.085,35.636],[-120.083,35.651],[-120.073,35.642],[-120.066,35.649],[-120.029,35.643],[-119.962,35.599],[-119.96,35.593],[-119.979,35.601],[-119.985,35.594],[-119.971,35.585],[-120.015,35.582],[-120.04,35.562],[-120.002,35.569],[-119.979,35.565],[-119.972,35.554],[-119.989,35.55],[-119.97,35.551],[-119.937,35.526],[-119.931,35.513],[-119.922,35.513],[-119.933,35.503],[-119.912,35.507],[-119.895,35.497],[-119.915,35.481],[-119.884,35.492],[-119.878,35.472],[-119.858,35.466],[-119.844,35.446],[-119.827,35.444],[-119.829,35.436],[-119.817,35.441],[-119.818,35.451],[-119.769,35.419],[-119.789,35.398],[-119.765,35.389],[-119.773,35.374],[-119.755,35.367],[-119.763,35.36],[-119.726,35.359],[-119.715,35.342],[-119.686,35.347],[-119.666,35.319],[-119.638,35.306],[-119.631,35.294],[-119.651,35.291],[-119.658,35.301],[-119.667,35.295],[-119.679,35.307],[-119.702,35.308],[-119.688,35.318],[-119.705,35.314],[-119.763,35.327],[-119.789,35.321],[-119.764,35.321],[-119.719,35.298],[-119.671,35.287],[-119.635,35.264],[-119.638,35.255],[-119.617,35.269],[-119.579,35.252],[-119.56,35.274],[-119.549,35.272],[-119.537,35.288],[-119.518,35.29],[-119.416,35.266],[-119.331,35.263],[-119.328,35.284],[-119.361,35.304],[-119.406,35.371],[-119.445,35.395],[-119.359,35.393],[-119.365,35.415],[-119.358,35.433],[-119.371,35.455],[-119.375,35.499],[-119.327,35.499],[-119.3,35.46],[-119.277,35.459],[-119.258,35.449],[-119.249,35.454],[-119.227,35.391],[-119.202,35.388],[-119.195,35.4],[-119.173,35.409],[-119.17,35.391],[-119.134,35.393],[-119.064,35.445],[-119.06,35.472],[-119.04,35.476],[-119.036,35.467],[-119.017,35.465],[-119.016,35.443],[-119.001,35.431],[-118.995,35.412],[-118.979,35.415],[-118.971,35.425],[-118.955,35.422],[-118.949,35.431],[-118.929,35.428],[-118.927,35.416],[-118.894,35.414],[-118.858,35.394],[-118.828,35.396],[-118.798,35.381],[-118.811,35.372],[-118.825,35.376],[-118.843,35.355],[-118.808,35.348],[-118.808,35.34],[-118.778,35.34],[-118.769,35.357],[-118.767,35.37],[-118.797,35.387],[-118.771,35.38],[-118.778,35.393],[-118.769,35.405],[-118.775,35.415],[-118.783,35.42],[-118.81,35.411],[-118.811,35.423],[-118.799,35.43],[-118.796,35.445],[-118.815,35.458],[-118.812,35.44],[-118.826,35.434],[-118.849,35.447],[-118.878,35.44],[-118.885,35.468],[-118.9,35.456],[-118.928,35.451],[-118.915,35.49],[-118.926,35.498],[-118.925,35.508],[-118.938,35.505],[-118.938,35.519],[-118.946,35.514],[-118.956,35.527],[-118.926,35.519],[-118.932,35.536],[-118.951,35.536],[-118.944,35.553],[-118.948,35.566],[-118.93,35.574],[-118.948,35.576],[-118.934,35.598],[-118.918,35.607],[-118.937,35.621],[-118.931,35.629],[-118.94,35.643],[-118.934,35.658],[-118.945,35.672],[-118.94,35.679],[-118.947,35.694],[-118.937,35.708],[-118.938,35.696],[-118.924,35.687],[-118.932,35.71],[-118.919,35.724],[-118.932,35.723],[-118.943,35.708],[-118.947,35.714],[-118.931,35.732],[-118.938,35.746],[-118.923,35.769],[-118.939,35.821],[-118.923,35.832],[-118.925,35.857],[-118.916,35.886],[-118.938,35.897],[-118.956,35.895],[-118.967,35.905],[-118.965,35.927],[-118.946,35.938],[-118.933,35.928],[-118.922,35.941],[-118.939,35.941],[-118.966,35.977],[-118.967,35.999],[-118.963,35.991],[-118.942,35.999],[-118.94,35.98],[-118.927,35.983],[-118.928,35.993],[-118.89,35.985],[-118.929,36.0],[-118.913,36.007],[-118.964,36.018],[-118.975,36.031],[-118.956,36.037],[-118.938,36.03],[-118.925,36.034],[-118.919,36.04],[-118.925,36.047],[-118.912,36.058],[-118.936,36.051],[-118.944,36.068],[-118.961,36.063],[-118.98,36.073],[-118.989,36.095],[-118.991,36.08],[-119.002,36.102],[-119.033,36.099],[-119.036,36.106],[-119.036,36.116],[-119.024,36.118],[-119.021,36.111],[-118.998,36.11],[-118.995,36.123],[-118.983,36.109],[-118.966,36.106],[-118.965,36.093],[-118.942,36.094],[-118.938,36.103],[-118.974,36.121],[-118.975,36.132],[-118.939,36.115],[-118.95,36.12],[-118.954,36.135],[-118.934,36.151],[-118.965,36.14],[-118.955,36.157],[-118.973,36.16],[-118.979,36.168],[-118.992,36.153],[-118.997,36.186],[-118.968,36.181],[-118.984,36.189],[-118.981,36.206],[-118.989,36.191],[-118.997,36.196],[-119.02,36.188],[-119.025,36.207],[-119.013,36.209],[-119.006,36.223],[-119.025,36.224],[-119.022,36.235],[-119.033,36.244],[-119.042,36.232],[-119.033,36.221],[-119.041,36.209],[-119.036,36.2],[-119.054,36.203],[-119.052,36.211],[-119.064,36.229],[-119.072,36.226],[-119.066,36.242],[-119.085,36.256],[-119.089,36.272],[-119.102,36.274],[-119.111,36.287],[-119.109,36.295],[-119.089,36.299],[-119.099,36.314],[-119.084,36.321],[-119.078,36.307],[-119.086,36.297],[-119.074,36.289],[-119.08,36.278],[-119.055,36.27],[-119.051,36.282],[-119.066,36.307],[-119.055,36.312],[-119.067,36.316],[-119.06,36.321],[-119.065,36.339],[-119.057,36.327],[-119.045,36.336],[-119.037,36.32],[-119.031,36.325],[-119.013,36.313],[-119.03,36.333],[-119.022,36.345],[-119.034,36.339],[-119.038,36.348],[-119.032,36.366],[-119.021,36.362],[-119.015,36.365],[-119.023,36.37],[-119.002,36.372],[-119.012,36.39],[-119.007,36.404],[-119.012,36.411],[-119.001,36.421],[-119.016,36.428],[-119.029,36.449],[-119.03,36.401],[-119.056,36.406],[-119.064,36.417],[-119.082,36.422],[-119.087,36.432],[-119.081,36.44],[-119.05,36.442],[-119.057,36.456],[-119.076,36.453],[-119.069,36.467],[-119.089,36.459],[-119.098,36.447],[-119.111,36.447],[-119.109,36.462],[-119.095,36.48],[-119.106,36.484],[-119.102,36.495],[-119.131,36.515],[-119.113,36.537],[-119.126,36.534],[-119.127,36.546],[-119.14,36.51],[-119.127,36.488],[-119.14,36.485],[-119.14,36.473],[-119.15,36.475],[-119.153,36.493],[-119.175,36.497],[-119.178,36.514],[-119.223,36.503]]]},"properties":{"SHAPE.AREA":10398223729.224001,"SHAPE.LEN":1192988.4522388999,"OBJECTID":103,"HRC":"TL","HBPA":"TL","RBU":7558,"HR":7,"RB":5,"HU":58,"HRNAME":"Tulare Lake","RBNAME":"Central Valley","HBPANAME":"Tulare Lake","HUNAME":"SOUTH VALLEY FLOOR","IDNUM":"7558"}},{"type":"Feature","id":29,"geometry":{"type":"Polygon","coordinates":[[[-121.507,40.486],[-121.521,40.473],[-121.549,40.464],[-121.561,40.441],[-121.549,40.418],[-121.525,40.398],[-121.524,40.371],[-121.546,40.355],[-121.547,40.335],[-121.585,40.324],[-121.588,40.312],[-121.606,40.303],[-121.625,40.321],[-121.687,40.343],[-121.765,40.346],[-121.792,40.357],[-121.816,40.355],[-121.838,40.341],[-121.85,40.348],[-121.912,40.339],[-121.961,40.346],[-121.993,40.343],[-122.003,40.352],[-122.017,40.352],[-122.017,40.315],[-122.086,40.282],[-122.125,40.226],[-122.124,40.21],[-121.985,40.066],[-121.814,39.83],[-121.735,39.758],[-121.733,39.78],[-121.714,39.803],[-121.692,39.866],[-121.678,39.875],[-121.68,39.889],[-121.657,39.9],[-121.645,39.932],[-121.653,39.947],[-121.649,39.976],[-121.625,40.011],[-121.628,40.023],[-121.62,40.037],[-121.587,40.056],[-121.576,40.076],[-121.497,40.115],[-121.52,40.149],[-121.503,40.158],[-121.465,40.147],[-121.446,40.155],[-121.446,40.177],[-121.435,40.182],[-121.443,40.193],[-121.407,40.191],[-121.385,40.21],[-121.369,40.212],[-121.361,40.226],[-121.365,40.246],[-121.35,40.275],[-121.373,40.297],[-121.357,40.297],[-121.342,40.31],[-121.367,40.322],[-121.379,40.339],[-121.473,40.352],[-121.481,40.367],[-121.477,40.377],[-121.486,40.388],[-121.473,40.424],[-121.498,40.432],[-121.494,40.441],[-121.507,40.486]]]},"properties":{"SHAPE.AREA":2317501763.7869501,"SHAPE.LEN":277409.80053962301,"OBJECTID":29,"HRC":"SR","HBPA":"SB","RBU":5509,"HR":5,"RB":5,"HU":9,"HRNAME":"Sacramento River","RBNAME":"Central Valley","HBPANAME":"Sacramento Basin","HUNAME":"EASTERN TEHAMA","IDNUM":"5509"}},{"type":"Feature","id":72,"geometry":{"type":"Polygon","coordinates":[[[-119.495,37.864],[-119.532,37.892],[-119.536,37.903],[-119.572,37.9],[-119.589,37.888],[-119.585,37.876],[-119.598,37.861],[-119.65,37.844],[-119.657,37.832],[-119.649,37.815],[-119.667,37.801],[-119.688,37.802],[-119.707,37.787],[-119.736,37.786],[-119.751,37.773],[-119.802,37.764],[-119.809,37.755],[-119.839,37.771],[-119.852,37.758],[-119.873,37.774],[-119.873,37.766],[-119.884,37.761],[-119.938,37.762],[-119.965,37.783],[-120.027,37.812],[-120.055,37.813],[-120.058,37.825],[-120.08,37.829],[-120.09,37.822],[-120.09,37.811],[-120.127,37.782],[-120.162,37.788],[-120.174,37.8],[-120.183,37.795],[-120.189,37.768],[-120.227,37.76],[-120.238,37.765],[-120.239,37.754],[-120.257,37.747],[-120.26,37.734],[-120.283,37.745],[-120.287,37.729],[-120.308,37.736],[-120.321,37.726],[-120.344,37.726],[-120.306,37.666],[-120.313,37.653],[-120.327,37.649],[-120.353,37.674],[-120.387,37.685],[-120.394,37.668],[-120.376,37.653],[-120.385,37.635],[-120.405,37.623],[-120.41,37.636],[-120.437,37.639],[-120.449,37.625],[-120.394,37.607],[-120.387,37.588],[-120.372,37.58],[-120.376,37.574],[-120.344,37.56],[-120.348,37.539],[-120.334,37.544],[-120.33,37.526],[-120.317,37.52],[-120.326,37.512],[-120.298,37.475],[-120.259,37.513],[-120.247,37.545],[-120.251,37.559],[-120.24,37.555],[-120.218,37.566],[-120.186,37.569],[-120.154,37.556],[-120.153,37.567],[-120.105,37.583],[-120.048,37.531],[-120.004,37.541],[-119.985,37.528],[-119.975,37.539],[-119.951,37.543],[-119.94,37.537],[-119.928,37.506],[-119.899,37.519],[-119.888,37.539],[-119.875,37.542],[-119.885,37.57],[-119.879,37.569],[-119.847,37.542],[-119.826,37.551],[-119.807,37.527],[-119.78,37.521],[-119.768,37.508],[-119.737,37.507],[-119.734,37.521],[-119.709,37.517],[-119.689,37.493],[-119.695,37.484],[-119.69,37.475],[-119.664,37.488],[-119.653,37.472],[-119.616,37.471],[-119.595,37.451],[-119.558,37.448],[-119.518,37.461],[-119.516,37.483],[-119.487,37.479],[-119.464,37.491],[-119.459,37.503],[-119.447,37.506],[-119.451,37.522],[-119.441,37.529],[-119.443,37.537],[-119.423,37.554],[-119.407,37.544],[-119.388,37.554],[-119.387,37.588],[-119.37,37.632],[-119.354,37.627],[-119.327,37.634],[-119.324,37.652],[-119.295,37.668],[-119.29,37.69],[-119.263,37.701],[-119.258,37.715],[-119.261,37.733],[-119.289,37.746],[-119.294,37.766],[-119.312,37.779],[-119.313,37.794],[-119.348,37.804],[-119.355,37.813],[-119.351,37.825],[-119.369,37.828],[-119.375,37.841],[-119.403,37.834],[-119.405,37.85],[-119.426,37.857],[-119.428,37.866],[-119.445,37.859],[-119.443,37.867],[-119.454,37.871],[-119.475,37.859],[-119.495,37.864]]]},"properties":{"SHAPE.AREA":2846101085.40487,"SHAPE.LEN":390458.44300077099,"OBJECTID":72,"HRC":"SJ","HBPA":"SJ","RBU":6537,"HR":6,"RB":5,"HU":37,"HRNAME":"San Joaquin","RBNAME":"Central Valley","HBPANAME":"San Joaquin","HUNAME":"MERCED RIVER","IDNUM":"6537"}},{"type":"Feature","id":36,"geometry":{"type":"Polygon","coordinates":[[[-121.134,39.551],[-121.151,39.54],[-121.156,39.52],[-121.177,39.524],[-121.204,39.516],[-121.208,39.526],[-121.232,39.529],[-121.266,39.516],[-121.299,39.524],[-121.308,39.496],[-121.329,39.497],[-121.358,39.479],[-121.372,39.483],[-121.384,39.505],[-121.417,39.509],[-121.429,39.521],[-121.462,39.511],[-121.479,39.522],[-121.52,39.496],[-121.532,39.443],[-121.518,39.417],[-121.524,39.371],[-121.486,39.329],[-121.495,39.302],[-121.447,39.254],[-121.45,39.233],[-121.426,39.212],[-121.415,39.186],[-121.425,39.181],[-121.404,39.176],[-121.393,39.194],[-121.375,39.201],[-121.355,39.183],[-121.344,39.201],[-121.324,39.202],[-121.298,39.182],[-121.284,39.191],[-121.254,39.183],[-121.249,39.19],[-121.234,39.184],[-121.222,39.192],[-121.213,39.181],[-121.176,39.181],[-121.145,39.163],[-121.133,39.164],[-121.131,39.17],[-121.116,39.168],[-121.109,39.179],[-121.108,39.209],[-121.076,39.199],[-121.081,39.21],[-121.073,39.226],[-121.046,39.237],[-121.042,39.246],[-121.021,39.238],[-120.973,39.238],[-120.927,39.264],[-120.906,39.265],[-120.889,39.287],[-120.856,39.295],[-120.793,39.286],[-120.773,39.306],[-120.738,39.324],[-120.719,39.317],[-120.679,39.323],[-120.674,39.313],[-120.651,39.306],[-120.623,39.317],[-120.615,39.312],[-120.583,39.32],[-120.567,39.302],[-120.541,39.289],[-120.5,39.292],[-120.487,39.283],[-120.473,39.293],[-120.452,39.294],[-120.439,39.282],[-120.414,39.311],[-120.399,39.296],[-120.38,39.309],[-120.329,39.288],[-120.316,39.299],[-120.326,39.315],[-120.322,39.325],[-120.343,39.346],[-120.341,39.359],[-120.365,39.384],[-120.359,39.401],[-120.369,39.425],[-120.418,39.419],[-120.422,39.436],[-120.455,39.419],[-120.455,39.432],[-120.465,39.436],[-120.465,39.455],[-120.452,39.462],[-120.438,39.484],[-120.442,39.513],[-120.43,39.517],[-120.454,39.555],[-120.489,39.589],[-120.49,39.641],[-120.529,39.66],[-120.56,39.664],[-120.58,39.683],[-120.604,39.689],[-120.634,39.664],[-120.671,39.66],[-120.684,39.666],[-120.684,39.681],[-120.716,39.706],[-120.75,39.72],[-120.792,39.71],[-120.794,39.718],[-120.809,39.721],[-120.816,39.747],[-120.84,39.747],[-120.871,39.777],[-120.923,39.751],[-120.946,39.728],[-120.948,39.713],[-120.965,39.702],[-121.008,39.703],[-121.008,39.662],[-121.025,39.651],[-121.047,39.65],[-121.046,39.638],[-121.076,39.61],[-121.081,39.586],[-121.099,39.581],[-121.107,39.565],[-121.134,39.551]]]},"properties":{"SHAPE.AREA":3871253401.01265,"SHAPE.LEN":377796.03117211704,"OBJECTID":36,"HRC":"SR","HBPA":"SB","RBU":5517,"HR":5,"RB":5,"HU":17,"HRNAME":"Sacramento River","RBNAME":"Central Valley","HBPANAME":"Sacramento Basin","HUNAME":"YUBA RIVER","IDNUM":"5517"}},{"type":"Feature","id":56,"geometry":{"type":"Polygon","coordinates":[[[-121.843,38.082],[-121.863,38.066],[-121.846,38.059],[-121.833,38.033],[-121.793,38.026],[-121.745,38.031],[-121.699,38.051],[-121.683,38.066],[-121.686,38.086],[-121.671,38.097],[-121.637,38.09],[-121.629,38.102],[-121.605,38.109],[-121.568,38.098],[-121.586,38.113],[-121.585,38.123],[-121.558,38.138],[-121.56,38.145],[-121.537,38.152],[-121.525,38.173],[-121.529,38.196],[-121.51,38.206],[-121.507,38.224],[-121.492,38.228],[-121.479,38.247],[-121.482,38.258],[-121.442,38.258],[-121.439,38.269],[-121.419,38.282],[-121.42,38.29],[-121.441,38.29],[-121.446,38.339],[-121.482,38.339],[-121.483,38.496],[-121.52,38.496],[-121.53,38.529],[-121.511,38.543],[-121.52,38.565],[-121.505,38.586],[-121.538,38.588],[-121.639,38.567],[-121.632,38.522],[-121.658,38.515],[-121.659,38.487],[-121.677,38.487],[-121.675,38.466],[-121.712,38.46],[-121.721,38.43],[-121.703,38.423],[-121.703,38.416],[-121.731,38.423],[-121.731,38.387],[-121.74,38.387],[-121.749,38.402],[-121.768,38.402],[-121.768,38.394],[-121.777,38.395],[-121.777,38.373],[-121.823,38.377],[-121.823,38.388],[-121.841,38.388],[-121.841,38.363],[-121.831,38.339],[-121.816,38.335],[-121.806,38.314],[-121.788,38.3],[-121.796,38.3],[-121.796,38.293],[-121.787,38.292],[-121.787,38.285],[-121.805,38.285],[-121.805,38.271],[-121.832,38.271],[-121.832,38.264],[-121.842,38.264],[-121.842,38.249],[-121.806,38.249],[-121.806,38.242],[-121.787,38.242],[-121.787,38.234],[-121.769,38.234],[-121.769,38.227],[-121.732,38.22],[-121.732,38.209],[-121.714,38.209],[-121.714,38.195],[-121.68,38.168],[-121.708,38.117],[-121.744,38.09],[-121.763,38.081],[-121.843,38.082]]]},"properties":{"SHAPE.AREA":1171394319.39131,"SHAPE.LEN":242918.77559564603,"OBJECTID":56,"HRC":"SR","HBPA":"SB","RBU":5510,"HR":5,"RB":5,"HU":10,"HRNAME":"Sacramento River","RBNAME":"Central Valley","HBPANAME":"Sacramento Basin","HUNAME":"SACRAMENTO DELTA","IDNUM":"5510"}},{"type":"Feature","id":46,"geometry":{"type":"Polygon","coordinates":[[[-121.303,38.986],[-121.321,38.961],[-121.347,38.947],[-121.366,38.956],[-121.433,38.956],[-121.452,38.97],[-121.479,38.975],[-121.528,38.964],[-121.544,38.97],[-121.548,38.957],[-121.568,38.942],[-121.57,38.918],[-121.582,38.901],[-121.592,38.907],[-121.637,38.893],[-121.636,38.882],[-121.664,38.826],[-121.655,38.785],[-121.677,38.76],[-121.668,38.759],[-121.663,38.769],[-121.635,38.768],[-121.626,38.785],[-121.606,38.78],[-121.596,38.768],[-121.593,38.757],[-121.606,38.719],[-121.633,38.695],[-121.632,38.681],[-121.593,38.643],[-121.568,38.646],[-121.56,38.612],[-121.55,38.599],[-121.527,38.604],[-121.509,38.598],[-121.505,38.586],[-121.52,38.565],[-121.511,38.544],[-121.53,38.529],[-121.52,38.496],[-121.483,38.496],[-121.482,38.339],[-121.446,38.339],[-121.441,38.29],[-121.42,38.29],[-121.42,38.283],[-121.405,38.302],[-121.407,38.316],[-121.392,38.329],[-121.401,38.342],[-121.364,38.355],[-121.367,38.37],[-121.335,38.388],[-121.302,38.439],[-121.274,38.449],[-121.282,38.467],[-121.277,38.476],[-121.237,38.477],[-121.205,38.507],[-121.192,38.53],[-121.175,38.537],[-121.176,38.568],[-121.154,38.607],[-121.142,38.611],[-121.145,38.632],[-121.156,38.639],[-121.144,38.65],[-121.149,38.663],[-121.119,38.666],[-121.11,38.677],[-121.11,38.703],[-121.12,38.698],[-121.121,38.683],[-121.149,38.676],[-121.183,38.682],[-121.187,38.698],[-121.181,38.711],[-121.208,38.713],[-121.199,38.72],[-121.212,38.721],[-121.215,38.737],[-121.201,38.742],[-121.225,38.753],[-121.248,38.784],[-121.226,38.834],[-121.229,38.856],[-121.238,38.868],[-121.288,38.876],[-121.264,38.896],[-121.268,38.929],[-121.263,38.934],[-121.297,38.942],[-121.288,38.958],[-121.3,38.965],[-121.303,38.986]]]},"properties":{"SHAPE.AREA":1994767440.24663,"SHAPE.LEN":269006.08460286702,"OBJECTID":46,"HRC":"SR","HBPA":"SB","RBU":5519,"HR":5,"RB":5,"HU":19,"HRNAME":"Sacramento River","RBNAME":"Central Valley","HBPANAME":"Sacramento Basin","HUNAME":"VALLEY-AMERICAN","IDNUM":"5519"}},{"type":"Feature","id":55,"geometry":{"type":"Polygon","coordinates":[[[-121.142,38.614],[-121.154,38.607],[-121.176,38.568],[-121.175,38.537],[-121.192,38.53],[-121.205,38.507],[-121.237,38.477],[-121.277,38.476],[-121.282,38.467],[-121.274,38.449],[-121.302,38.439],[-121.335,38.388],[-121.367,38.37],[-121.364,38.355],[-121.401,38.342],[-121.392,38.329],[-121.407,38.316],[-121.405,38.302],[-121.418,38.283],[-121.401,38.283],[-121.401,38.273],[-121.392,38.273],[-121.402,38.253],[-121.373,38.231],[-121.373,38.209],[-121.409,38.204],[-121.408,38.189],[-121.399,38.182],[-121.398,38.121],[-121.386,38.097],[-121.353,38.075],[-121.35,38.045],[-121.324,38.02],[-121.315,37.995],[-121.3,37.999],[-121.297,37.992],[-121.31,37.984],[-121.294,37.967],[-121.288,37.941],[-121.295,37.932],[-121.29,37.907],[-121.299,37.898],[-121.288,37.901],[-121.241,37.866],[-121.156,37.834],[-121.137,37.806],[-121.11,37.806],[-121.101,37.821],[-121.088,37.821],[-121.083,37.835],[-121.056,37.835],[-121.056,37.828],[-121.074,37.828],[-121.074,37.821],[-121.055,37.817],[-121.037,37.818],[-121.037,37.828],[-121.01,37.828],[-121.01,37.857],[-120.928,37.858],[-120.927,37.874],[-120.837,37.886],[-120.819,37.882],[-120.818,37.872],[-120.795,37.864],[-120.763,37.834],[-120.736,37.831],[-120.72,37.841],[-120.67,37.836],[-120.7,37.854],[-120.696,37.867],[-120.725,37.871],[-120.755,37.9],[-120.753,37.911],[-120.76,37.904],[-120.772,37.924],[-120.79,37.931],[-120.79,37.94],[-120.775,37.941],[-120.781,37.966],[-120.794,37.973],[-120.809,37.968],[-120.832,37.985],[-120.83,37.99],[-120.819,37.986],[-120.822,37.996],[-120.815,37.999],[-120.83,38.024],[-120.827,38.041],[-120.851,38.064],[-120.842,38.069],[-120.851,38.07],[-120.834,38.094],[-120.862,38.082],[-120.87,38.088],[-120.859,38.099],[-120.869,38.096],[-120.878,38.104],[-120.865,38.118],[-120.867,38.128],[-120.851,38.132],[-120.858,38.147],[-120.844,38.168],[-120.802,38.182],[-120.791,38.192],[-120.816,38.188],[-120.809,38.211],[-120.818,38.213],[-120.808,38.224],[-120.81,38.234],[-120.842,38.236],[-120.837,38.216],[-120.852,38.219],[-120.845,38.211],[-120.852,38.209],[-120.849,38.201],[-120.858,38.208],[-120.868,38.2],[-120.896,38.217],[-120.905,38.205],[-120.91,38.218],[-120.89,38.232],[-120.887,38.248],[-120.874,38.252],[-120.887,38.273],[-120.883,38.285],[-120.894,38.309],[-120.919,38.349],[-120.934,38.354],[-120.939,38.38],[-120.954,38.382],[-120.964,38.404],[-120.987,38.41],[-120.986,38.431],[-121.016,38.464],[-121.01,38.47],[-121.015,38.481],[-121.025,38.481],[-121.045,38.501],[-121.067,38.491],[-121.091,38.493],[-121.091,38.512],[-121.1,38.522],[-121.089,38.526],[-121.097,38.531],[-121.091,38.541],[-121.116,38.541],[-121.119,38.531],[-121.132,38.536],[-121.134,38.559],[-121.14,38.56],[-121.128,38.566],[-121.13,38.589],[-121.142,38.614]]]},"properties":{"SHAPE.AREA":3073776089.9903302,"SHAPE.LEN":369157.91600036505,"OBJECTID":55,"HRC":"SJ","HBPA":"SJ","RBU":6531,"HR":6,"RB":5,"HU":31,"HRNAME":"San Joaquin","RBNAME":"Central Valley","HBPANAME":"San Joaquin","HUNAME":"NORTH VALLEY FLOOR","IDNUM":"6531"}},{"type":"Feature","id":63,"geometry":{"type":"Polygon","coordinates":[[[-121.418,38.283],[-121.439,38.269],[-121.442,38.258],[-121.482,38.258],[-121.479,38.247],[-121.492,38.228],[-121.507,38.224],[-121.51,38.206],[-121.529,38.196],[-121.525,38.173],[-121.537,38.152],[-121.56,38.145],[-121.558,38.138],[-121.585,38.123],[-121.586,38.113],[-121.568,38.098],[-121.605,38.109],[-121.629,38.102],[-121.637,38.09],[-121.671,38.097],[-121.686,38.086],[-121.683,38.066],[-121.699,38.051],[-121.746,38.03],[-121.803,38.026],[-121.829,38.037],[-121.843,38.025],[-121.853,37.998],[-121.825,37.976],[-121.783,37.987],[-121.779,37.976],[-121.749,37.983],[-121.733,37.973],[-121.749,37.968],[-121.746,37.962],[-121.76,37.969],[-121.759,37.958],[-121.751,37.962],[-121.744,37.954],[-121.751,37.954],[-121.751,37.946],[-121.736,37.931],[-121.741,37.92],[-121.734,37.912],[-121.724,37.918],[-121.72,37.891],[-121.685,37.895],[-121.678,37.882],[-121.652,37.874],[-121.66,37.86],[-121.642,37.86],[-121.642,37.853],[-121.628,37.849],[-121.628,37.824],[-121.614,37.817],[-121.614,37.802],[-121.632,37.795],[-121.587,37.788],[-121.587,37.776],[-121.55,37.745],[-121.523,37.748],[-121.468,37.716],[-121.435,37.712],[-121.435,37.689],[-121.421,37.696],[-121.42,37.682],[-121.389,37.682],[-121.389,37.674],[-121.371,37.667],[-121.37,37.645],[-121.315,37.638],[-121.315,37.624],[-121.293,37.624],[-121.288,37.631],[-121.343,37.681],[-121.335,37.689],[-121.298,37.696],[-121.273,37.672],[-121.265,37.676],[-121.25,37.664],[-121.244,37.673],[-121.231,37.663],[-121.221,37.672],[-121.223,37.684],[-121.206,37.691],[-121.206,37.71],[-121.197,37.71],[-121.197,37.718],[-121.215,37.718],[-121.216,37.739],[-121.252,37.739],[-121.252,37.754],[-121.261,37.754],[-121.261,37.783],[-121.28,37.789],[-121.28,37.801],[-121.271,37.805],[-121.284,37.812],[-121.282,37.845],[-121.287,37.856],[-121.301,37.856],[-121.304,37.897],[-121.29,37.907],[-121.295,37.932],[-121.288,37.941],[-121.294,37.967],[-121.31,37.984],[-121.297,37.992],[-121.3,37.999],[-121.315,37.995],[-121.324,38.02],[-121.35,38.045],[-121.353,38.075],[-121.386,38.097],[-121.398,38.121],[-121.399,38.182],[-121.408,38.189],[-121.409,38.204],[-121.373,38.209],[-121.373,38.231],[-121.402,38.253],[-121.392,38.273],[-121.401,38.273],[-121.401,38.283],[-121.418,38.283]]]},"properties":{"SHAPE.AREA":1753549596.56528,"SHAPE.LEN":299612.07350747002,"OBJECTID":63,"HRC":"SJ","HBPA":"SJ","RBU":6544,"HR":6,"RB":5,"HU":44,"HRNAME":"San Joaquin","RBNAME":"Central Valley","HBPANAME":"San Joaquin","HUNAME":"SAN JOAQUIN DELTA","IDNUM":"6544"}},{"type":"Feature","id":22,"geometry":{"type":"Polygon","coordinates":[[[-121.958,40.804],[-121.996,40.791],[-122.037,40.798],[-122.053,40.773],[-122.069,40.772],[-122.07,40.759],[-122.089,40.745],[-122.126,40.738],[-122.145,40.717],[-122.166,40.728],[-122.178,40.718],[-122.229,40.723],[-122.247,40.734],[-122.268,40.72],[-122.251,40.711],[-122.264,40.699],[-122.269,40.681],[-122.244,40.649],[-122.228,40.642],[-122.213,40.651],[-122.205,40.645],[-122.187,40.654],[-122.167,40.653],[-122.135,40.63],[-122.14,40.609],[-122.128,40.597],[-122.145,40.574],[-122.13,40.54],[-122.044,40.411],[-122.018,40.352],[-122.003,40.352],[-121.993,40.343],[-121.961,40.346],[-121.912,40.339],[-121.85,40.348],[-121.838,40.341],[-121.816,40.355],[-121.792,40.357],[-121.765,40.346],[-121.687,40.343],[-121.625,40.321],[-121.606,40.303],[-121.588,40.312],[-121.585,40.324],[-121.547,40.335],[-121.546,40.355],[-121.524,40.371],[-121.524,40.393],[-121.561,40.441],[-121.549,40.464],[-121.536,40.465],[-121.508,40.485],[-121.506,40.502],[-121.524,40.523],[-121.521,40.532],[-121.54,40.538],[-121.55,40.557],[-121.564,40.553],[-121.566,40.561],[-121.584,40.563],[-121.606,40.588],[-121.619,40.587],[-121.626,40.609],[-121.617,40.616],[-121.644,40.643],[-121.639,40.662],[-121.668,40.666],[-121.704,40.699],[-121.751,40.711],[-121.76,40.718],[-121.754,40.739],[-121.779,40.732],[-121.789,40.742],[-121.785,40.757],[-121.794,40.773],[-121.813,40.786],[-121.834,40.795],[-121.862,40.785],[-121.872,40.793],[-121.958,40.804]]]},"properties":{"SHAPE.AREA":2140727513.20207,"SHAPE.LEN":234178.96045340601,"OBJECTID":22,"HRC":"SR","HBPA":"SB","RBU":5507,"HR":5,"RB":5,"HU":7,"HRNAME":"Sacramento River","RBNAME":"Central Valley","HBPANAME":"Sacramento Basin","HUNAME":"WHITMORE","IDNUM":"5507"}},{"type":"Feature","id":26,"geometry":{"type":"Polygon","coordinates":[[[-122.387,40.615],[-122.412,40.603],[-122.414,40.56],[-122.428,40.555],[-122.43,40.538],[-122.424,40.531],[-122.434,40.512],[-122.464,40.493],[-122.499,40.494],[-122.531,40.511],[-122.542,40.504],[-122.552,40.486],[-122.544,40.477],[-122.547,40.45],[-122.539,40.45],[-122.531,40.423],[-122.535,40.406],[-122.567,40.353],[-122.614,40.333],[-122.627,40.32],[-122.626,40.311],[-122.591,40.284],[-122.602,40.278],[-122.592,40.262],[-122.61,40.255],[-122.622,40.237],[-122.611,40.209],[-122.569,40.196],[-122.557,40.178],[-122.557,40.164],[-122.479,40.226],[-122.425,40.251],[-122.351,40.266],[-122.312,40.282],[-122.286,40.277],[-122.267,40.29],[-122.249,40.259],[-122.233,40.253],[-122.224,40.234],[-122.215,40.23],[-122.192,40.245],[-122.17,40.247],[-122.145,40.275],[-122.121,40.286],[-122.099,40.264],[-122.073,40.291],[-122.016,40.317],[-122.015,40.343],[-122.037,40.398],[-122.113,40.524],[-122.13,40.54],[-122.145,40.574],[-122.128,40.597],[-122.14,40.609],[-122.132,40.625],[-122.146,40.642],[-122.185,40.654],[-122.204,40.645],[-122.213,40.651],[-122.235,40.644],[-122.27,40.681],[-122.28,40.682],[-122.319,40.674],[-122.34,40.641],[-122.387,40.615]]]},"properties":{"SHAPE.AREA":1650633842.35992,"SHAPE.LEN":210279.77340452,"OBJECTID":26,"HRC":"SR","HBPA":"SB","RBU":5508,"HR":5,"RB":5,"HU":8,"HRNAME":"Sacramento River","RBNAME":"Central Valley","HBPANAME":"Sacramento Basin","HUNAME":"REDDING","IDNUM":"5508"}},{"type":"Feature","id":42,"geometry":{"type":"Polygon","coordinates":[[[-123.024,39.32],[-123.017,39.292],[-123.023,39.283],[-123.008,39.273],[-122.994,39.239],[-123.012,39.23],[-123.012,39.219],[-123.026,39.221],[-123.015,39.21],[-123.052,39.166],[-123.064,39.173],[-123.083,39.155],[-123.075,39.146],[-123.077,39.131],[-123.085,39.126],[-123.085,39.102],[-123.096,39.096],[-123.097,39.083],[-123.056,39.053],[-123.064,39.037],[-123.05,39.015],[-123.012,38.996],[-122.993,38.999],[-122.975,38.98],[-122.978,38.942],[-122.964,38.937],[-122.97,38.926],[-122.963,38.927],[-122.954,38.912],[-122.912,38.902],[-122.856,38.863],[-122.829,38.862],[-122.812,38.838],[-122.796,38.839],[-122.747,38.802],[-122.681,38.818],[-122.735,38.852],[-122.73,38.863],[-122.671,38.869],[-122.654,38.86],[-122.647,38.846],[-122.623,38.842],[-122.619,38.833],[-122.589,38.849],[-122.574,38.845],[-122.568,38.873],[-122.556,38.879],[-122.563,38.891],[-122.551,38.898],[-122.558,38.908],[-122.535,38.92],[-122.494,38.903],[-122.481,38.895],[-122.486,38.884],[-122.464,38.878],[-122.431,38.886],[-122.433,38.894],[-122.423,38.9],[-122.392,38.868],[-122.391,38.857],[-122.352,38.836],[-122.325,38.846],[-122.315,38.839],[-122.288,38.84],[-122.289,38.881],[-122.275,38.891],[-122.274,38.907],[-122.285,38.924],[-122.303,38.92],[-122.319,38.938],[-122.322,39.02],[-122.348,39.029],[-122.359,39.056],[-122.372,39.045],[-122.386,39.046],[-122.403,39.081],[-122.421,39.151],[-122.414,39.152],[-122.409,39.177],[-122.417,39.225],[-122.432,39.226],[-122.43,39.207],[-122.443,39.212],[-122.445,39.204],[-122.457,39.203],[-122.481,39.24],[-122.526,39.231],[-122.566,39.262],[-122.569,39.247],[-122.586,39.237],[-122.587,39.219],[-122.595,39.214],[-122.623,39.223],[-122.649,39.214],[-122.665,39.218],[-122.68,39.224],[-122.676,39.23],[-122.69,39.246],[-122.711,39.256],[-122.724,39.245],[-122.751,39.242],[-122.774,39.254],[-122.811,39.26],[-122.847,39.24],[-122.859,39.254],[-122.907,39.279],[-122.943,39.312],[-122.978,39.306],[-123.01,39.321],[-123.024,39.32]]]},"properties":{"SHAPE.AREA":2469916982.7799101,"SHAPE.LEN":315576.198788871,"OBJECTID":42,"HRC":"SR","HBPA":"SB","RBU":5513,"HR":5,"RB":5,"HU":13,"HRNAME":"Sacramento River","RBNAME":"Central Valley","HBPANAME":"Sacramento Basin","HUNAME":"CACHE CREEK","IDNUM":"5513"}},{"type":"Feature","id":92,"geometry":{"type":"Polygon","coordinates":[[[-119.7,36.914],[-119.744,36.921],[-119.775,36.91],[-119.789,36.896],[-119.787,36.877],[-119.811,36.864],[-119.819,36.848],[-119.841,36.861],[-119.854,36.851],[-119.885,36.859],[-119.912,36.845],[-119.928,36.848],[-119.942,36.834],[-119.968,36.832],[-119.985,36.841],[-119.992,36.829],[-120.013,36.828],[-120.028,36.815],[-120.08,36.825],[-120.157,36.797],[-120.172,36.803],[-120.189,36.777],[-120.202,36.79],[-120.218,36.79],[-120.233,36.781],[-120.233,36.768],[-120.25,36.775],[-120.274,36.774],[-120.281,36.766],[-120.286,36.773],[-120.292,36.763],[-120.293,36.772],[-120.306,36.771],[-120.301,36.778],[-120.322,36.778],[-120.323,36.786],[-120.335,36.783],[-120.334,36.791],[-120.349,36.798],[-120.345,36.785],[-120.369,36.785],[-120.371,36.778],[-120.421,36.76],[-120.476,36.807],[-120.477,36.792],[-120.594,36.793],[-120.603,36.778],[-120.621,36.778],[-120.621,36.757],[-120.64,36.749],[-120.64,36.742],[-120.626,36.742],[-120.631,36.728],[-120.658,36.717],[-120.658,36.706],[-120.676,36.707],[-120.676,36.692],[-120.706,36.687],[-120.703,36.663],[-120.665,36.629],[-120.71,36.618],[-120.69,36.597],[-120.699,36.573],[-120.683,36.584],[-120.684,36.606],[-120.657,36.623],[-120.648,36.601],[-120.66,36.599],[-120.661,36.61],[-120.681,36.605],[-120.668,36.579],[-120.633,36.573],[-120.642,36.584],[-120.521,36.521],[-120.477,36.473],[-120.427,36.389],[-120.333,36.325],[-120.308,36.299],[-120.283,36.305],[-120.272,36.28],[-120.275,36.225],[-120.256,36.19],[-120.263,36.173],[-120.283,36.172],[-120.283,36.151],[-120.264,36.152],[-120.26,36.144],[-120.237,36.152],[-120.228,36.166],[-120.211,36.167],[-120.211,36.152],[-120.193,36.145],[-120.193,36.13],[-120.209,36.127],[-120.2,36.116],[-120.218,36.116],[-120.218,36.094],[-120.191,36.094],[-120.191,36.102],[-120.164,36.098],[-120.165,36.109],[-120.147,36.109],[-120.147,36.098],[-120.138,36.094],[-120.12,36.101],[-120.129,36.087],[-120.12,36.087],[-120.12,36.079],[-120.102,36.087],[-120.102,36.069],[-120.084,36.072],[-120.066,36.051],[-120.048,36.051],[-120.049,36.044],[-120.022,36.036],[-120.022,36.029],[-120.003,36.029],[-120.003,36.014],[-119.968,36.007],[-119.968,36.036],[-119.959,36.036],[-119.959,36.051],[-119.923,36.094],[-119.91,36.094],[-119.878,36.138],[-119.825,36.138],[-119.825,36.116],[-119.753,36.116],[-119.753,36.138],[-119.726,36.129],[-119.726,36.138],[-119.717,36.138],[-119.698,36.123],[-119.698,36.138],[-119.708,36.138],[-119.708,36.145],[-119.7,36.145],[-119.7,36.182],[-119.673,36.182],[-119.667,36.197],[-119.655,36.197],[-119.655,36.211],[-119.673,36.211],[-119.673,36.269],[-119.655,36.269],[-119.655,36.284],[-119.565,36.284],[-119.565,36.299],[-119.547,36.299],[-119.547,36.314],[-119.531,36.319],[-119.538,36.357],[-119.547,36.357],[-119.547,36.395],[-119.499,36.399],[-119.479,36.414],[-119.438,36.416],[-119.404,36.429],[-119.404,36.437],[-119.269,36.429],[-119.268,36.472],[-119.215,36.472],[-119.215,36.494],[-119.24,36.509],[-119.235,36.528],[-119.192,36.537],[-119.181,36.548],[-119.186,36.56],[-119.197,36.555],[-119.208,36.566],[-119.235,36.56],[-119.244,36.571],[-119.233,36.581],[-119.245,36.589],[-119.285,36.593],[-119.238,36.604],[-119.236,36.627],[-119.239,36.64],[-119.253,36.625],[-119.264,36.626],[-119.258,36.633],[-119.275,36.64],[-119.266,36.651],[-119.277,36.651],[-119.299,36.672],[-119.296,36.705],[-119.309,36.702],[-119.331,36.668],[-119.34,36.667],[-119.346,36.688],[-119.335,36.708],[-119.322,36.715],[-119.372,36.724],[-119.368,36.737],[-119.346,36.746],[-119.35,36.751],[-119.338,36.757],[-119.357,36.756],[-119.341,36.771],[-119.352,36.776],[-119.382,36.766],[-119.372,36.749],[-119.397,36.723],[-119.429,36.72],[-119.442,36.73],[-119.441,36.737],[-119.423,36.737],[-119.403,36.762],[-119.389,36.767],[-119.405,36.788],[-119.384,36.804],[-119.382,36.815],[-119.344,36.821],[-119.339,36.831],[-119.358,36.824],[-119.367,36.831],[-119.37,36.823],[-119.387,36.819],[-119.395,36.802],[-119.424,36.795],[-119.431,36.785],[-119.445,36.783],[-119.454,36.794],[-119.501,36.769],[-119.506,36.79],[-119.499,36.798],[-119.523,36.818],[-119.496,36.831],[-119.527,36.846],[-119.518,36.859],[-119.542,36.868],[-119.545,36.877],[-119.514,36.908],[-119.503,36.937],[-119.545,36.923],[-119.54,36.915],[-119.59,36.873],[-119.595,36.885],[-119.611,36.877],[-119.622,36.888],[-119.651,36.893],[-119.667,36.876],[-119.686,36.877],[-119.685,36.886],[-119.673,36.892],[-119.684,36.899],[-119.693,36.895],[-119.7,36.914]]]},"properties":{"SHAPE.AREA":7478677897.6616096,"SHAPE.LEN":647879.02517897508,"OBJECTID":92,"HRC":"TL","HBPA":"TL","RBU":7551,"HR":7,"RB":5,"HU":51,"HRNAME":"Tulare Lake","RBNAME":"Central Valley","HBPANAME":"Tulare Lake","HUNAME":"SOUTH VALLEY FLOOR","IDNUM":"7551"}},{"type":"Feature","id":61,"geometry":{"type":"Polygon","coordinates":[[[-120.253,38.336],[-120.321,38.302],[-120.374,38.29],[-120.463,38.33],[-120.511,38.328],[-120.552,38.34],[-120.568,38.335],[-120.582,38.354],[-120.59,38.355],[-120.594,38.335],[-120.649,38.328],[-120.67,38.316],[-120.672,38.301],[-120.724,38.286],[-120.745,38.248],[-120.766,38.229],[-120.771,38.2],[-120.781,38.203],[-120.793,38.184],[-120.843,38.169],[-120.858,38.147],[-120.851,38.132],[-120.867,38.128],[-120.865,38.118],[-120.878,38.104],[-120.869,38.096],[-120.859,38.099],[-120.87,38.088],[-120.862,38.082],[-120.834,38.094],[-120.851,38.07],[-120.842,38.069],[-120.851,38.065],[-120.84,38.048],[-120.827,38.046],[-120.815,38.056],[-120.798,38.049],[-120.771,38.059],[-120.76,38.073],[-120.733,38.054],[-120.714,38.072],[-120.69,38.079],[-120.663,38.055],[-120.661,38.045],[-120.604,38.009],[-120.59,38.023],[-120.609,38.037],[-120.6,38.041],[-120.592,38.059],[-120.568,38.068],[-120.55,38.094],[-120.537,38.094],[-120.521,38.113],[-120.5,38.121],[-120.49,38.142],[-120.45,38.152],[-120.433,38.166],[-120.385,38.171],[-120.382,38.181],[-120.363,38.189],[-120.374,38.201],[-120.371,38.21],[-120.381,38.213],[-120.374,38.23],[-120.357,38.238],[-120.331,38.268],[-120.3,38.273],[-120.286,38.283],[-120.285,38.294],[-120.252,38.318],[-120.253,38.336]]]},"properties":{"SHAPE.AREA":991393627.82344604,"SHAPE.LEN":194593.419545463,"OBJECTID":61,"HRC":"SJ","HBPA":"SJ","RBU":6533,"HR":6,"RB":5,"HU":33,"HRNAME":"San Joaquin","RBNAME":"Central Valley","HBPANAME":"San Joaquin","HUNAME":"UPPER CALAVERAS","IDNUM":"6533"}},{"type":"Feature","id":68,"geometry":{"type":"Polygon","coordinates":[[[-120.832,38.046],[-120.825,38.038],[-120.83,38.024],[-120.815,37.999],[-120.822,37.996],[-120.819,37.986],[-120.83,37.99],[-120.832,37.985],[-120.809,37.968],[-120.794,37.973],[-120.781,37.966],[-120.775,37.941],[-120.79,37.94],[-120.79,37.931],[-120.772,37.924],[-120.76,37.904],[-120.753,37.911],[-120.755,37.9],[-120.725,37.871],[-120.694,37.865],[-120.701,37.855],[-120.691,37.844],[-120.661,37.837],[-120.61,37.883],[-120.607,37.906],[-120.649,37.942],[-120.664,37.978],[-120.655,37.982],[-120.668,37.999],[-120.647,38.012],[-120.656,38.039],[-120.689,38.079],[-120.714,38.072],[-120.733,38.054],[-120.76,38.073],[-120.774,38.058],[-120.799,38.049],[-120.816,38.056],[-120.832,38.046]]]},"properties":{"SHAPE.AREA":297878231.92475498,"SHAPE.LEN":98726.645976601692,"OBJECTID":68,"HRC":"SJ","HBPA":"SJ","RBU":6570,"HR":6,"RB":5,"HU":70,"HRNAME":"San Joaquin","RBNAME":"Central Valley","HBPANAME":"San Joaquin","HUNAME":"GOPHER RIDGE","IDNUM":"6570"}},{"type":"Feature","id":10,"geometry":{"type":"Polygon","coordinates":[[[-122.103,41.499],[-122.142,41.506],[-122.162,41.479],[-122.17,41.453],[-122.19,41.431],[-122.199,41.402],[-122.196,41.37],[-122.217,41.331],[-122.213,41.265],[-122.172,41.257],[-122.168,41.245],[-122.183,41.236],[-122.185,41.223],[-122.174,41.22],[-122.168,41.208],[-122.201,41.199],[-122.189,41.179],[-122.192,41.167],[-122.206,41.168],[-122.218,41.148],[-122.236,41.148],[-122.277,41.123],[-122.254,41.092],[-122.253,41.073],[-122.271,41.053],[-122.254,41.047],[-122.27,41.03],[-122.258,41.012],[-122.275,41.0],[-122.274,40.991],[-122.243,40.983],[-122.227,40.971],[-122.218,40.957],[-122.224,40.94],[-122.218,40.935],[-122.191,40.95],[-122.142,40.942],[-122.152,40.927],[-122.136,40.913],[-122.138,40.904],[-122.167,40.901],[-122.178,40.878],[-122.174,40.866],[-122.187,40.849],[-122.154,40.851],[-122.126,40.84],[-122.112,40.84],[-122.093,40.859],[-122.082,40.903],[-122.069,40.916],[-122.024,40.916],[-122.025,41.0],[-122.039,41.019],[-122.019,41.052],[-122.024,41.061],[-122.01,41.081],[-121.969,41.106],[-121.966,41.098],[-121.946,41.099],[-121.953,41.108],[-121.948,41.118],[-121.979,41.132],[-121.974,41.15],[-121.963,41.152],[-121.96,41.16],[-121.92,41.158],[-121.887,41.178],[-121.817,41.167],[-121.781,41.171],[-121.764,41.192],[-121.783,41.266],[-121.764,41.299],[-121.789,41.358],[-121.808,41.35],[-121.83,41.359],[-121.827,41.408],[-121.804,41.417],[-121.855,41.515],[-121.887,41.512],[-121.911,41.475],[-121.956,41.473],[-121.978,41.461],[-122.012,41.474],[-122.03,41.46],[-122.046,41.459],[-122.05,41.446],[-122.059,41.452],[-122.06,41.478],[-122.083,41.498],[-122.103,41.499]]]},"properties":{"SHAPE.AREA":1772202773.8882501,"SHAPE.LEN":273098.00025601598,"OBJECTID":10,"HRC":"SR","HBPA":"SB","RBU":5505,"HR":5,"RB":5,"HU":5,"HRNAME":"Sacramento River","RBNAME":"Central Valley","HBPANAME":"Sacramento Basin","HUNAME":"MC CLOUD RIVER","IDNUM":"5505"}},{"type":"Feature","id":89,"geometry":{"type":"Polygon","coordinates":[[[-118.676,37.107],[-118.716,37.107],[-118.723,37.099],[-118.716,37.094],[-118.739,37.079],[-118.766,37.1],[-118.777,37.12],[-118.792,37.125],[-118.792,37.141],[-118.824,37.17],[-118.827,37.183],[-118.873,37.185],[-118.899,37.209],[-118.948,37.195],[-118.974,37.202],[-118.98,37.187],[-119.005,37.178],[-119.051,37.182],[-119.057,37.17],[-119.094,37.176],[-119.111,37.16],[-119.137,37.165],[-119.155,37.149],[-119.178,37.15],[-119.19,37.141],[-119.204,37.1],[-119.226,37.089],[-119.284,37.092],[-119.344,37.06],[-119.42,37.065],[-119.422,37.053],[-119.407,37.04],[-119.42,37.009],[-119.46,37.009],[-119.465,36.979],[-119.508,36.962],[-119.514,36.95],[-119.522,36.957],[-119.572,36.951],[-119.614,36.922],[-119.646,36.932],[-119.677,36.924],[-119.692,36.928],[-119.7,36.911],[-119.693,36.895],[-119.684,36.899],[-119.673,36.892],[-119.685,36.886],[-119.686,36.877],[-119.667,36.876],[-119.651,36.893],[-119.622,36.888],[-119.611,36.877],[-119.595,36.885],[-119.59,36.873],[-119.54,36.915],[-119.545,36.923],[-119.503,36.937],[-119.514,36.908],[-119.545,36.877],[-119.542,36.868],[-119.518,36.859],[-119.527,36.846],[-119.496,36.831],[-119.523,36.818],[-119.499,36.798],[-119.506,36.79],[-119.501,36.769],[-119.454,36.794],[-119.445,36.783],[-119.431,36.785],[-119.424,36.795],[-119.395,36.802],[-119.387,36.819],[-119.37,36.823],[-119.367,36.831],[-119.358,36.824],[-119.339,36.831],[-119.344,36.821],[-119.382,36.815],[-119.384,36.804],[-119.405,36.788],[-119.389,36.767],[-119.403,36.762],[-119.422,36.738],[-119.443,36.734],[-119.429,36.72],[-119.397,36.723],[-119.372,36.749],[-119.382,36.766],[-119.352,36.776],[-119.341,36.771],[-119.357,36.756],[-119.338,36.757],[-119.35,36.751],[-119.346,36.746],[-119.368,36.737],[-119.372,36.724],[-119.322,36.715],[-119.335,36.708],[-119.346,36.688],[-119.337,36.665],[-119.313,36.691],[-119.315,36.705],[-119.303,36.713],[-119.292,36.741],[-119.28,36.747],[-119.27,36.74],[-119.273,36.722],[-119.266,36.705],[-119.24,36.704],[-119.223,36.72],[-119.205,36.712],[-119.188,36.719],[-119.159,36.709],[-119.159,36.702],[-119.132,36.685],[-119.106,36.678],[-119.056,36.682],[-119.031,36.667],[-119.023,36.686],[-119.008,36.686],[-118.986,36.709],[-118.942,36.727],[-118.916,36.726],[-118.889,36.709],[-118.87,36.72],[-118.859,36.702],[-118.829,36.697],[-118.814,36.705],[-118.801,36.694],[-118.793,36.697],[-118.776,36.679],[-118.722,36.673],[-118.707,36.665],[-118.69,36.638],[-118.638,36.637],[-118.612,36.625],[-118.603,36.611],[-118.582,36.613],[-118.583,36.604],[-118.575,36.598],[-118.526,36.594],[-118.488,36.631],[-118.474,36.669],[-118.449,36.686],[-118.434,36.685],[-118.426,36.698],[-118.407,36.7],[-118.352,36.695],[-118.334,36.706],[-118.339,36.729],[-118.369,36.75],[-118.38,36.784],[-118.374,36.8],[-118.393,36.83],[-118.361,36.845],[-118.37,36.871],[-118.361,36.885],[-118.366,36.906],[-118.393,36.953],[-118.404,36.957],[-118.408,36.981],[-118.421,36.991],[-118.413,37.0],[-118.427,37.012],[-118.423,37.027],[-118.438,37.04],[-118.436,37.06],[-118.447,37.069],[-118.467,37.067],[-118.503,37.096],[-118.522,37.099],[-118.531,37.112],[-118.565,37.114],[-118.568,37.123],[-118.585,37.124],[-118.593,37.138],[-118.614,37.143],[-118.668,37.137],[-118.676,37.107]]]},"properties":{"SHAPE.AREA":4789592549.3719501,"SHAPE.LEN":496283.265323081,"OBJECTID":89,"HRC":"TL","HBPA":"TL","RBU":7552,"HR":7,"RB":5,"HU":52,"HRNAME":"Tulare Lake","RBNAME":"Central Valley","HBPANAME":"Tulare Lake","HUNAME":"KINGS RIVER","IDNUM":"7552"}},{"type":"Feature","id":30,"geometry":{"type":"Polygon","coordinates":[[[-122.099,40.264],[-122.121,40.286],[-122.145,40.275],[-122.17,40.247],[-122.192,40.245],[-122.215,40.23],[-122.224,40.234],[-122.233,40.253],[-122.249,40.259],[-122.267,40.29],[-122.286,40.277],[-122.319,40.281],[-122.337,40.269],[-122.443,40.244],[-122.479,40.226],[-122.557,40.164],[-122.549,40.153],[-122.56,40.145],[-122.552,40.124],[-122.519,40.089],[-122.521,40.071],[-122.536,40.069],[-122.539,40.059],[-122.506,40.056],[-122.487,40.033],[-122.518,40.0],[-122.51,39.985],[-122.518,39.954],[-122.508,39.945],[-122.518,39.929],[-122.509,39.882],[-122.517,39.88],[-122.518,39.869],[-122.548,39.861],[-122.519,39.848],[-122.522,39.838],[-122.515,39.832],[-122.488,39.826],[-122.477,39.815],[-122.477,39.794],[-122.463,39.784],[-122.481,39.762],[-122.46,39.76],[-122.467,39.733],[-122.447,39.743],[-122.416,39.739],[-122.413,39.721],[-122.445,39.701],[-122.373,39.721],[-122.323,39.765],[-122.291,39.775],[-122.267,39.762],[-122.207,39.764],[-122.177,39.752],[-122.161,39.758],[-122.093,39.734],[-122.061,39.738],[-122.05,39.726],[-122.007,39.718],[-121.988,39.691],[-121.932,39.694],[-121.866,39.712],[-121.842,39.732],[-121.751,39.772],[-121.819,39.835],[-121.985,40.066],[-122.125,40.211],[-122.124,40.229],[-122.099,40.264]]]},"properties":{"SHAPE.AREA":2831885376.5668602,"SHAPE.LEN":279539.94846607302,"OBJECTID":30,"HRC":"SR","HBPA":"SB","RBU":5504,"HR":5,"RB":5,"HU":4,"HRNAME":"Sacramento River","RBNAME":"Central Valley","HBPANAME":"Sacramento Basin","HUNAME":"TEHAMA","IDNUM":"5504"}},{"type":"Feature","id":79,"geometry":{"type":"Polygon","coordinates":[[[-121.315,37.624],[-121.364,37.624],[-121.41,37.636],[-121.442,37.626],[-121.394,37.591],[-121.403,37.584],[-121.379,37.578],[-121.375,37.562],[-121.37,37.576],[-121.355,37.573],[-121.285,37.537],[-121.246,37.502],[-121.215,37.489],[-121.183,37.454],[-121.183,37.441],[-121.198,37.45],[-121.183,37.41],[-121.18,37.372],[-121.2,37.368],[-121.162,37.357],[-121.145,37.324],[-121.143,37.333],[-121.131,37.33],[-121.127,37.317],[-121.137,37.303],[-121.103,37.269],[-121.113,37.268],[-121.099,37.265],[-121.119,37.262],[-121.13,37.25],[-121.156,37.26],[-121.102,37.225],[-121.089,37.201],[-121.069,37.185],[-121.073,37.172],[-121.059,37.16],[-121.08,37.157],[-121.062,37.149],[-121.058,37.124],[-121.079,37.131],[-121.088,37.124],[-121.081,37.111],[-121.067,37.108],[-121.057,37.076],[-121.077,37.077],[-121.071,37.052],[-121.06,37.047],[-121.045,37.055],[-121.024,37.034],[-121.012,37.054],[-120.975,37.053],[-120.939,37.033],[-120.928,37.016],[-120.934,37.002],[-120.961,36.999],[-120.954,36.989],[-120.934,36.993],[-120.93,36.985],[-120.957,36.976],[-120.963,36.957],[-120.978,36.946],[-120.973,36.938],[-121.003,36.946],[-121.004,36.92],[-120.994,36.923],[-120.979,36.913],[-120.973,36.926],[-120.986,36.928],[-120.957,36.933],[-120.954,36.943],[-120.948,36.938],[-120.954,36.929],[-120.92,36.917],[-120.949,36.976],[-120.937,36.969],[-120.912,36.973],[-120.929,36.952],[-120.919,36.93],[-120.896,36.945],[-120.89,36.942],[-120.902,36.938],[-120.899,36.926],[-120.852,36.934],[-120.798,36.876],[-120.794,36.856],[-120.816,36.841],[-120.802,36.825],[-120.795,36.839],[-120.78,36.835],[-120.786,36.816],[-120.771,36.812],[-120.807,36.801],[-120.816,36.802],[-120.812,36.813],[-120.837,36.812],[-120.81,36.783],[-120.845,36.798],[-120.841,36.784],[-120.862,36.792],[-120.881,36.78],[-120.894,36.793],[-120.904,36.787],[-120.901,36.706],[-120.887,36.7],[-120.876,36.681],[-120.839,36.665],[-120.826,36.647],[-120.846,36.707],[-120.842,36.741],[-120.789,36.768],[-120.751,36.755],[-120.752,36.747],[-120.726,36.733],[-120.706,36.687],[-120.698,36.686],[-120.676,36.692],[-120.676,36.707],[-120.658,36.706],[-120.658,36.717],[-120.631,36.728],[-120.626,36.742],[-120.64,36.742],[-120.64,36.749],[-120.621,36.757],[-120.621,36.778],[-120.603,36.778],[-120.594,36.793],[-120.477,36.792],[-120.476,36.807],[-120.421,36.76],[-120.369,36.779],[-120.369,36.81],[-120.376,36.808],[-120.389,36.825],[-120.403,36.824],[-120.41,36.84],[-120.426,36.84],[-120.454,36.863],[-120.45,36.871],[-120.459,36.875],[-120.454,36.881],[-120.467,36.893],[-120.464,36.906],[-120.45,36.913],[-120.462,36.917],[-120.457,36.923],[-120.475,36.94],[-120.489,36.966],[-120.484,36.972],[-120.5,36.982],[-120.503,37.001],[-120.545,37.027],[-120.538,37.034],[-120.541,37.049],[-120.59,37.113],[-120.622,37.122],[-120.641,37.118],[-120.647,37.14],[-120.679,37.154],[-120.685,37.144],[-120.697,37.15],[-120.706,37.144],[-120.709,37.151],[-120.756,37.159],[-120.75,37.166],[-120.766,37.182],[-120.763,37.204],[-120.771,37.213],[-120.776,37.207],[-120.784,37.223],[-120.799,37.223],[-120.816,37.236],[-120.817,37.252],[-120.833,37.267],[-120.827,37.281],[-120.843,37.282],[-120.842,37.295],[-120.872,37.285],[-120.881,37.298],[-120.922,37.296],[-120.926,37.307],[-120.939,37.311],[-120.934,37.317],[-120.945,37.322],[-120.943,37.332],[-120.978,37.341],[-120.981,37.365],[-120.973,37.376],[-120.984,37.376],[-120.984,37.386],[-120.993,37.384],[-120.985,37.4],[-121.003,37.412],[-121.0,37.428],[-121.013,37.426],[-121.023,37.434],[-121.027,37.449],[-121.043,37.458],[-121.034,37.464],[-121.06,37.486],[-121.07,37.481],[-121.098,37.524],[-121.11,37.526],[-121.123,37.554],[-121.137,37.561],[-121.153,37.558],[-121.156,37.582],[-121.165,37.581],[-121.177,37.594],[-121.17,37.599],[-121.179,37.599],[-121.173,37.61],[-121.183,37.614],[-121.184,37.626],[-121.196,37.638],[-121.213,37.627],[-121.217,37.638],[-121.229,37.64],[-121.223,37.649],[-121.24,37.656],[-121.244,37.673],[-121.25,37.664],[-121.265,37.676],[-121.273,37.672],[-121.298,37.696],[-121.335,37.689],[-121.343,37.681],[-121.288,37.631],[-121.293,37.624],[-121.315,37.624]]]},"properties":{"SHAPE.AREA":2819379924.5441899,"SHAPE.LEN":596867.81836023997,"OBJECTID":79,"HRC":"SJ","HBPA":"SJ","RBU":6541,"HR":6,"RB":5,"HU":41,"HRNAME":"San Joaquin","RBNAME":"Central Valley","HBPANAME":"San Joaquin","HUNAME":"DELTA-MENDOTA CANAL","IDNUM":"6541"}},{"type":"Feature","id":32,"geometry":{"type":"Polygon","coordinates":[[[-121.446,40.155],[-121.465,40.147],[-121.503,40.158],[-121.52,40.149],[-121.497,40.115],[-121.576,40.076],[-121.587,40.056],[-121.62,40.037],[-121.628,40.023],[-121.625,40.011],[-121.649,39.976],[-121.653,39.947],[-121.645,39.932],[-121.657,39.9],[-121.68,39.889],[-121.679,39.875],[-121.692,39.866],[-121.714,39.803],[-121.733,39.78],[-121.735,39.758],[-121.711,39.728],[-121.64,39.655],[-121.586,39.622],[-121.604,39.592],[-121.644,39.569],[-121.636,39.515],[-121.626,39.528],[-121.593,39.544],[-121.55,39.554],[-121.555,39.564],[-121.54,39.573],[-121.536,39.584],[-121.544,39.615],[-121.529,39.62],[-121.533,39.643],[-121.526,39.645],[-121.532,39.651],[-121.546,39.645],[-121.545,39.661],[-121.573,39.683],[-121.578,39.722],[-121.568,39.762],[-121.579,39.778],[-121.581,39.825],[-121.555,39.87],[-121.579,39.887],[-121.576,39.897],[-121.586,39.914],[-121.577,39.918],[-121.577,39.928],[-121.548,39.937],[-121.551,39.948],[-121.54,39.971],[-121.545,39.986],[-121.533,40.026],[-121.517,40.047],[-121.459,40.074],[-121.445,40.093],[-121.43,40.091],[-121.419,40.078],[-121.42,40.064],[-121.398,40.053],[-121.381,40.053],[-121.373,40.075],[-121.372,40.101],[-121.402,40.125],[-121.415,40.158],[-121.432,40.151],[-121.446,40.155]]]},"properties":{"SHAPE.AREA":641098476.962062,"SHAPE.LEN":212749.15076299399,"OBJECTID":32,"HRC":"SR","HBPA":"SB","RBU":5521,"HR":5,"RB":5,"HU":21,"HRNAME":"Sacramento River","RBNAME":"Central Valley","HBPANAME":"Sacramento Basin","HUNAME":"BUTTE CREEK","IDNUM":"5521"}},{"type":"Feature","id":44,"geometry":{"type":"Polygon","coordinates":[[[-120.327,39.288],[-120.38,39.309],[-120.399,39.296],[-120.414,39.311],[-120.439,39.282],[-120.452,39.294],[-120.473,39.293],[-120.487,39.283],[-120.5,39.292],[-120.531,39.286],[-120.567,39.302],[-120.582,39.32],[-120.615,39.312],[-120.623,39.317],[-120.693,39.291],[-120.718,39.267],[-120.771,39.242],[-120.773,39.227],[-120.784,39.215],[-120.819,39.206],[-120.822,39.195],[-120.849,39.186],[-120.869,39.164],[-120.925,39.136],[-120.935,39.122],[-120.944,39.123],[-120.969,39.081],[-120.974,39.055],[-120.983,39.051],[-120.973,39.032],[-120.977,39.018],[-121.02,38.979],[-121.045,38.995],[-121.067,38.993],[-121.115,39.009],[-121.131,38.998],[-121.132,38.987],[-121.156,38.987],[-121.176,38.998],[-121.183,39.0],[-121.184,38.987],[-121.221,38.997],[-121.238,39.01],[-121.288,39.012],[-121.303,38.986],[-121.3,38.965],[-121.288,38.958],[-121.298,38.943],[-121.263,38.934],[-121.268,38.929],[-121.264,38.896],[-121.288,38.876],[-121.232,38.862],[-121.226,38.834],[-121.248,38.784],[-121.225,38.753],[-121.201,38.742],[-121.215,38.737],[-121.212,38.721],[-121.199,38.72],[-121.209,38.714],[-121.181,38.711],[-121.187,38.698],[-121.183,38.682],[-121.149,38.676],[-121.121,38.683],[-121.12,38.698],[-121.11,38.703],[-121.11,38.677],[-121.118,38.667],[-121.149,38.663],[-121.144,38.65],[-121.156,38.639],[-121.145,38.632],[-121.142,38.614],[-121.123,38.618],[-121.111,38.611],[-121.09,38.618],[-121.083,38.627],[-121.096,38.647],[-121.085,38.651],[-121.085,38.674],[-121.034,38.688],[-121.005,38.681],[-121.01,38.702],[-120.994,38.714],[-120.984,38.698],[-120.968,38.696],[-120.96,38.673],[-120.935,38.669],[-120.927,38.658],[-120.914,38.675],[-120.9,38.668],[-120.882,38.678],[-120.858,38.668],[-120.856,38.634],[-120.848,38.638],[-120.836,38.691],[-120.824,38.699],[-120.792,38.696],[-120.766,38.678],[-120.745,38.674],[-120.718,38.701],[-120.693,38.697],[-120.641,38.704],[-120.591,38.739],[-120.576,38.738],[-120.554,38.757],[-120.536,38.75],[-120.442,38.747],[-120.391,38.705],[-120.357,38.704],[-120.291,38.667],[-120.249,38.658],[-120.235,38.642],[-120.239,38.63],[-120.23,38.628],[-120.171,38.632],[-120.146,38.644],[-120.142,38.631],[-120.121,38.615],[-120.102,38.626],[-120.063,38.629],[-120.052,38.647],[-120.016,38.665],[-119.986,38.664],[-119.983,38.682],[-119.993,38.708],[-120.018,38.71],[-120.036,38.735],[-120.052,38.741],[-120.046,38.763],[-120.054,38.795],[-120.028,38.807],[-120.03,38.823],[-120.044,38.832],[-120.098,38.83],[-120.112,38.855],[-120.153,38.885],[-120.151,38.901],[-120.164,38.923],[-120.147,38.934],[-120.151,38.949],[-120.141,38.965],[-120.158,38.981],[-120.184,38.983],[-120.204,39.012],[-120.206,39.02],[-120.189,39.029],[-120.192,39.046],[-120.201,39.048],[-120.198,39.066],[-120.225,39.064],[-120.233,39.077],[-120.252,39.084],[-120.234,39.112],[-120.247,39.125],[-120.243,39.134],[-120.253,39.165],[-120.246,39.176],[-120.27,39.181],[-120.287,39.198],[-120.264,39.223],[-120.297,39.265],[-120.327,39.288]]]},"properties":{"SHAPE.AREA":5310666801.87393,"SHAPE.LEN":469098.137949695,"OBJECTID":44,"HRC":"SR","HBPA":"SB","RBU":5514,"HR":5,"RB":5,"HU":14,"HRNAME":"Sacramento River","RBNAME":"Central Valley","HBPANAME":"Sacramento Basin","HUNAME":"AMERICAN RIVER","IDNUM":"5514"}},{"type":"Feature","id":96,"geometry":{"type":"Polygon","coordinates":[[[-119.31,36.698],[-119.296,36.705],[-119.299,36.672],[-119.277,36.651],[-119.266,36.651],[-119.276,36.642],[-119.257,36.632],[-119.264,36.626],[-119.248,36.627],[-119.238,36.638],[-119.238,36.604],[-119.285,36.593],[-119.234,36.583],[-119.244,36.567],[-119.229,36.558],[-119.208,36.566],[-119.197,36.555],[-119.184,36.557],[-119.182,36.546],[-119.192,36.537],[-119.235,36.528],[-119.236,36.504],[-119.201,36.505],[-119.178,36.514],[-119.175,36.497],[-119.153,36.493],[-119.15,36.475],[-119.14,36.473],[-119.14,36.485],[-119.127,36.488],[-119.14,36.51],[-119.127,36.546],[-119.126,36.534],[-119.113,36.537],[-119.131,36.515],[-119.102,36.495],[-119.106,36.484],[-119.095,36.48],[-119.109,36.462],[-119.111,36.447],[-119.098,36.447],[-119.089,36.459],[-119.069,36.467],[-119.076,36.453],[-119.057,36.456],[-119.05,36.442],[-119.081,36.44],[-119.087,36.432],[-119.082,36.422],[-119.064,36.417],[-119.056,36.406],[-119.03,36.401],[-119.029,36.449],[-119.016,36.428],[-119.001,36.421],[-119.012,36.411],[-119.007,36.404],[-119.012,36.39],[-119.002,36.372],[-119.023,36.37],[-119.015,36.365],[-119.021,36.362],[-119.032,36.366],[-119.038,36.348],[-119.034,36.339],[-119.022,36.345],[-119.03,36.333],[-119.013,36.313],[-119.031,36.325],[-119.037,36.32],[-119.045,36.336],[-119.057,36.327],[-119.065,36.339],[-119.06,36.321],[-119.067,36.316],[-119.055,36.312],[-119.066,36.307],[-119.051,36.282],[-119.055,36.27],[-119.08,36.278],[-119.074,36.289],[-119.086,36.297],[-119.078,36.307],[-119.084,36.321],[-119.099,36.314],[-119.089,36.299],[-119.109,36.295],[-119.111,36.287],[-119.102,36.274],[-119.089,36.272],[-119.085,36.256],[-119.066,36.242],[-119.072,36.226],[-119.064,36.229],[-119.052,36.211],[-119.054,36.203],[-119.036,36.2],[-119.041,36.209],[-119.033,36.221],[-119.042,36.232],[-119.033,36.244],[-119.022,36.235],[-119.025,36.224],[-119.006,36.223],[-119.013,36.209],[-119.025,36.207],[-119.02,36.188],[-118.997,36.196],[-118.989,36.191],[-118.981,36.207],[-118.984,36.189],[-118.968,36.181],[-118.997,36.186],[-118.987,36.174],[-118.923,36.183],[-118.914,36.177],[-118.86,36.201],[-118.853,36.211],[-118.857,36.248],[-118.84,36.287],[-118.809,36.29],[-118.801,36.313],[-118.697,36.324],[-118.682,36.337],[-118.67,36.321],[-118.639,36.323],[-118.639,36.314],[-118.628,36.307],[-118.613,36.315],[-118.608,36.331],[-118.592,36.335],[-118.596,36.359],[-118.58,36.378],[-118.592,36.385],[-118.581,36.398],[-118.551,36.406],[-118.543,36.417],[-118.56,36.438],[-118.545,36.471],[-118.555,36.491],[-118.569,36.499],[-118.559,36.515],[-118.566,36.535],[-118.552,36.554],[-118.555,36.57],[-118.531,36.582],[-118.531,36.593],[-118.575,36.598],[-118.583,36.604],[-118.582,36.613],[-118.603,36.611],[-118.612,36.625],[-118.638,36.637],[-118.69,36.638],[-118.707,36.665],[-118.723,36.674],[-118.776,36.679],[-118.793,36.697],[-118.801,36.694],[-118.814,36.706],[-118.829,36.697],[-118.859,36.702],[-118.87,36.72],[-118.889,36.709],[-118.916,36.726],[-118.942,36.727],[-118.986,36.709],[-119.009,36.686],[-119.023,36.687],[-119.031,36.667],[-119.056,36.682],[-119.106,36.678],[-119.132,36.685],[-119.159,36.702],[-119.159,36.709],[-119.188,36.719],[-119.205,36.712],[-119.223,36.72],[-119.24,36.704],[-119.266,36.705],[-119.273,36.722],[-119.27,36.74],[-119.28,36.747],[-119.292,36.741],[-119.303,36.713],[-119.315,36.705],[-119.31,36.698]]]},"properties":{"SHAPE.AREA":2428490350.9131999,"SHAPE.LEN":424249.967949674,"OBJECTID":96,"HRC":"TL","HBPA":"TL","RBU":7553,"HR":7,"RB":5,"HU":53,"HRNAME":"Tulare Lake","RBNAME":"Central Valley","HBPANAME":"Tulare Lake","HUNAME":"KAWEAH RIVER","IDNUM":"7553"}},{"type":"Feature","id":43,"geometry":{"type":"Polygon","coordinates":[[[-121.108,39.209],[-121.109,39.179],[-121.116,39.168],[-121.131,39.17],[-121.133,39.164],[-121.145,39.163],[-121.176,39.181],[-121.213,39.181],[-121.222,39.192],[-121.234,39.184],[-121.249,39.19],[-121.254,39.183],[-121.284,39.191],[-121.298,39.182],[-121.324,39.202],[-121.344,39.201],[-121.356,39.183],[-121.375,39.201],[-121.393,39.194],[-121.404,39.176],[-121.427,39.179],[-121.434,39.151],[-121.428,39.146],[-121.421,39.152],[-121.414,39.127],[-121.403,39.134],[-121.401,39.127],[-121.381,39.131],[-121.386,39.113],[-121.363,39.123],[-121.351,39.1],[-121.352,39.064],[-121.34,39.052],[-121.335,39.018],[-121.346,39.008],[-121.341,38.999],[-121.308,38.996],[-121.303,38.986],[-121.288,39.012],[-121.239,39.01],[-121.201,38.991],[-121.184,38.987],[-121.183,39.0],[-121.165,38.987],[-121.134,38.987],[-121.131,38.998],[-121.115,39.009],[-121.067,38.993],[-121.045,38.995],[-121.021,38.979],[-120.977,39.018],[-120.973,39.032],[-120.983,39.051],[-120.974,39.055],[-120.969,39.081],[-120.944,39.123],[-120.935,39.122],[-120.925,39.136],[-120.869,39.164],[-120.849,39.186],[-120.822,39.195],[-120.819,39.206],[-120.784,39.215],[-120.765,39.247],[-120.718,39.267],[-120.692,39.292],[-120.651,39.306],[-120.674,39.313],[-120.679,39.323],[-120.707,39.317],[-120.743,39.323],[-120.791,39.287],[-120.861,39.294],[-120.89,39.287],[-120.906,39.265],[-120.927,39.264],[-120.973,39.238],[-121.021,39.238],[-121.042,39.246],[-121.046,39.237],[-121.073,39.226],[-121.081,39.211],[-121.078,39.198],[-121.108,39.209]]]},"properties":{"SHAPE.AREA":1041481158.44223,"SHAPE.LEN":229844.84457533501,"OBJECTID":43,"HRC":"SR","HBPA":"SB","RBU":5516,"HR":5,"RB":5,"HU":16,"HRNAME":"Sacramento River","RBNAME":"Central Valley","HBPANAME":"Sacramento Basin","HUNAME":"BEAR RIVER","IDNUM":"5516"}},{"type":"Feature","id":50,"geometry":{"type":"Polygon","coordinates":[[[-121.987,38.329],[-121.965,38.329],[-121.928,38.294],[-121.895,38.294],[-121.884,38.282],[-121.884,38.268],[-121.868,38.261],[-121.88,38.23],[-121.869,38.228],[-121.87,38.204],[-121.848,38.194],[-121.851,38.182],[-121.836,38.165],[-121.834,38.15],[-121.822,38.154],[-121.81,38.142],[-121.83,38.126],[-121.829,38.116],[-121.846,38.111],[-121.839,38.094],[-121.843,38.082],[-121.763,38.081],[-121.744,38.09],[-121.708,38.117],[-121.68,38.168],[-121.714,38.195],[-121.714,38.209],[-121.732,38.209],[-121.732,38.22],[-121.769,38.227],[-121.769,38.234],[-121.787,38.234],[-121.787,38.242],[-121.806,38.242],[-121.806,38.249],[-121.842,38.249],[-121.842,38.264],[-121.832,38.264],[-121.832,38.271],[-121.805,38.271],[-121.805,38.285],[-121.787,38.285],[-121.787,38.292],[-121.796,38.293],[-121.796,38.3],[-121.788,38.3],[-121.806,38.314],[-121.816,38.335],[-121.831,38.339],[-121.841,38.363],[-121.841,38.388],[-121.823,38.388],[-121.823,38.377],[-121.777,38.373],[-121.777,38.395],[-121.768,38.394],[-121.768,38.402],[-121.749,38.402],[-121.74,38.387],[-121.731,38.387],[-121.731,38.423],[-121.703,38.416],[-121.703,38.423],[-121.721,38.43],[-121.712,38.46],[-121.675,38.466],[-121.677,38.487],[-121.659,38.487],[-121.658,38.515],[-121.632,38.522],[-121.639,38.567],[-121.538,38.588],[-121.507,38.586],[-121.509,38.598],[-121.527,38.604],[-121.55,38.599],[-121.56,38.612],[-121.568,38.646],[-121.593,38.643],[-121.632,38.679],[-121.633,38.695],[-121.608,38.716],[-121.593,38.757],[-121.606,38.78],[-121.63,38.784],[-121.635,38.768],[-121.663,38.769],[-121.669,38.759],[-121.689,38.764],[-121.693,38.748],[-121.68,38.727],[-121.746,38.729],[-121.763,38.721],[-121.786,38.735],[-121.805,38.734],[-121.817,38.716],[-121.874,38.692],[-121.899,38.703],[-121.895,38.711],[-121.914,38.727],[-121.91,38.741],[-121.923,38.738],[-121.936,38.759],[-121.949,38.755],[-121.96,38.765],[-121.982,38.769],[-121.986,38.78],[-122.0,38.78],[-122.019,38.803],[-122.055,38.795],[-122.1,38.8],[-122.126,38.786],[-122.138,38.802],[-122.149,38.846],[-122.175,38.85],[-122.191,38.887],[-122.215,38.913],[-122.233,38.925],[-122.247,38.92],[-122.261,38.926],[-122.249,38.908],[-122.266,38.906],[-122.224,38.846],[-122.198,38.748],[-122.18,38.71],[-122.148,38.707],[-122.114,38.692],[-122.067,38.649],[-122.072,38.641],[-122.065,38.636],[-122.063,38.601],[-122.056,38.595],[-122.061,38.561],[-122.044,38.512],[-122.061,38.516],[-122.027,38.48],[-122.019,38.441],[-121.999,38.419],[-121.997,38.404],[-122.013,38.358],[-121.987,38.329]]]},"properties":{"SHAPE.AREA":2017783483.5418899,"SHAPE.LEN":387328.31045234902,"OBJECTID":50,"HRC":"SR","HBPA":"SB","RBU":5511,"HR":5,"RB":5,"HU":11,"HRNAME":"Sacramento River","RBNAME":"Central Valley","HBPANAME":"Sacramento Basin","HUNAME":"VALLEY PUTAH-CACHE","IDNUM":"5511"}},{"type":"Feature","id":128,"geometry":{"type":"Polygon","coordinates":[[[-119.06,35.472],[-119.064,35.445],[-119.134,35.393],[-119.17,35.391],[-119.173,35.409],[-119.204,35.388],[-119.228,35.392],[-119.249,35.454],[-119.258,35.449],[-119.277,35.459],[-119.3,35.46],[-119.327,35.499],[-119.375,35.499],[-119.371,35.455],[-119.358,35.433],[-119.365,35.415],[-119.359,35.393],[-119.445,35.395],[-119.406,35.371],[-119.361,35.304],[-119.328,35.284],[-119.331,35.263],[-119.416,35.266],[-119.443,35.277],[-119.536,35.289],[-119.579,35.252],[-119.618,35.269],[-119.638,35.255],[-119.635,35.243],[-119.651,35.247],[-119.66,35.236],[-119.629,35.234],[-119.668,35.228],[-119.635,35.223],[-119.645,35.216],[-119.629,35.221],[-119.589,35.188],[-119.592,35.194],[-119.58,35.193],[-119.57,35.173],[-119.555,35.17],[-119.56,35.167],[-119.54,35.141],[-119.511,35.134],[-119.507,35.119],[-119.469,35.09],[-119.462,35.093],[-119.458,35.072],[-119.428,35.061],[-119.424,35.055],[-119.435,35.053],[-119.43,35.047],[-119.436,35.036],[-119.45,35.035],[-119.442,35.027],[-119.451,35.012],[-119.426,35.021],[-119.429,35.027],[-119.416,35.03],[-119.412,35.043],[-119.395,35.021],[-119.4,35.038],[-119.388,35.037],[-119.382,35.024],[-119.359,35.019],[-119.39,35.011],[-119.37,35.011],[-119.363,35.003],[-119.359,35.013],[-119.343,35.015],[-119.346,34.999],[-119.339,35.009],[-119.323,35.012],[-119.327,35.001],[-119.319,34.998],[-119.291,35.0],[-119.329,34.981],[-119.286,34.963],[-119.306,34.955],[-119.304,34.938],[-119.291,34.934],[-119.202,34.956],[-119.197,34.954],[-119.203,34.948],[-119.228,34.948],[-119.194,34.942],[-119.184,34.931],[-119.165,34.935],[-119.181,34.959],[-119.103,34.984],[-119.104,34.993],[-119.094,34.997],[-119.096,34.982],[-119.073,34.958],[-119.044,34.957],[-119.052,34.955],[-119.041,34.944],[-119.027,34.958],[-119.007,34.945],[-118.98,34.944],[-118.964,34.925],[-118.948,34.927],[-118.943,34.911],[-118.928,34.915],[-118.934,34.919],[-118.932,34.931],[-118.924,34.921],[-118.908,34.92],[-118.906,34.934],[-118.913,34.938],[-118.891,34.929],[-118.849,34.94],[-118.835,34.924],[-118.836,34.941],[-118.825,34.941],[-118.822,34.96],[-118.806,34.961],[-118.794,34.973],[-118.784,34.97],[-118.754,34.999],[-118.751,35.015],[-118.727,35.021],[-118.706,35.008],[-118.712,35.016],[-118.706,35.019],[-118.716,35.025],[-118.71,35.032],[-118.677,35.049],[-118.652,35.04],[-118.678,35.061],[-118.676,35.07],[-118.698,35.073],[-118.713,35.066],[-118.719,35.072],[-118.701,35.08],[-118.713,35.085],[-118.726,35.075],[-118.766,35.105],[-118.776,35.097],[-118.787,35.101],[-118.799,35.133],[-118.776,35.14],[-118.795,35.161],[-118.765,35.183],[-118.742,35.187],[-118.742,35.205],[-118.706,35.217],[-118.715,35.221],[-118.703,35.237],[-118.707,35.25],[-118.713,35.256],[-118.736,35.25],[-118.734,35.264],[-118.717,35.261],[-118.735,35.27],[-118.737,35.278],[-118.672,35.27],[-118.642,35.28],[-118.664,35.27],[-118.666,35.256],[-118.689,35.243],[-118.698,35.227],[-118.625,35.268],[-118.622,35.263],[-118.624,35.278],[-118.602,35.269],[-118.608,35.276],[-118.591,35.282],[-118.582,35.294],[-118.603,35.293],[-118.592,35.299],[-118.61,35.299],[-118.602,35.306],[-118.611,35.312],[-118.637,35.295],[-118.665,35.297],[-118.683,35.321],[-118.746,35.359],[-118.76,35.375],[-118.771,35.372],[-118.766,35.367],[-118.778,35.34],[-118.808,35.34],[-118.808,35.348],[-118.825,35.347],[-118.825,35.355],[-118.843,35.355],[-118.843,35.361],[-118.825,35.376],[-118.811,35.372],[-118.798,35.382],[-118.828,35.396],[-118.858,35.394],[-118.894,35.414],[-118.922,35.415],[-118.929,35.428],[-118.948,35.431],[-118.955,35.422],[-118.971,35.425],[-118.979,35.415],[-118.995,35.412],[-119.001,35.431],[-119.016,35.443],[-119.018,35.465],[-119.036,35.467],[-119.039,35.476],[-119.06,35.472]]]},"properties":{"SHAPE.AREA":3451500482.5978599,"SHAPE.LEN":533676.82550081401,"OBJECTID":128,"HRC":"TL","HBPA":"TL","RBU":7557,"HR":7,"RB":5,"HU":57,"HRNAME":"Tulare Lake","RBNAME":"Central Valley","HBPANAME":"Tulare Lake","HUNAME":"SOUTH VALLEY FLOOR","IDNUM":"7557"}},{"type":"Feature","id":121,"geometry":{"type":"Polygon","coordinates":[[[-118.674,35.389],[-118.699,35.374],[-118.722,35.38],[-118.741,35.366],[-118.754,35.368],[-118.684,35.323],[-118.665,35.297],[-118.637,35.295],[-118.611,35.312],[-118.602,35.306],[-118.61,35.299],[-118.592,35.299],[-118.603,35.293],[-118.581,35.292],[-118.608,35.276],[-118.603,35.268],[-118.624,35.278],[-118.622,35.263],[-118.625,35.268],[-118.698,35.227],[-118.689,35.243],[-118.666,35.256],[-118.664,35.27],[-118.642,35.28],[-118.672,35.27],[-118.737,35.278],[-118.735,35.27],[-118.717,35.261],[-118.734,35.264],[-118.736,35.25],[-118.713,35.256],[-118.707,35.25],[-118.703,35.237],[-118.715,35.221],[-118.706,35.217],[-118.742,35.205],[-118.742,35.187],[-118.765,35.183],[-118.778,35.168],[-118.794,35.163],[-118.775,35.138],[-118.799,35.133],[-118.8,35.122],[-118.783,35.099],[-118.775,35.098],[-118.77,35.106],[-118.754,35.093],[-118.742,35.093],[-118.727,35.076],[-118.713,35.085],[-118.701,35.08],[-118.719,35.072],[-118.713,35.066],[-118.698,35.073],[-118.676,35.07],[-118.678,35.061],[-118.652,35.04],[-118.677,35.049],[-118.71,35.032],[-118.716,35.025],[-118.706,35.019],[-118.712,35.016],[-118.706,35.008],[-118.727,35.021],[-118.751,35.015],[-118.754,34.999],[-118.784,34.97],[-118.794,34.973],[-118.806,34.961],[-118.822,34.96],[-118.825,34.941],[-118.836,34.941],[-118.835,34.924],[-118.849,34.94],[-118.891,34.929],[-118.913,34.938],[-118.906,34.934],[-118.908,34.92],[-118.924,34.921],[-118.932,34.931],[-118.934,34.919],[-118.928,34.915],[-118.943,34.911],[-118.948,34.927],[-118.964,34.925],[-118.98,34.944],[-119.007,34.945],[-119.027,34.958],[-119.041,34.944],[-119.052,34.955],[-119.044,34.957],[-119.073,34.958],[-119.096,34.982],[-119.094,34.997],[-119.104,34.993],[-119.103,34.984],[-119.181,34.959],[-119.165,34.935],[-119.184,34.931],[-119.194,34.942],[-119.228,34.948],[-119.203,34.948],[-119.197,34.954],[-119.202,34.956],[-119.235,34.952],[-119.244,34.941],[-119.268,34.936],[-119.303,34.937],[-119.305,34.961],[-119.285,34.962],[-119.329,34.981],[-119.291,35.0],[-119.319,34.998],[-119.327,35.001],[-119.323,35.012],[-119.339,35.009],[-119.346,34.999],[-119.343,35.015],[-119.359,35.013],[-119.363,35.003],[-119.37,35.011],[-119.39,35.011],[-119.359,35.019],[-119.382,35.024],[-119.388,35.037],[-119.4,35.038],[-119.395,35.021],[-119.412,35.043],[-119.416,35.03],[-119.429,35.027],[-119.426,35.021],[-119.451,35.012],[-119.442,35.027],[-119.45,35.035],[-119.437,35.034],[-119.43,35.047],[-119.435,35.052],[-119.428,35.055],[-119.437,35.057],[-119.478,35.048],[-119.48,35.022],[-119.497,35.007],[-119.388,34.93],[-119.399,34.916],[-119.368,34.901],[-119.349,34.876],[-119.317,34.865],[-119.294,34.876],[-119.249,34.864],[-119.2,34.872],[-119.209,34.862],[-119.204,34.83],[-119.176,34.814],[-119.143,34.813],[-119.109,34.824],[-119.065,34.789],[-119.043,34.791],[-119.006,34.776],[-118.961,34.778],[-118.959,34.794],[-118.93,34.784],[-118.866,34.805],[-118.822,34.8],[-118.814,34.826],[-118.791,34.832],[-118.767,34.85],[-118.749,34.879],[-118.696,34.903],[-118.672,34.902],[-118.645,34.926],[-118.586,34.951],[-118.605,34.961],[-118.605,34.985],[-118.521,34.994],[-118.479,35.014],[-118.493,35.043],[-118.461,35.046],[-118.444,35.077],[-118.43,35.084],[-118.409,35.134],[-118.41,35.153],[-118.442,35.193],[-118.424,35.197],[-118.405,35.212],[-118.369,35.207],[-118.36,35.217],[-118.342,35.216],[-118.328,35.224],[-118.294,35.216],[-118.287,35.224],[-118.243,35.221],[-118.236,35.234],[-118.247,35.246],[-118.245,35.276],[-118.272,35.283],[-118.269,35.316],[-118.292,35.348],[-118.289,35.366],[-118.297,35.391],[-118.331,35.406],[-118.334,35.418],[-118.352,35.423],[-118.39,35.466],[-118.424,35.485],[-118.469,35.479],[-118.516,35.458],[-118.571,35.469],[-118.584,35.454],[-118.584,35.415],[-118.611,35.412],[-118.642,35.39],[-118.674,35.389]]]},"properties":{"SHAPE.AREA":2673986068.4032698,"SHAPE.LEN":582260.01175313606,"OBJECTID":121,"HRC":"TL","HBPA":"TL","RBU":7556,"HR":7,"RB":5,"HU":56,"HRNAME":"Tulare Lake","RBNAME":"Central Valley","HBPANAME":"Tulare Lake","HUNAME":"GRAPEVINE","IDNUM":"7556"}},{"type":"Feature","id":115,"geometry":{"type":"Polygon","coordinates":[[[-119.933,35.506],[-119.922,35.513],[-119.931,35.513],[-119.937,35.526],[-119.97,35.551],[-119.989,35.55],[-119.972,35.554],[-119.979,35.565],[-120.002,35.569],[-120.04,35.562],[-120.015,35.582],[-119.971,35.585],[-119.985,35.592],[-119.979,35.601],[-119.973,35.594],[-119.96,35.597],[-120.029,35.643],[-120.066,35.649],[-120.073,35.642],[-120.083,35.651],[-120.085,35.636],[-120.1,35.633],[-120.146,35.669],[-120.107,35.653],[-120.101,35.654],[-120.104,35.663],[-120.162,35.708],[-120.159,35.713],[-120.114,35.708],[-120.074,35.682],[-120.065,35.69],[-120.082,35.695],[-120.074,35.7],[-120.08,35.707],[-120.048,35.713],[-120.002,35.684],[-119.994,35.689],[-119.996,35.698],[-119.976,35.697],[-119.986,35.714],[-119.999,35.714],[-120.002,35.704],[-120.014,35.709],[-120.014,35.732],[-119.998,35.727],[-119.99,35.739],[-119.982,35.738],[-119.996,35.763],[-119.992,35.777],[-120.009,35.777],[-120.004,35.745],[-120.048,35.73],[-120.059,35.719],[-120.112,35.727],[-120.149,35.746],[-120.167,35.74],[-120.192,35.762],[-120.198,35.752],[-120.215,35.751],[-120.23,35.718],[-120.195,35.656],[-120.196,35.649],[-120.215,35.659],[-120.227,35.64],[-120.224,35.63],[-120.216,35.618],[-120.196,35.616],[-120.174,35.592],[-120.153,35.584],[-120.153,35.574],[-120.134,35.564],[-120.129,35.554],[-120.113,35.548],[-120.101,35.535],[-120.109,35.527],[-120.082,35.495],[-120.059,35.491],[-120.002,35.437],[-119.952,35.422],[-119.939,35.425],[-119.915,35.402],[-119.886,35.393],[-119.886,35.383],[-119.869,35.378],[-119.865,35.367],[-119.851,35.371],[-119.833,35.364],[-119.824,35.348],[-119.833,35.336],[-119.815,35.336],[-119.817,35.324],[-119.806,35.313],[-119.775,35.304],[-119.775,35.292],[-119.764,35.292],[-119.761,35.28],[-119.748,35.284],[-119.727,35.257],[-119.707,35.262],[-119.685,35.243],[-119.663,35.243],[-119.638,35.255],[-119.635,35.264],[-119.671,35.287],[-119.719,35.298],[-119.764,35.321],[-119.789,35.321],[-119.763,35.327],[-119.705,35.314],[-119.688,35.318],[-119.702,35.308],[-119.679,35.307],[-119.667,35.295],[-119.658,35.301],[-119.651,35.291],[-119.631,35.294],[-119.638,35.306],[-119.666,35.319],[-119.686,35.347],[-119.715,35.342],[-119.726,35.359],[-119.763,35.36],[-119.755,35.367],[-119.773,35.374],[-119.765,35.389],[-119.789,35.398],[-119.769,35.419],[-119.808,35.446],[-119.82,35.451],[-119.817,35.441],[-119.829,35.436],[-119.827,35.444],[-119.844,35.446],[-119.858,35.466],[-119.878,35.472],[-119.884,35.492],[-119.914,35.481],[-119.895,35.497],[-119.91,35.507],[-119.933,35.506]]]},"properties":{"SHAPE.AREA":713375883.44326901,"SHAPE.LEN":359651.95046857302,"OBJECTID":115,"HRC":"TL","HBPA":"TL","RBU":7573,"HR":7,"RB":5,"HU":73,"HRNAME":"Tulare Lake","RBNAME":"Central Valley","HBPANAME":"Tulare Lake","HUNAME":"TEMBLOR","IDNUM":"7573"}},{"type":"Feature","id":133,"geometry":{"type":"Polygon","coordinates":[[[-119.725,35.257],[-119.725,35.241],[-119.704,35.215],[-119.668,35.186],[-119.618,35.164],[-119.582,35.126],[-119.548,35.108],[-119.52,35.069],[-119.495,35.068],[-119.478,35.047],[-119.424,35.055],[-119.458,35.072],[-119.462,35.093],[-119.469,35.09],[-119.507,35.119],[-119.511,35.134],[-119.54,35.141],[-119.56,35.167],[-119.555,35.17],[-119.57,35.173],[-119.58,35.193],[-119.592,35.194],[-119.589,35.188],[-119.629,35.221],[-119.645,35.216],[-119.635,35.223],[-119.668,35.228],[-119.629,35.234],[-119.66,35.235],[-119.651,35.247],[-119.635,35.243],[-119.638,35.255],[-119.663,35.243],[-119.685,35.243],[-119.706,35.261],[-119.725,35.257]]]},"properties":{"SHAPE.AREA":139204399.50182199,"SHAPE.LEN":110431.928610213,"OBJECTID":133,"HRC":"TL","HBPA":"TL","RBU":7572,"HR":7,"RB":5,"HU":72,"HRNAME":"Tulare Lake","RBNAME":"Central Valley","HBPANAME":"Tulare Lake","HUNAME":"FELLOWS","IDNUM":"7572"}},{"type":"Feature","id":19,"geometry":{"type":"Polygon","coordinates":[[[-122.489,40.892],[-122.506,40.901],[-122.521,40.898],[-122.541,40.875],[-122.531,40.857],[-122.539,40.835],[-122.547,40.831],[-122.518,40.793],[-122.52,40.765],[-122.548,40.744],[-122.548,40.736],[-122.5,40.712],[-122.467,40.717],[-122.439,40.73],[-122.41,40.711],[-122.383,40.713],[-122.366,40.735],[-122.34,40.735],[-122.311,40.752],[-122.287,40.745],[-122.283,40.732],[-122.261,40.726],[-122.247,40.734],[-122.229,40.723],[-122.178,40.718],[-122.166,40.728],[-122.145,40.717],[-122.126,40.738],[-122.089,40.745],[-122.07,40.759],[-122.069,40.772],[-122.053,40.773],[-122.037,40.798],[-121.996,40.791],[-121.964,40.798],[-121.957,40.807],[-121.966,40.825],[-121.984,40.833],[-121.98,40.839],[-121.995,40.853],[-121.988,40.869],[-122.002,40.893],[-122.019,40.893],[-122.035,40.921],[-122.06,40.92],[-122.078,40.909],[-122.093,40.859],[-122.112,40.84],[-122.154,40.851],[-122.186,40.848],[-122.174,40.867],[-122.178,40.878],[-122.167,40.901],[-122.138,40.904],[-122.136,40.913],[-122.152,40.927],[-122.142,40.942],[-122.191,40.95],[-122.218,40.935],[-122.224,40.94],[-122.218,40.956],[-122.224,40.967],[-122.263,40.99],[-122.28,40.989],[-122.317,40.967],[-122.354,40.98],[-122.366,40.966],[-122.382,40.973],[-122.405,40.962],[-122.421,40.926],[-122.445,40.914],[-122.451,40.901],[-122.489,40.892]]]},"properties":{"SHAPE.AREA":967117312.81372201,"SHAPE.LEN":194164.49856616001,"OBJECTID":19,"HRC":"SR","HBPA":"SB","RBU":5506,"HR":5,"RB":5,"HU":6,"HRNAME":"Sacramento River","RBNAME":"Central Valley","HBPANAME":"Sacramento Basin","HUNAME":"SHASTA DAM","IDNUM":"5506"}},{"type":"Feature","id":90,"geometry":{"type":"Polygon","coordinates":[[[-120.053,37.185],[-120.06,37.192],[-120.063,37.18],[-120.112,37.168],[-120.294,37.156],[-120.347,37.125],[-120.389,37.125],[-120.41,37.112],[-120.473,37.1],[-120.542,37.045],[-120.538,37.034],[-120.545,37.027],[-120.503,37.001],[-120.5,36.982],[-120.484,36.972],[-120.489,36.966],[-120.475,36.94],[-120.457,36.923],[-120.462,36.917],[-120.45,36.913],[-120.464,36.906],[-120.467,36.893],[-120.454,36.881],[-120.459,36.875],[-120.45,36.871],[-120.454,36.862],[-120.426,36.84],[-120.41,36.84],[-120.403,36.824],[-120.389,36.825],[-120.376,36.808],[-120.369,36.81],[-120.371,36.785],[-120.345,36.785],[-120.348,36.798],[-120.334,36.791],[-120.335,36.783],[-120.301,36.778],[-120.306,36.771],[-120.293,36.772],[-120.29,36.763],[-120.286,36.773],[-120.281,36.766],[-120.274,36.774],[-120.25,36.775],[-120.23,36.769],[-120.233,36.781],[-120.216,36.791],[-120.202,36.79],[-120.189,36.777],[-120.172,36.803],[-120.157,36.797],[-120.08,36.825],[-120.028,36.815],[-120.013,36.828],[-119.992,36.829],[-119.985,36.841],[-119.968,36.832],[-119.942,36.834],[-119.928,36.848],[-119.912,36.845],[-119.885,36.859],[-119.854,36.851],[-119.841,36.861],[-119.819,36.848],[-119.811,36.864],[-119.787,36.877],[-119.789,36.896],[-119.775,36.91],[-119.744,36.921],[-119.7,36.914],[-119.693,36.922],[-119.697,36.938],[-119.663,36.957],[-119.665,36.967],[-119.705,36.948],[-119.692,36.964],[-119.703,36.964],[-119.706,36.991],[-119.728,37.021],[-119.755,37.014],[-119.758,36.995],[-119.774,37.0],[-119.775,37.012],[-119.789,37.01],[-119.789,36.999],[-119.801,36.997],[-119.795,37.007],[-119.805,37.006],[-119.803,37.028],[-119.787,37.034],[-119.794,37.047],[-119.814,37.026],[-119.852,37.026],[-119.847,37.017],[-119.861,37.004],[-119.901,37.036],[-119.9,37.047],[-119.877,37.041],[-119.889,37.061],[-119.904,37.061],[-119.887,37.082],[-119.902,37.078],[-119.91,37.09],[-119.912,37.081],[-119.924,37.076],[-119.931,37.083],[-119.936,37.07],[-119.925,37.064],[-119.938,37.064],[-119.956,37.084],[-119.975,37.091],[-119.976,37.104],[-119.965,37.112],[-119.976,37.112],[-119.976,37.124],[-119.994,37.117],[-119.993,37.137],[-120.0,37.133],[-120.009,37.14],[-120.003,37.155],[-120.022,37.151],[-120.028,37.165],[-120.034,37.162],[-120.053,37.185]]]},"properties":{"SHAPE.AREA":2162935571.9450402,"SHAPE.LEN":302866.13139601599,"OBJECTID":90,"HRC":"SJ","HBPA":"SJ","RBU":6545,"HR":6,"RB":5,"HU":45,"HRNAME":"San Joaquin","RBNAME":"Central Valley","HBPANAME":"San Joaquin","HUNAME":"SAN JOAQUIN VALLEY FLOOR","IDNUM":"6545"}},{"type":"Feature","id":83,"geometry":{"type":"Polygon","coordinates":[[[-119.929,37.506],[-119.93,37.479],[-119.907,37.452],[-119.923,37.444],[-119.915,37.431],[-119.936,37.414],[-119.948,37.396],[-119.946,37.387],[-119.953,37.388],[-119.962,37.372],[-119.988,37.391],[-120.005,37.375],[-119.999,37.364],[-120.013,37.343],[-120.005,37.336],[-120.013,37.332],[-120.006,37.294],[-120.014,37.28],[-120.023,37.279],[-120.018,37.259],[-120.039,37.254],[-120.037,37.245],[-120.051,37.233],[-120.049,37.224],[-120.061,37.219],[-120.053,37.185],[-120.034,37.162],[-120.028,37.165],[-120.022,37.151],[-120.003,37.155],[-120.009,37.14],[-120.0,37.133],[-119.993,37.137],[-119.994,37.117],[-119.976,37.124],[-119.976,37.112],[-119.965,37.112],[-119.976,37.104],[-119.975,37.091],[-119.956,37.084],[-119.938,37.064],[-119.925,37.064],[-119.936,37.07],[-119.931,37.083],[-119.924,37.076],[-119.912,37.081],[-119.91,37.09],[-119.902,37.078],[-119.887,37.082],[-119.904,37.061],[-119.889,37.061],[-119.877,37.041],[-119.9,37.047],[-119.901,37.036],[-119.861,37.004],[-119.847,37.017],[-119.852,37.026],[-119.814,37.026],[-119.794,37.047],[-119.787,37.034],[-119.803,37.028],[-119.805,37.006],[-119.795,37.007],[-119.801,36.997],[-119.789,36.999],[-119.789,37.01],[-119.775,37.012],[-119.774,37.0],[-119.758,36.995],[-119.755,37.014],[-119.728,37.021],[-119.714,36.999],[-119.71,37.026],[-119.69,37.03],[-119.669,37.063],[-119.674,37.083],[-119.688,37.087],[-119.701,37.107],[-119.726,37.11],[-119.735,37.121],[-119.712,37.143],[-119.712,37.154],[-119.687,37.155],[-119.681,37.165],[-119.683,37.193],[-119.648,37.206],[-119.669,37.257],[-119.653,37.272],[-119.636,37.268],[-119.583,37.283],[-119.578,37.295],[-119.597,37.343],[-119.584,37.354],[-119.581,37.375],[-119.567,37.382],[-119.567,37.391],[-119.578,37.398],[-119.569,37.406],[-119.567,37.437],[-119.559,37.448],[-119.595,37.451],[-119.616,37.471],[-119.653,37.472],[-119.664,37.488],[-119.69,37.475],[-119.695,37.484],[-119.689,37.493],[-119.709,37.517],[-119.734,37.521],[-119.737,37.507],[-119.768,37.508],[-119.78,37.521],[-119.807,37.527],[-119.826,37.551],[-119.847,37.542],[-119.883,37.57],[-119.875,37.542],[-119.888,37.539],[-119.899,37.519],[-119.929,37.506]]]},"properties":{"SHAPE.AREA":1667785230.3369401,"SHAPE.LEN":277769.49928406096,"OBJECTID":83,"HRC":"SJ","HBPA":"SJ","RBU":6539,"HR":6,"RB":5,"HU":39,"HRNAME":"San Joaquin","RBNAME":"Central Valley","HBPANAME":"San Joaquin","HUNAME":"AHWAHNEE","IDNUM":"6539"}},{"type":"Feature","id":34,"geometry":{"type":"Polygon","coordinates":[[[-122.953,39.863],[-122.96,39.845],[-122.946,39.833],[-122.943,39.801],[-122.918,39.784],[-122.895,39.753],[-122.871,39.747],[-122.857,39.733],[-122.806,39.726],[-122.814,39.714],[-122.81,39.703],[-122.779,39.688],[-122.81,39.675],[-122.803,39.647],[-122.728,39.615],[-122.722,39.59],[-122.698,39.585],[-122.707,39.562],[-122.668,39.54],[-122.684,39.519],[-122.7,39.523],[-122.718,39.516],[-122.724,39.496],[-122.744,39.471],[-122.738,39.458],[-122.742,39.431],[-122.776,39.43],[-122.784,39.443],[-122.811,39.409],[-122.801,39.391],[-122.743,39.367],[-122.752,39.346],[-122.766,39.342],[-122.776,39.315],[-122.758,39.285],[-122.69,39.246],[-122.676,39.23],[-122.68,39.224],[-122.651,39.214],[-122.635,39.223],[-122.59,39.217],[-122.586,39.237],[-122.569,39.247],[-122.566,39.262],[-122.526,39.231],[-122.482,39.24],[-122.457,39.203],[-122.445,39.204],[-122.443,39.212],[-122.43,39.207],[-122.432,39.226],[-122.414,39.226],[-122.415,39.242],[-122.428,39.259],[-122.446,39.258],[-122.455,39.283],[-122.444,39.287],[-122.449,39.299],[-122.44,39.307],[-122.445,39.326],[-122.458,39.336],[-122.461,39.373],[-122.452,39.391],[-122.512,39.598],[-122.504,39.601],[-122.5,39.622],[-122.467,39.633],[-122.468,39.677],[-122.442,39.699],[-122.442,39.708],[-122.421,39.713],[-122.411,39.726],[-122.421,39.742],[-122.449,39.743],[-122.467,39.733],[-122.46,39.76],[-122.481,39.762],[-122.463,39.784],[-122.476,39.792],[-122.478,39.817],[-122.515,39.832],[-122.522,39.838],[-122.519,39.848],[-122.548,39.861],[-122.573,39.857],[-122.588,39.865],[-122.607,39.851],[-122.603,39.833],[-122.626,39.83],[-122.623,39.812],[-122.697,39.804],[-122.75,39.831],[-122.773,39.821],[-122.834,39.84],[-122.857,39.832],[-122.87,39.845],[-122.904,39.857],[-122.953,39.863]]]},"properties":{"SHAPE.AREA":1814482321.8804901,"SHAPE.LEN":305843.23927019496,"OBJECTID":34,"HRC":"SR","HBPA":"SB","RBU":5522,"HR":5,"RB":5,"HU":22,"HRNAME":"Sacramento River","RBNAME":"Central Valley","HBPANAME":"Sacramento Basin","HUNAME":"STONY CREEK","IDNUM":"5522"}},{"type":"Feature","id":47,"geometry":{"type":"Polygon","coordinates":[[[-122.263,38.925],[-122.285,38.924],[-122.274,38.895],[-122.289,38.881],[-122.288,38.84],[-122.255,38.782],[-122.249,38.755],[-122.225,38.727],[-122.223,38.699],[-122.201,38.691],[-122.202,38.678],[-122.188,38.662],[-122.165,38.654],[-122.159,38.636],[-122.168,38.63],[-122.167,38.62],[-122.149,38.625],[-122.127,38.588],[-122.113,38.527],[-122.104,38.515],[-122.126,38.424],[-122.074,38.362],[-122.062,38.328],[-122.036,38.326],[-122.029,38.314],[-121.999,38.299],[-121.987,38.31],[-121.996,38.324],[-121.987,38.329],[-122.013,38.363],[-121.998,38.414],[-122.019,38.441],[-122.016,38.453],[-122.026,38.456],[-122.027,38.48],[-122.061,38.516],[-122.044,38.512],[-122.061,38.561],[-122.056,38.595],[-122.063,38.601],[-122.065,38.636],[-122.072,38.641],[-122.067,38.649],[-122.114,38.692],[-122.148,38.707],[-122.18,38.71],[-122.198,38.748],[-122.224,38.846],[-122.266,38.906],[-122.249,38.908],[-122.263,38.925]]]},"properties":{"SHAPE.AREA":411492256.59885901,"SHAPE.LEN":185215.280055073,"OBJECTID":47,"HRC":"SR","HBPA":"SB","RBU":5560,"HR":5,"RB":5,"HU":60,"HRNAME":"Sacramento River","RBNAME":"Central Valley","HBPANAME":"Sacramento Basin","HUNAME":"UPPER  ELMIRA","IDNUM":"5560"}},{"type":"Feature","id":52,"geometry":{"type":"Polygon","coordinates":[[[-120.857,38.645],[-120.858,38.668],[-120.877,38.677],[-120.9,38.668],[-120.904,38.675],[-120.918,38.675],[-120.927,38.658],[-120.935,38.669],[-120.96,38.673],[-120.968,38.696],[-120.984,38.698],[-120.994,38.714],[-121.01,38.702],[-121.005,38.681],[-121.034,38.688],[-121.085,38.674],[-121.085,38.651],[-121.096,38.647],[-121.083,38.627],[-121.09,38.618],[-121.111,38.611],[-121.123,38.618],[-121.142,38.614],[-121.13,38.589],[-121.128,38.566],[-121.14,38.56],[-121.134,38.559],[-121.132,38.536],[-121.119,38.531],[-121.116,38.541],[-121.091,38.541],[-121.097,38.531],[-121.089,38.526],[-121.1,38.522],[-121.091,38.512],[-121.091,38.493],[-121.067,38.491],[-121.045,38.501],[-121.025,38.481],[-121.015,38.481],[-121.01,38.47],[-121.016,38.464],[-120.986,38.431],[-120.987,38.41],[-120.961,38.402],[-120.954,38.382],[-120.939,38.38],[-120.934,38.354],[-120.919,38.349],[-120.904,38.325],[-120.874,38.256],[-120.887,38.248],[-120.898,38.223],[-120.91,38.218],[-120.902,38.204],[-120.896,38.217],[-120.868,38.2],[-120.858,38.208],[-120.847,38.202],[-120.852,38.219],[-120.837,38.216],[-120.842,38.236],[-120.812,38.237],[-120.79,38.267],[-120.771,38.272],[-120.762,38.258],[-120.74,38.259],[-120.723,38.287],[-120.672,38.301],[-120.67,38.316],[-120.649,38.328],[-120.594,38.335],[-120.59,38.355],[-120.568,38.335],[-120.552,38.34],[-120.511,38.328],[-120.463,38.33],[-120.379,38.291],[-120.341,38.295],[-120.22,38.35],[-120.219,38.359],[-120.197,38.373],[-120.195,38.39],[-120.16,38.419],[-120.135,38.419],[-120.131,38.449],[-120.111,38.459],[-120.095,38.457],[-120.073,38.478],[-120.004,38.506],[-119.91,38.517],[-119.914,38.505],[-119.901,38.494],[-119.901,38.479],[-119.892,38.476],[-119.874,38.494],[-119.839,38.507],[-119.804,38.487],[-119.804,38.481],[-119.782,38.484],[-119.777,38.493],[-119.768,38.485],[-119.758,38.491],[-119.773,38.502],[-119.769,38.517],[-119.79,38.522],[-119.8,38.54],[-119.833,38.551],[-119.837,38.579],[-119.853,38.602],[-119.883,38.606],[-119.908,38.596],[-119.925,38.612],[-119.914,38.624],[-119.931,38.64],[-119.951,38.645],[-119.962,38.663],[-119.972,38.656],[-120.016,38.665],[-120.052,38.647],[-120.063,38.629],[-120.102,38.626],[-120.121,38.615],[-120.142,38.631],[-120.146,38.644],[-120.171,38.632],[-120.23,38.628],[-120.239,38.63],[-120.235,38.642],[-120.249,38.658],[-120.291,38.667],[-120.357,38.704],[-120.391,38.705],[-120.442,38.747],[-120.536,38.75],[-120.554,38.757],[-120.576,38.738],[-120.591,38.739],[-120.641,38.704],[-120.693,38.697],[-120.718,38.701],[-120.745,38.674],[-120.766,38.678],[-120.792,38.696],[-120.824,38.699],[-120.836,38.691],[-120.851,38.635],[-120.857,38.645]]]},"properties":{"SHAPE.AREA":3770151551.24226,"SHAPE.LEN":424427.75287805201,"OBJECTID":52,"HRC":"SJ","HBPA":"SJ","RBU":6532,"HR":6,"RB":5,"HU":32,"HRNAME":"San Joaquin","RBNAME":"Central Valley","HBPANAME":"San Joaquin","HUNAME":"MIDDLE SIERRA","IDNUM":"6532"}},{"type":"Feature","id":76,"geometry":{"type":"Polygon","coordinates":[[[-121.442,37.626],[-121.41,37.636],[-121.364,37.624],[-121.315,37.624],[-121.315,37.638],[-121.37,37.645],[-121.371,37.667],[-121.389,37.674],[-121.389,37.682],[-121.42,37.682],[-121.421,37.696],[-121.435,37.689],[-121.435,37.712],[-121.468,37.716],[-121.523,37.748],[-121.55,37.745],[-121.587,37.776],[-121.565,37.733],[-121.571,37.723],[-121.563,37.709],[-121.526,37.715],[-121.474,37.663],[-121.491,37.648],[-121.478,37.654],[-121.442,37.626]]]},"properties":{"SHAPE.AREA":109723227.615334,"SHAPE.LEN":82111.499838341901,"OBJECTID":76,"HRC":"SJ","HBPA":"SJ","RBU":6575,"HR":6,"RB":5,"HU":75,"HRNAME":"San Joaquin","RBNAME":"Central Valley","HBPANAME":"San Joaquin","HUNAME":"CARBONA","IDNUM":"6575"}},{"type":"Feature","id":18,"geometry":{"type":"Polygon","coordinates":[[[-122.538,41.003],[-122.554,41.004],[-122.569,40.985],[-122.589,40.985],[-122.601,40.973],[-122.613,40.921],[-122.6,40.9],[-122.609,40.883],[-122.625,40.879],[-122.64,40.845],[-122.656,40.842],[-122.666,40.826],[-122.655,40.808],[-122.662,40.8],[-122.658,40.788],[-122.671,40.773],[-122.717,40.747],[-122.72,40.74],[-122.707,40.725],[-122.722,40.695],[-122.752,40.69],[-122.727,40.65],[-122.736,40.636],[-122.71,40.631],[-122.711,40.613],[-122.693,40.575],[-122.701,40.569],[-122.723,40.575],[-122.741,40.564],[-122.744,40.554],[-122.767,40.555],[-122.785,40.541],[-122.782,40.532],[-122.793,40.515],[-122.846,40.505],[-122.852,40.501],[-122.847,40.491],[-122.884,40.475],[-122.901,40.445],[-122.927,40.447],[-122.938,40.429],[-122.954,40.422],[-122.999,40.418],[-122.997,40.397],[-123.013,40.388],[-123.017,40.372],[-123.04,40.362],[-123.044,40.347],[-123.066,40.345],[-123.062,40.313],[-123.069,40.308],[-123.058,40.274],[-122.977,40.241],[-122.98,40.215],[-122.97,40.186],[-122.984,40.172],[-122.99,40.145],[-122.968,40.139],[-122.973,40.13],[-122.961,40.09],[-122.973,40.078],[-122.948,40.05],[-122.93,40.052],[-122.895,40.037],[-122.855,40.036],[-122.761,40.053],[-122.695,40.084],[-122.642,40.132],[-122.624,40.131],[-122.598,40.147],[-122.578,40.145],[-122.557,40.164],[-122.557,40.178],[-122.569,40.196],[-122.611,40.209],[-122.622,40.237],[-122.61,40.255],[-122.592,40.262],[-122.602,40.278],[-122.591,40.284],[-122.626,40.311],[-122.627,40.32],[-122.614,40.333],[-122.567,40.353],[-122.535,40.406],[-122.531,40.423],[-122.539,40.45],[-122.547,40.45],[-122.544,40.477],[-122.552,40.486],[-122.542,40.504],[-122.531,40.511],[-122.499,40.494],[-122.464,40.493],[-122.434,40.512],[-122.424,40.531],[-122.43,40.538],[-122.428,40.555],[-122.414,40.56],[-122.412,40.603],[-122.387,40.615],[-122.415,40.637],[-122.422,40.67],[-122.438,40.677],[-122.437,40.688],[-122.41,40.708],[-122.416,40.716],[-122.439,40.73],[-122.467,40.717],[-122.5,40.712],[-122.548,40.736],[-122.548,40.744],[-122.52,40.765],[-122.518,40.793],[-122.547,40.831],[-122.539,40.835],[-122.531,40.857],[-122.541,40.875],[-122.521,40.897],[-122.535,40.911],[-122.529,40.927],[-122.542,40.937],[-122.537,40.953],[-122.523,40.962],[-122.543,40.979],[-122.538,41.003]]]},"properties":{"SHAPE.AREA":2596329710.3811898,"SHAPE.LEN":351489.76684774301,"OBJECTID":18,"HRC":"SR","HBPA":"SB","RBU":5524,"HR":5,"RB":5,"HU":24,"HRNAME":"Sacramento River","RBNAME":"Central Valley","HBPANAME":"Sacramento Basin","HUNAME":"SHASTA BALLY","IDNUM":"5524"}},{"type":"Feature","id":37,"geometry":{"type":"Polygon","coordinates":[[[-122.453,39.687],[-122.468,39.676],[-122.467,39.633],[-122.5,39.622],[-122.504,39.601],[-122.512,39.598],[-122.452,39.391],[-122.461,39.373],[-122.458,39.336],[-122.445,39.326],[-122.44,39.307],[-122.449,39.299],[-122.444,39.287],[-122.455,39.283],[-122.446,39.258],[-122.428,39.259],[-122.415,39.242],[-122.419,39.22],[-122.409,39.177],[-122.42,39.146],[-122.388,39.05],[-122.373,39.045],[-122.359,39.056],[-122.348,39.029],[-122.322,39.02],[-122.319,38.938],[-122.303,38.92],[-122.281,38.926],[-122.27,38.922],[-122.262,38.944],[-122.283,39.001],[-122.286,39.044],[-122.273,39.066],[-122.247,39.076],[-122.273,39.094],[-122.275,39.116],[-122.299,39.115],[-122.288,39.142],[-122.294,39.224],[-122.284,39.247],[-122.279,39.301],[-122.285,39.384],[-122.293,39.425],[-122.304,39.435],[-122.294,39.451],[-122.308,39.498],[-122.303,39.526],[-122.326,39.544],[-122.373,39.611],[-122.359,39.617],[-122.365,39.634],[-122.409,39.646],[-122.412,39.655],[-122.446,39.674],[-122.43,39.679],[-122.453,39.687]]]},"properties":{"SHAPE.AREA":933065510.21138704,"SHAPE.LEN":216553.43564394399,"OBJECTID":37,"HRC":"SR","HBPA":"SB","RBU":5561,"HR":5,"RB":5,"HU":61,"HRNAME":"Sacramento River","RBNAME":"Central Valley","HBPANAME":"Sacramento Basin","HUNAME":"CORTINA","IDNUM":"5561"}},{"type":"Feature","id":104,"geometry":{"type":"Polygon","coordinates":[[[-118.944,36.178],[-118.974,36.172],[-118.998,36.182],[-118.992,36.153],[-118.979,36.168],[-118.973,36.16],[-118.955,36.157],[-118.965,36.14],[-118.934,36.151],[-118.954,36.135],[-118.95,36.12],[-118.939,36.115],[-118.975,36.132],[-118.974,36.121],[-118.938,36.103],[-118.942,36.094],[-118.965,36.093],[-118.966,36.106],[-118.983,36.109],[-118.995,36.123],[-118.998,36.11],[-119.021,36.111],[-119.024,36.118],[-119.036,36.114],[-119.033,36.099],[-119.002,36.102],[-118.991,36.08],[-118.989,36.095],[-118.98,36.073],[-118.961,36.063],[-118.944,36.068],[-118.938,36.051],[-118.912,36.058],[-118.925,36.047],[-118.919,36.04],[-118.925,36.034],[-118.938,36.03],[-118.956,36.037],[-118.975,36.031],[-118.964,36.018],[-118.913,36.007],[-118.929,36.0],[-118.89,35.985],[-118.928,35.993],[-118.927,35.983],[-118.94,35.98],[-118.942,35.999],[-118.963,35.991],[-118.967,35.999],[-118.966,35.977],[-118.939,35.941],[-118.922,35.941],[-118.933,35.928],[-118.946,35.938],[-118.965,35.927],[-118.967,35.905],[-118.956,35.895],[-118.938,35.897],[-118.916,35.886],[-118.925,35.857],[-118.923,35.832],[-118.939,35.821],[-118.923,35.769],[-118.938,35.746],[-118.931,35.732],[-118.947,35.714],[-118.943,35.708],[-118.932,35.723],[-118.919,35.724],[-118.932,35.71],[-118.924,35.687],[-118.938,35.696],[-118.937,35.708],[-118.947,35.694],[-118.94,35.679],[-118.945,35.672],[-118.934,35.658],[-118.94,35.643],[-118.931,35.629],[-118.937,35.621],[-118.918,35.607],[-118.934,35.598],[-118.948,35.576],[-118.93,35.574],[-118.948,35.566],[-118.944,35.553],[-118.951,35.536],[-118.932,35.536],[-118.926,35.519],[-118.956,35.527],[-118.946,35.514],[-118.938,35.519],[-118.938,35.505],[-118.925,35.508],[-118.926,35.498],[-118.914,35.487],[-118.881,35.485],[-118.872,35.497],[-118.839,35.496],[-118.768,35.479],[-118.745,35.504],[-118.723,35.507],[-118.688,35.559],[-118.65,35.576],[-118.635,35.617],[-118.602,35.625],[-118.591,35.67],[-118.561,35.707],[-118.563,35.734],[-118.548,35.745],[-118.586,35.791],[-118.576,35.808],[-118.572,35.849],[-118.582,35.875],[-118.567,35.912],[-118.583,35.922],[-118.604,35.923],[-118.612,35.943],[-118.623,35.955],[-118.637,35.956],[-118.645,35.972],[-118.613,35.99],[-118.616,36.016],[-118.605,36.021],[-118.603,36.034],[-118.575,36.049],[-118.584,36.074],[-118.573,36.094],[-118.534,36.119],[-118.545,36.129],[-118.546,36.144],[-118.528,36.167],[-118.538,36.173],[-118.574,36.168],[-118.581,36.194],[-118.592,36.19],[-118.603,36.201],[-118.596,36.217],[-118.605,36.229],[-118.6,36.247],[-118.638,36.276],[-118.64,36.297],[-118.628,36.308],[-118.639,36.314],[-118.635,36.319],[-118.644,36.325],[-118.67,36.321],[-118.682,36.337],[-118.697,36.324],[-118.801,36.313],[-118.809,36.29],[-118.84,36.287],[-118.857,36.248],[-118.853,36.211],[-118.86,36.201],[-118.914,36.177],[-118.923,36.183],[-118.944,36.178]]]},"properties":{"SHAPE.AREA":2701131829.1430898,"SHAPE.LEN":410748.03092467901,"OBJECTID":104,"HRC":"TL","HBPA":"TL","RBU":7555,"HR":7,"RB":5,"HU":55,"HRNAME":"Tulare Lake","RBNAME":"Central Valley","HBPANAME":"Tulare Lake","HUNAME":"SOUTHERN SIERRA","IDNUM":"7555"}},{"type":"Feature","id":78,"geometry":{"type":"Polygon","coordinates":[[[-119.106,37.719],[-119.124,37.734],[-119.184,37.74],[-119.199,37.736],[-119.216,37.714],[-119.253,37.729],[-119.263,37.701],[-119.29,37.69],[-119.295,37.668],[-119.314,37.662],[-119.327,37.634],[-119.354,37.627],[-119.37,37.632],[-119.387,37.588],[-119.387,37.554],[-119.407,37.544],[-119.423,37.554],[-119.443,37.537],[-119.441,37.529],[-119.451,37.522],[-119.447,37.506],[-119.459,37.503],[-119.464,37.491],[-119.487,37.479],[-119.516,37.483],[-119.518,37.461],[-119.543,37.457],[-119.565,37.441],[-119.565,37.417],[-119.578,37.398],[-119.567,37.391],[-119.567,37.382],[-119.581,37.375],[-119.584,37.354],[-119.597,37.343],[-119.578,37.295],[-119.583,37.283],[-119.636,37.268],[-119.653,37.272],[-119.669,37.257],[-119.648,37.206],[-119.683,37.193],[-119.681,37.165],[-119.687,37.155],[-119.712,37.154],[-119.712,37.143],[-119.735,37.121],[-119.726,37.11],[-119.701,37.107],[-119.688,37.087],[-119.674,37.083],[-119.669,37.063],[-119.69,37.03],[-119.711,37.023],[-119.707,37.01],[-119.714,36.999],[-119.706,36.991],[-119.703,36.964],[-119.692,36.964],[-119.705,36.948],[-119.665,36.967],[-119.663,36.963],[-119.697,36.938],[-119.694,36.927],[-119.657,36.926],[-119.646,36.932],[-119.614,36.922],[-119.572,36.951],[-119.522,36.957],[-119.514,36.95],[-119.508,36.962],[-119.465,36.979],[-119.46,37.009],[-119.42,37.009],[-119.407,37.04],[-119.422,37.053],[-119.42,37.065],[-119.344,37.06],[-119.284,37.092],[-119.226,37.089],[-119.204,37.1],[-119.19,37.141],[-119.178,37.15],[-119.155,37.149],[-119.137,37.165],[-119.111,37.16],[-119.094,37.176],[-119.057,37.17],[-119.051,37.182],[-119.005,37.178],[-118.98,37.187],[-118.974,37.202],[-118.948,37.195],[-118.899,37.209],[-118.873,37.185],[-118.827,37.183],[-118.824,37.17],[-118.792,37.141],[-118.792,37.125],[-118.777,37.12],[-118.766,37.1],[-118.739,37.079],[-118.716,37.094],[-118.723,37.099],[-118.716,37.107],[-118.67,37.112],[-118.674,37.13],[-118.654,37.141],[-118.673,37.168],[-118.664,37.178],[-118.666,37.19],[-118.68,37.204],[-118.678,37.22],[-118.686,37.228],[-118.683,37.244],[-118.664,37.261],[-118.716,37.329],[-118.739,37.316],[-118.786,37.344],[-118.782,37.357],[-118.768,37.362],[-118.79,37.394],[-118.78,37.421],[-118.769,37.423],[-118.76,37.435],[-118.762,37.457],[-118.796,37.489],[-118.855,37.478],[-118.861,37.502],[-118.881,37.51],[-118.892,37.526],[-118.902,37.526],[-118.916,37.55],[-118.93,37.549],[-118.947,37.565],[-118.974,37.56],[-119.023,37.585],[-119.035,37.606],[-119.031,37.628],[-119.055,37.645],[-119.065,37.685],[-119.106,37.719]]]},"properties":{"SHAPE.AREA":4418695676.9780798,"SHAPE.LEN":419772.98629957397,"OBJECTID":78,"HRC":"SJ","HBPA":"SJ","RBU":6540,"HR":6,"RB":5,"HU":40,"HRNAME":"San Joaquin","RBNAME":"Central Valley","HBPANAME":"San Joaquin","HUNAME":"SAN JOAQUIN RIVER","IDNUM":"6540"}},{"type":"Feature","id":82,"geometry":{"type":"Polygon","coordinates":[[[-120.298,37.475],[-120.286,37.469],[-120.292,37.46],[-120.279,37.438],[-120.28,37.453],[-120.273,37.456],[-120.273,37.432],[-120.261,37.422],[-120.265,37.416],[-120.256,37.414],[-120.241,37.372],[-120.228,37.368],[-120.224,37.353],[-120.213,37.355],[-120.205,37.346],[-120.214,37.337],[-120.198,37.308],[-120.191,37.308],[-120.168,37.281],[-120.18,37.266],[-120.177,37.258],[-120.15,37.265],[-120.149,37.257],[-120.164,37.249],[-120.156,37.24],[-120.14,37.236],[-120.127,37.242],[-120.112,37.229],[-120.101,37.232],[-120.104,37.221],[-120.088,37.217],[-120.09,37.208],[-120.083,37.214],[-120.085,37.201],[-120.063,37.18],[-120.06,37.192],[-120.053,37.185],[-120.061,37.219],[-120.049,37.224],[-120.051,37.233],[-120.037,37.245],[-120.039,37.254],[-120.018,37.259],[-120.023,37.279],[-120.014,37.28],[-120.006,37.294],[-120.013,37.332],[-120.005,37.336],[-120.013,37.343],[-119.999,37.364],[-120.005,37.375],[-119.988,37.391],[-119.962,37.372],[-119.953,37.388],[-119.946,37.387],[-119.948,37.396],[-119.936,37.414],[-119.915,37.431],[-119.923,37.444],[-119.907,37.452],[-119.93,37.479],[-119.929,37.512],[-119.943,37.54],[-119.96,37.543],[-119.985,37.528],[-120.004,37.541],[-120.048,37.53],[-120.063,37.538],[-120.069,37.555],[-120.105,37.583],[-120.153,37.567],[-120.154,37.556],[-120.186,37.569],[-120.218,37.566],[-120.24,37.555],[-120.251,37.559],[-120.247,37.545],[-120.259,37.513],[-120.298,37.475]]]},"properties":{"SHAPE.AREA":845799428.72022796,"SHAPE.LEN":174633.56117631201,"OBJECTID":82,"HRC":"SJ","HBPA":"SJ","RBU":6538,"HR":6,"RB":5,"HU":38,"HRNAME":"San Joaquin","RBNAME":"Central Valley","HBPANAME":"San Joaquin","HUNAME":"MARIPOSA","IDNUM":"6538"}},{"type":"Feature","id":111,"geometry":{"type":"Polygon","coordinates":[[[-120.19,35.977],[-120.195,35.972],[-120.187,35.963],[-120.196,35.949],[-120.213,35.95],[-120.235,35.938],[-120.263,35.952],[-120.274,35.944],[-120.332,35.942],[-120.337,35.924],[-120.323,35.908],[-120.277,35.906],[-120.249,35.884],[-120.24,35.866],[-120.256,35.855],[-120.259,35.845],[-120.245,35.824],[-120.22,35.819],[-120.208,35.777],[-120.167,35.74],[-120.149,35.746],[-120.074,35.718],[-120.004,35.745],[-120.009,35.777],[-120.02,35.772],[-120.012,35.758],[-120.036,35.754],[-120.041,35.745],[-120.063,35.745],[-120.07,35.73],[-120.08,35.734],[-120.071,35.744],[-120.086,35.757],[-120.071,35.763],[-120.081,35.772],[-120.1,35.766],[-120.117,35.781],[-120.143,35.775],[-120.138,35.784],[-120.117,35.79],[-120.119,35.806],[-120.13,35.818],[-120.113,35.816],[-120.113,35.833],[-120.126,35.838],[-120.121,35.849],[-120.141,35.866],[-120.136,35.879],[-120.12,35.889],[-120.107,35.879],[-120.104,35.86],[-120.093,35.847],[-120.045,35.828],[-120.031,35.798],[-120.014,35.785],[-119.997,35.787],[-119.98,35.807],[-119.984,35.816],[-119.997,35.812],[-119.988,35.823],[-120.0,35.828],[-119.993,35.832],[-120.004,35.847],[-120.023,35.843],[-120.022,35.858],[-120.062,35.875],[-120.06,35.892],[-120.096,35.925],[-120.19,35.977]]]},"properties":{"SHAPE.AREA":376526634.70423502,"SHAPE.LEN":177833.066673177,"OBJECTID":111,"HRC":"TL","HBPA":"TL","RBU":7574,"HR":7,"RB":5,"HU":74,"HRNAME":"Tulare Lake","RBNAME":"Central Valley","HBPANAME":"Tulare Lake","HUNAME":"SUNFLOWER VALLEY","IDNUM":"7574"}},{"type":"Feature","id":70,"geometry":{"type":"Polygon","coordinates":[[[-121.853,37.998],[-121.874,37.969],[-121.876,37.945],[-121.884,37.942],[-121.869,37.929],[-121.873,37.918],[-121.902,37.901],[-121.9,37.894],[-121.925,37.877],[-121.925,37.867],[-121.937,37.857],[-121.887,37.84],[-121.868,37.853],[-121.852,37.839],[-121.83,37.835],[-121.74,37.761],[-121.708,37.772],[-121.688,37.761],[-121.656,37.768],[-121.652,37.76],[-121.661,37.753],[-121.651,37.735],[-121.659,37.729],[-121.659,37.709],[-121.639,37.702],[-121.608,37.659],[-121.626,37.622],[-121.615,37.612],[-121.62,37.606],[-121.587,37.586],[-121.566,37.549],[-121.546,37.533],[-121.502,37.525],[-121.496,37.505],[-121.482,37.502],[-121.463,37.534],[-121.487,37.539],[-121.502,37.548],[-121.5,37.56],[-121.532,37.568],[-121.532,37.574],[-121.502,37.592],[-121.462,37.582],[-121.45,37.589],[-121.439,37.577],[-121.423,37.595],[-121.404,37.6],[-121.477,37.654],[-121.491,37.648],[-121.474,37.663],[-121.526,37.715],[-121.563,37.709],[-121.587,37.788],[-121.632,37.795],[-121.614,37.802],[-121.614,37.817],[-121.628,37.824],[-121.628,37.849],[-121.642,37.853],[-121.642,37.86],[-121.66,37.86],[-121.652,37.874],[-121.678,37.882],[-121.685,37.895],[-121.72,37.891],[-121.724,37.918],[-121.734,37.912],[-121.741,37.92],[-121.736,37.931],[-121.751,37.946],[-121.751,37.954],[-121.744,37.954],[-121.751,37.962],[-121.759,37.958],[-121.76,37.969],[-121.746,37.962],[-121.749,37.968],[-121.733,37.973],[-121.749,37.983],[-121.779,37.976],[-121.783,37.987],[-121.825,37.976],[-121.853,37.998]]]},"properties":{"SHAPE.AREA":670873789.67910004,"SHAPE.LEN":232269.77502418801,"OBJECTID":70,"HRC":"SJ","HBPA":"SJ","RBU":6543,"HR":6,"RB":5,"HU":43,"HRNAME":"San Joaquin","RBNAME":"Central Valley","HBPANAME":"San Joaquin","HUNAME":"NORTH DIABLO RANGE","IDNUM":"6543"}},{"type":"Feature","id":35,"geometry":{"type":"Polygon","coordinates":[[[-121.751,39.772],[-121.842,39.732],[-121.866,39.712],[-121.93,39.694],[-121.988,39.691],[-122.007,39.718],[-122.05,39.726],[-122.061,39.738],[-122.093,39.734],[-122.161,39.758],[-122.177,39.752],[-122.207,39.764],[-122.267,39.762],[-122.293,39.775],[-122.323,39.765],[-122.373,39.721],[-122.453,39.691],[-122.45,39.683],[-122.428,39.678],[-122.446,39.674],[-122.412,39.655],[-122.409,39.646],[-122.365,39.634],[-122.359,39.617],[-122.373,39.611],[-122.326,39.544],[-122.303,39.526],[-122.308,39.498],[-122.294,39.451],[-122.304,39.435],[-122.293,39.425],[-122.285,39.384],[-122.279,39.301],[-122.284,39.247],[-122.294,39.224],[-122.288,39.142],[-122.299,39.115],[-122.275,39.116],[-122.273,39.094],[-122.247,39.076],[-122.273,39.066],[-122.286,39.044],[-122.283,39.001],[-122.273,38.982],[-122.276,38.972],[-122.268,38.968],[-122.264,38.926],[-122.247,38.92],[-122.233,38.925],[-122.197,38.895],[-122.175,38.85],[-122.149,38.846],[-122.138,38.802],[-122.126,38.786],[-122.1,38.8],[-122.055,38.795],[-122.019,38.803],[-122.0,38.78],[-121.986,38.78],[-121.982,38.769],[-121.96,38.765],[-121.949,38.755],[-121.936,38.759],[-121.923,38.738],[-121.91,38.741],[-121.914,38.727],[-121.895,38.711],[-121.899,38.703],[-121.874,38.692],[-121.817,38.716],[-121.805,38.734],[-121.786,38.735],[-121.763,38.721],[-121.746,38.729],[-121.68,38.727],[-121.694,38.759],[-121.675,38.761],[-121.655,38.785],[-121.664,38.826],[-121.636,38.882],[-121.637,38.893],[-121.598,38.902],[-121.584,38.915],[-121.597,39.01],[-121.613,39.024],[-121.611,39.06],[-121.598,39.097],[-121.604,39.104],[-121.6,39.127],[-121.622,39.162],[-121.62,39.186],[-121.638,39.244],[-121.631,39.352],[-121.665,39.39],[-121.679,39.436],[-121.659,39.451],[-121.686,39.451],[-121.688,39.5],[-121.672,39.515],[-121.637,39.513],[-121.644,39.569],[-121.604,39.592],[-121.586,39.622],[-121.64,39.655],[-121.751,39.772]]]},"properties":{"SHAPE.AREA":6138682974.3977804,"SHAPE.LEN":404587.22867013304,"OBJECTID":35,"HRC":"SR","HBPA":"SB","RBU":5520,"HR":5,"RB":5,"HU":20,"HRNAME":"Sacramento River","RBNAME":"Central Valley","HBPANAME":"Sacramento Basin","HUNAME":"COLUSA BASIN","IDNUM":"5520"}}]}